source1_entity_id	matched_entity_ids
S1-925783039	S2-157377754,S3-997698194,S2-517291332,S3-698172821
S1-180523534	
S1-68456921	S3-739042432,S3-876706788
S1-874413333	S2-991178073,S3-333517509,S2-985452730,S2-796218363
S1-124208550	
S1-122637196	S3-281041688,S2-85140658,S3-78839033
S1-280987053	
S1-562441786	
S1-545839168	S2-964500522
S1-549242522	S2-207037953,S3-980455785
S1-456709533	
S1-488537245	
S1-459070718	
S1-259948914	
S1-662196575	S2-971447203,S3-891046557
S1-684545756	
S1-763576282	S3-487737970,S2-956448395,S2-551282897
S1-983588293	S3-874694534,S3-677246544,S2-728557421,S2-989385786
S1-793615008	S2-875327982,S2-102911781,S3-154593156,S2-942337168
S1-933285852	S2-236395185,S2-387969810,S3-237571020,S3-585961152
S1-930259999	
S1-632767812	
S1-316246362	
S1-910195628	
S1-160619570	
S1-230549958	S3-904286941,S3-465395826,S2-531751331,S3-855327933
S1-296448605	S3-634280461
S1-559697713	S3-986125732
S1-904740875	S2-173727418,S3-10331562,S3-794559804
S1-566384097	
S1-448808180	S2-308978852,S3-137751821
S1-611958238	S2-466655331,S2-507136620
S1-361263438	
S1-185461178	S3-412874975,S2-179235709
S1-700641920	S2-577745491
S1-815285897	
S1-2169715	S3-907464095,S3-377971638,S3-720040227
S1-618544321	
S1-327377768	
S1-773761679	S2-848600885,S3-338994840
S1-337875611	S3-435627795,S2-239471608,S3-952782660
S1-713635209	
S1-644444933	S2-117867291,S3-968240470
S1-922050595	S3-353315181,S3-910167070,S2-513357559,S3-546233988
S1-663199736	S2-342048437
S1-615024355	
S1-7733888	S2-452140667,S2-422170520,S2-13400931
S1-753143220	S2-88511807,S3-258338213,S3-146274766
S1-237514166	S2-79434961,S3-215093760
S1-176478926	S3-897224625,S3-729716865,S3-697858532
S1-636319872	
S1-968882536	S2-845857016,S2-66210915,S2-648939294,S3-319804260
S1-60643856	S3-612001132,S3-910233908
S1-158683439	S3-753716065,S3-529838688,S3-656015137
S1-602222708	S3-841481339,S3-364147963,S2-673525208,S2-44358199
S1-681668060	
S1-929123025	
S1-212239498	S3-505432132,S2-668190502,S2-386604000
S1-830922354	S2-533628345,S3-882086110,S2-872602005,S2-872143762
S1-50405097	
S1-313047345	
S1-359602399	
S1-235949262	S2-188169459,S2-559006613
S1-132337315	S3-991790262
S1-39457179	S2-76549885,S3-66854894,S3-671353640
S1-431012980	S2-380683262
S1-975349315	
S1-709496398	S2-89661541,S2-156905660
S1-154665376	S2-640773267
S1-815445222	
S1-213277014	
S1-601781557	
S1-893019657	
S1-669418249	S2-130548839,S3-77397363,S2-996496598
S1-758228351	
S1-939208118	
S1-43612074	S2-156750250
S1-418788596	
S1-552849859	S2-418688651,S3-786341888,S3-420447129
S1-27364218	
S1-624457841	
S1-867883902	S2-588221175,S2-229715297,S2-455050713
S1-362773825	S2-373581831,S3-82732600
S1-31779681	S3-319961404,S2-972732864,S2-316089578,S3-346305578
S1-468927772	S3-528342241
S1-68396535	S2-649834667
S1-153612711	S3-673348067,S3-613580779,S3-871690602,S2-154365074
S1-525179045	S3-324929258,S2-843984025
S1-909603292	
S1-993146670	
S1-310543990	S2-16542612,S2-305073834,S3-279957559,S2-67795025
S1-36061067	
S1-636537066	S2-295242019,S3-409486457,S3-408084839,S2-911057291
S1-334412621	
S1-894634638	
S1-648549229	
S1-194541386	S2-62054878,S3-940319037,S3-866649625,S2-81755408
S1-780533754	
S1-961337553	
S1-742346343	S3-381065115,S2-577327345,S2-657537615,S2-155706508
S1-694290463	S2-226591610,S3-113571062,S2-259975326,S3-810369776
S1-653485707	S3-652952927
S1-700660514	
S1-980418304	
S1-913172650	S2-227577927,S3-376383653
S1-76273822	S3-353447876,S3-920286676,S3-853982386,S2-208731368
S1-53025148	
S1-725894856	
S1-278590250	S3-422877851,S2-681999185
S1-40490670	
S1-592699764	S3-199131693,S3-196688732,S2-606266839
S1-45370592	
S1-124409986	
S1-931251357	S3-296807006,S2-950074366,S2-467604972
S1-361053681	
S1-633498371	
S1-176141301	S3-68868224,S3-882578952,S3-215815343,S2-964830515
S1-312882843	
S1-945830911	
S1-949889145	
S1-391882394	S2-313980060,S2-236249801,S3-30560149,S3-352345803
S1-335882770	S2-820690995,S3-370286523
S1-907425215	
S1-217399179	S2-940032198,S2-980822692,S3-332923273,S3-693931957
S1-172380123	S3-892178770
S1-936155259	
S1-324029377	
S1-615726657	S2-552716689,S3-566107558
S1-68334966	S3-620174305,S3-539395355
S1-519233391	S2-874026373,S3-376717356
S1-963524492	S3-517264815,S2-120008379
S1-272675558	S3-883172030,S2-337933985,S3-612427635,S2-671514417
S1-64034905	
S1-642499595	
S1-562504412	
S1-804144697	
S1-802231154	S2-745129684,S3-301954100,S3-883200036
S1-459161863	S3-73693435,S3-110402962,S2-785430151
S1-121109864	
S1-598327086	S3-862210892,S3-406199488,S3-180922782,S2-192460051
S1-656357235	S3-973670636,S3-925488920,S3-158075544,S2-345630525
S1-496303379	S3-409585548,S3-620506573
S1-603705836	S3-819684171,S2-855613172
S1-691983436	
S1-337831781	S2-922472322
S1-114613500	S3-53629055,S2-263836740,S2-787963746,S3-271264124
S1-690926954	
S1-663863887	S2-976676551,S3-239523545,S3-408490856,S3-523797609
S1-877372387	S3-767732875,S2-899917288,S2-424182131,S3-445506598
S1-479736086	S3-953145545,S3-246823160,S2-802685435,S2-481631776
S1-927246417	S3-24639730,S2-929056866,S3-904947082,S2-184534313
S1-592847919	S3-116019675
S1-865571798	S3-297564471
S1-393626818	
S1-249425756	
S1-653922393	S3-533819945,S2-646314969
S1-821641660	
S1-53220229	S2-288851068,S3-654216198,S3-36876644,S3-619079741
S1-745546676	
S1-899855613	S2-447043921,S3-182531223
S1-526711333	
S1-155947988	S3-871858217
S1-732311836	S3-37571960,S3-230982513
S1-513881010	
S1-910217081	
S1-379766079	
S1-122521141	
S1-191183109	S3-707026105,S3-313540984,S3-221676940,S2-468631210
S1-350636592	
S1-856516592	
S1-862394606	
S1-397101313	S2-507373404,S3-703424569,S2-496652503,S3-548961873
S1-721853921	S2-24587528,S3-801031238
S1-73822497	
S1-42273623	
S1-506560458	
S1-10647393	S3-169594613,S3-471952582,S2-743224570,S2-533717044
S1-517847092	
S1-987425970	
S1-542084009	
S1-416175877	S3-750951580,S3-499320115,S2-953520877,S2-833837399
S1-991269205	S3-79974960,S2-86594344
S1-591419217	S3-206228453
S1-333634055	
S1-74686397	
S1-955464219	S3-14171415,S2-772314701,S3-696361939,S2-610175120
S1-833135962	
S1-308891870	
S1-650342153	S3-257899342,S3-108647425
S1-646171701	
S1-941826282	
S1-875776648	
S1-336893929	S2-337705331,S3-51731982,S3-440767360
S1-516946648	S2-713947133,S2-721679979,S3-427022581,S3-937560210
S1-897328727	S3-65097364,S3-616173890,S3-900095358
S1-312497517	S3-782079298,S2-242157015
S1-368673548	S2-418271801
S1-914095724	
S1-967646428	S3-19502540,S3-302632179,S2-218861787,S2-64281729
S1-989309925	
S1-349913416	S2-840901759
S1-906823004	S2-964571571,S3-78014906
S1-59411955	
S1-620413393	
S1-332803445	S2-527490373,S3-604938595,S2-527769185
S1-811489356	S3-517578068,S3-820275983,S2-803089578,S2-472819427
S1-146222269	
S1-194024460	S2-378177034,S3-248975720,S3-733020533,S3-540073331
S1-414999702	
S1-927122299	S2-168130271,S3-310604279
S1-767897271	
S1-333496521	S3-321654042,S3-817448427
S1-519025117	S2-450211071
S1-68264557	
S1-537789821	
S1-920079058	
S1-539195527	S3-550928790
S1-441366587	
S1-445212726	
S1-321144993	S3-785806980,S3-744721728,S3-696076770,S3-130606600
S1-962276733	
S1-686606677	
S1-405888909	S2-501867075,S3-476570987,S3-156940587,S2-936453603
S1-372445289	
S1-605609570	
S1-398259955	S3-321295943,S3-491918553,S2-162540966
S1-502154222	
S1-660526444	S2-442107347
S1-366652852	S2-280052366,S3-293167880
S1-708193055	S2-621213401,S2-599463942,S3-675752411,S2-380767712
S1-976586630	
S1-244165879	S3-101683681,S2-958191187,S2-435846677
S1-577171185	
S1-40938743	
S1-672714365	S2-295424398
S1-549043247	S3-875806438,S3-276452067,S3-668027027
S1-98113339	S2-292631645,S2-459915915,S3-511087141,S3-320408727
S1-244940240	S3-875258018
S1-886419902	S3-652704342,S3-285949650,S2-408597295,S2-690280992
S1-730252784	S2-97865169,S3-685344088,S3-586131077,S3-581808765
S1-824050825	S3-326125818
S1-754997364	S3-6743989,S2-237822186,S3-201601758
S1-599687414	S3-758311442
S1-900354920	
S1-177674451	S2-973059325,S2-531384764,S3-299225036,S3-655604616
S1-989279026	S3-997666296,S2-835152140
S1-869015982	S3-419331428
S1-367482288	S2-20932373,S2-346483143,S3-186815974
S1-791159642	S3-478854648,S2-491211559,S3-711589249,S2-743327329
S1-300437640	
S1-894345433	
S1-351942726	
S1-627143884	S3-674845822,S2-119309115
S1-306116515	S3-309535204
S1-550705667	S3-155642687
S1-273011400	S2-757342457,S2-250952831,S3-7953385
S1-384483467	
S1-136065309	S3-939361947
S1-216434072	S3-765635993,S3-824627554,S2-513272409,S2-287515070
S1-728661838	
S1-299110290	
S1-620109064	S3-323250405
S1-124750046	S3-593508649,S3-34104371
S1-585388027	
S1-18914634	S3-948545841,S2-456779101
S1-54363016	
S1-129243186	
S1-573567195	S2-194928827,S2-268892471
S1-733769091	S2-773475880,S2-724091279,S3-524176351,S3-79139372
S1-790302141	S2-747365012,S2-36406578
S1-37914697	S2-29180461,S2-532902713,S3-313755847,S3-566971205
S1-125444812	
S1-553317978	
S1-183778411	
S1-385370815	
S1-402653088	S2-707467362
S1-254777537	S3-252862286
S1-961549113	S3-506920406,S2-874449198,S2-693764694
S1-965111382	
S1-38122098	S3-818292400
S1-524923668	S2-994349424,S2-210590988,S2-640249318,S3-158674013
S1-302526676	S2-337994263,S3-333619306,S2-747801987
S1-884986331	S3-657077912,S3-718650434,S3-349907879,S2-798895591
S1-73096115	
S1-113508716	S2-58448935,S2-444710106
S1-631652954	S3-927150569,S3-768019815,S3-300456486,S2-194154456
S1-80676816	S2-924334209,S3-866675231
S1-311138807	
S1-264745267	S2-155249924,S3-359993662,S3-685051421
S1-599746349	S2-995729456,S2-363631909,S3-190746884,S2-982731628
S1-544791476	S3-84414833,S2-142845599
S1-419333256	
S1-803464282	
S1-11623361	S2-363370290,S2-625736535,S2-675884674
S1-474189442	S3-5196936,S2-802819700,S3-477839721
S1-30752253	
S1-894953569	S3-581426379
S1-139688452	
S1-668071425	
S1-805230355	
S1-630721668	
S1-766974954	
S1-381372493	S2-862743441,S3-844556966
S1-892061941	S3-38373312,S2-194494522
S1-135023291	
S1-578652444	S2-910438235,S2-193123971,S2-290154258,S3-735862209
S1-613331251	S2-745988477,S2-380028364,S2-407502899,S3-487133853
S1-899547494	S3-541962590,S2-718629340,S2-67975275,S2-698506728
S1-756393888	S3-287603939,S2-793215168,S2-817898871,S2-103427682
S1-675997667	S3-959078719,S3-112466466
S1-147882912	S3-880929787,S2-259765783,S3-721193012,S2-502334381
S1-820773071	
S1-214917710	S2-488978915
S1-38732506	S3-690088200,S3-505793388
S1-442428638	
S1-875657988	S2-193637902,S3-283939599
S1-182561802	
S1-654350749	S3-1866879
S1-51355752	
S1-176597130	
S1-534835812	
S1-827610999	
S1-227610242	S3-780249934,S3-947377352,S2-570035845
S1-176130648	
S1-578441757	S3-905201285,S2-793448908
S1-338113141	S3-368388222,S2-129335051,S3-605923223,S3-664783998
S1-75498147	S2-967877539
S1-318568936	
S1-582112437	
S1-969902718	S3-875518589,S3-222872281,S2-880282626,S2-510600575
S1-27115130	S3-858782296,S3-943304344
S1-502601304	S3-165688926,S2-476789382
S1-174597331	
S1-675693572	S3-752985534,S3-405828170,S2-949390741,S2-289079012
S1-659782223	
S1-547007187	
S1-49004594	S2-809168100,S3-976680283,S3-757864589,S3-276090262
S1-210561806	S2-825462909,S2-844579131,S3-375617157,S2-390798309
S1-260716369	S2-218223618,S3-511271347
S1-599528615	S3-989234197,S3-686501072,S3-333144701
S1-848628314	S2-92655767
S1-37687782	
S1-647319677	
S1-894402486	S3-897562104,S3-639228632
S1-260011881	
S1-62252010	
S1-504681183	S2-904463401,S2-372451405,S2-163420451,S3-936228903
S1-909591246	S2-251165787,S2-91392020,S3-915220400,S3-599007276
S1-723974136	S2-778601504,S3-816994168,S2-164225865
S1-3826357	S3-326048016,S2-161554284,S2-203471304
S1-659523303	
S1-166950454	S2-750950527,S2-650866827
S1-487919968	
S1-655949921	
S1-488116538	S3-434975695,S2-907369561
S1-243036753	S2-345776370
S1-666804846	S3-324974764,S2-142596842,S3-686662560,S3-494336918
S1-453003103	S2-192448419
S1-252480713	S3-942891298
S1-16902927	
S1-922116293	S3-928024793,S3-542865977,S2-271542992
S1-650277677	
S1-188574945	
S1-670305710	S3-524974871,S2-892615832
S1-634193465	S2-272670081
S1-446777092	S3-903044103,S2-454252713,S2-447692347
S1-903395925	S2-804595914,S3-566503660,S3-705314629,S3-62153944
S1-169116302	S3-583767983,S3-167358435
S1-266482522	S3-956218444,S3-789314720
S1-447755617	S3-943052631,S3-816765415,S2-796231765
S1-182863949	
S1-579995479	
S1-569070529	
S1-383498095	S2-806571033,S3-941394950,S3-47358364
S1-112964378	S2-670342235,S3-769335555
S1-888745222	
S1-397941896	S2-654671775,S3-240450318,S2-239784660,S2-98411896
S1-956975958	
S1-126389036	
S1-49145858	S3-528484668,S3-481616357
S1-854138990	S3-699958110,S3-774291186
S1-634179092	
S1-758157853	S2-208253561,S3-677222916,S2-309130385,S3-9570566
S1-658821768	
S1-620162779	
S1-862581228	S3-758890647,S3-248712488,S2-31571304
S1-419337971	S2-942255692,S3-343047329,S2-773520494,S2-732638139
S1-310907879	S3-396826764,S2-7228605,S2-689952226,S2-548784582
S1-45293136	S3-664424123,S2-509114568
S1-692697113	
S1-470708888	S3-17300821,S3-162421879,S2-852939996,S2-143942061
S1-119712887	
S1-973375623	S3-496323012,S3-17007058
S1-279097462	
S1-711228188	
S1-533488988	S3-157984514,S3-223109373
S1-613414135	S3-745068258,S3-159308590,S3-134120096,S3-348157361
S1-324188889	S2-341556739,S2-154349815,S3-587034561
S1-275970912	
S1-679161365	
S1-815583041	
S1-269355272	S3-504631095,S2-381728841,S3-727750314,S3-953658124
S1-363068602	S2-35730864,S3-460697153,S2-660504906
S1-681415764	S3-232353553,S3-547353606,S2-470764981,S3-88727059
S1-232958276	S2-211470638,S3-977617848,S3-649374927,S2-770093698
S1-488283805	
S1-564922222	S3-934860534,S3-770856317
S1-580103163	S3-874041669,S3-462103485,S2-88733727,S2-512140859
S1-265263494	
S1-90679697	S3-804687404
S1-131771819	S2-55150329
S1-754558389	
S1-302400043	S3-397733861,S3-187994676,S2-724180218,S2-868975847
S1-173100084	S3-104091764,S3-857047346,S2-251526010
S1-304191440	S3-519454734
S1-449747652	
S1-449306864	S3-535057563,S2-607008616,S2-635513056
S1-795128899	
S1-142797725	S2-279649238,S2-197756104,S3-691607229,S2-433338130
S1-116851782	S2-401447065,S3-50235683,S2-78299252
S1-297669131	
S1-306861365	S3-183207421,S2-939467663,S2-906612532,S2-387150004
S1-703161239	S3-698622309,S2-592660295,S2-534681630,S3-70173348
S1-552113185	S3-801667837,S2-909369786,S2-698930048
S1-285172477	S3-659830829,S3-879919598,S2-944339407
S1-349836649	
S1-764408725	
S1-351567210	S3-414873700,S3-451343548
S1-630640666	S2-404987694
S1-364920144	S2-315792070,S2-926954944
S1-847669287	S2-522798168
S1-438879719	S3-93130203,S3-735086601,S3-248852274,S2-525076494
S1-975665993	
S1-503554602	
S1-164621419	
S1-25233441	
S1-687666494	S2-497509337,S3-624270962
S1-711847585	S3-521098702
S1-668119973	S3-923518080,S2-493879811
S1-669376000	S2-104374844,S2-973261853,S2-638834763
S1-493775137	S3-975061022,S2-273612576
S1-984855656	S2-482760985,S2-612463850,S3-848406629
S1-560533969	S2-312387799,S3-631545415
S1-829203854	S3-624561307,S3-878921266,S2-385241730
S1-852115091	S3-800954962,S2-250184170,S2-22378524,S2-225317106
S1-633337503	S2-513077269,S2-598820388
S1-378598985	
S1-30317761	S2-281234273
S1-148155931	S2-131902798,S2-119621888,S3-278676032,S2-517035590
S1-681462078	S3-281546790
S1-913860291	
S1-414763617	
S1-300101810	S2-59524679,S3-150228358
S1-345224122	S3-217668938,S3-608585813,S3-169696898
S1-528892292	
S1-48826204	
S1-140331427	S3-411027260,S3-228425627,S2-854652834,S3-796833227
S1-70794089	
S1-926796247	S3-499475811,S3-78062373
S1-271757569	S2-234430260,S3-161680706,S2-660759933
S1-684801925	S3-449463414,S3-301405383,S2-188074700
S1-177887461	S2-132834744,S3-171026534
S1-997649360	
S1-608889952	
S1-242116380	
S1-43430948	S2-44306249,S2-956207166
S1-225128427	S2-175383450,S3-3405431,S3-516291666,S3-273280366
S1-808463898	
S1-278837688	S3-225865988,S3-745480727
S1-845971732	
S1-426216562	S2-744400191,S3-738260695,S3-399344444
S1-715599444	S2-389836619,S2-309520881
S1-680365063	S3-681151835
S1-23002398	
S1-843161963	S2-887060272,S3-473360917,S2-768485885,S3-414873616
S1-466941773	S3-56975222,S3-110965636
S1-15628292	S3-85425375,S3-761276067,S2-593467113,S2-504844545
S1-573229918	
S1-925477927	S2-450680735,S2-806720308
S1-388668203	S3-633729374,S3-570292205
S1-8180486	
S1-284492858	S3-417388437,S3-436402787
S1-777338134	S2-556888225
S1-823029316	
S1-424680155	S3-174892977,S2-765925568,S2-385290108,S2-182136457
S1-185139271	
S1-999153612	S2-46023863,S3-993555154,S3-565786177,S2-265728897
S1-179678460	S2-889113137
S1-633392886	S3-257596273,S2-186619898
S1-827146226	
S1-266164397	S3-646289315,S3-212589641,S3-172357617
S1-437233088	S2-262518968,S2-311091595
S1-925721921	S2-278482754,S2-604584218
S1-427379965	S3-892348328
S1-75847545	
S1-191343691	
S1-839000843	S2-142843750,S2-43171933
S1-802859049	S3-771268346,S3-545714092,S2-730965944,S2-94190118
S1-800433453	
S1-804790176	
S1-718709257	
S1-86054816	S2-406123638,S3-688117475,S3-167798558,S2-616540932
S1-187167143	
S1-25752629	
S1-520918890	S2-965196941,S3-882189405
S1-603775684	
S1-805046900	
S1-323859337	
S1-410384189	
S1-720382927	S3-552107899
S1-35981045	S3-220012136,S2-193885737
S1-240830015	S2-50502990,S3-105318867
S1-885533636	S2-732532394,S2-314374181
S1-602660990	S2-457626221,S2-270334222
S1-674328781	
S1-347293811	
S1-539356823	
S1-366195992	S2-682288775,S2-287435582
S1-330011131	
S1-571557105	S3-810954465,S3-573792547,S2-232674036
S1-318489655	
S1-248268246	S2-577534852,S3-605302117
S1-820243977	
S1-981586107	
S1-115768326	
S1-404120456	S3-989769837,S3-923574176,S3-920796098,S2-483664984
S1-50679163	S3-92019560,S3-62295964,S2-983403236,S2-352049042
S1-426177696	
S1-264135174	
S1-942109443	S2-748672875,S2-111226143,S2-82420159,S3-447098717
S1-905284748	S3-798570385
S1-394980630	S3-306834722,S2-103133446
S1-982393401	
S1-943233461	
S1-768445937	S2-131005451,S3-565702475,S3-56707286
S1-887371257	
S1-170228828	
S1-108482654	
S1-292017266	
S1-903932940	S2-916592441,S3-318383108
S1-603030959	S2-812134749,S3-259853921,S2-747531839,S3-759281745
S1-604864425	S2-255576733,S2-244019339,S3-332101848,S2-392021283
S1-525365908	
S1-580879238	
S1-737452900	S3-663400964,S3-394609903,S3-88542081,S2-774679782
S1-757517302	S3-758311442
S1-389277132	S2-632893501,S3-983382825
S1-487134265	S2-640574585
S1-661534812	S2-184698283,S3-615801905
S1-918963435	S2-626649085,S3-956359334,S3-985844416,S2-811038509
S1-523364029	
S1-299352164	S3-86318238
S1-205234364	
S1-348829038	S3-694326106
S1-982310885	S3-709408422,S2-124537263,S3-915274896
S1-250752191	S3-392020937,S3-136581910,S3-107554951,S2-954519873
S1-282266259	S3-995512316,S3-5800639,S2-479388641
S1-394105684	S2-895600604,S2-446358106,S3-656841343,S2-668427211
S1-767583100	
S1-959963703	S2-878571710,S2-631619439,S2-6277210
S1-283045710	
S1-411699375	S3-640291438,S3-375390084
S1-574333023	
S1-238156660	S2-585214675,S2-890726234,S3-455840616,S3-337105928
S1-680569704	
S1-417894367	S3-19397993,S3-534529439,S2-535100609,S3-258700409
S1-663275782	S2-176309424,S2-556497322,S2-281446948,S3-859096905
S1-800686839	
S1-792116791	
S1-749399785	S3-765679610,S2-551764016
S1-140787527	
S1-537511851	S2-773153923,S3-948373935
S1-972584699	
S1-888400516	S3-231629196,S2-855696761,S2-660997962,S3-28040940
S1-350697007	
S1-133165043	
S1-27540934	S3-624878041
S1-486151874	S2-465185687,S3-457745585,S3-183936118,S3-685181851
S1-557036976	S2-824399764,S2-937319152,S3-838202317,S3-21936664
S1-711836231	
S1-433183322	
S1-626041868	S3-919150170,S2-397578100,S3-298606382,S3-171502017
S1-476955207	S2-7566950,S3-789775319,S2-124302100,S2-972516303
S1-378212080	
S1-996415888	S3-130789241,S3-820545758,S3-602143499
S1-604833860	
S1-19281705	
S1-877502602	S2-669823247,S3-171480693
S1-354889538	S3-785969699,S2-631087818
S1-35522859	S3-431173836
S1-563115662	S3-790458836,S2-229697670
S1-77155375	S3-788778160,S2-838801290,S3-649312725,S3-826470499
S1-391999301	S3-99519749,S2-339356009
S1-19206997	
S1-925871905	S3-956343314,S3-18228510
S1-39145092	S3-287639099
S1-671932613	S3-709098909,S3-372163052,S3-121182121,S2-728171685
S1-722607819	
S1-718580233	S2-693699608,S2-424869286,S3-170694070,S3-766476765
S1-154181427	
S1-722502365	
S1-643438470	S2-966402212,S2-401297465,S3-547153930
S1-713616593	S3-251358465,S2-849790826
S1-270091880	S2-944536856,S2-737810594
S1-244407677	S2-612139479,S2-438305251
S1-252653663	
S1-515598965	
S1-776651593	S3-7633271,S3-876362584,S3-67453288,S3-198225174
S1-606433401	
S1-719470453	S2-236148322
S1-196976150	S3-883338692,S3-152128211,S2-838907347
S1-573041512	S2-577701980
S1-864925951	S2-743649154,S3-102585153
S1-660217374	S3-174049931,S3-96513747,S3-735574785
S1-382417331	S3-849256985,S3-686700918,S2-958522786
S1-658873312	S3-158018217
S1-20014855	
S1-460771503	S2-268802366,S3-426031271,S3-341290992,S3-451589522
S1-872222727	S2-440043250,S3-29731154
S1-637859981	S2-851555860,S2-790421981,S3-175086610
S1-373728715	
S1-575018376	
S1-962711858	S2-413287195,S3-918434814,S2-477629116
S1-316454513	S2-645398529,S3-335189051
S1-597891065	
S1-454433256	S3-962885030,S3-781804300,S3-552764141,S2-101346404
S1-481944266	S3-757722261,S2-548751384,S3-773318978,S3-225646116
S1-781975526	S2-30089932
S1-194401669	S3-742857760,S3-57210940,S2-909828829,S3-768808887
S1-719956835	S3-110040645,S2-434133892,S2-763267537
S1-813575929	
S1-462962351	
S1-458572906	
S1-145600569	S3-182704562
S1-103725793	S3-491401346,S2-532781045
S1-681078555	S2-841542900,S3-143356406,S2-522646012
S1-338301800	S3-700330611,S3-505717905,S3-455520549,S3-567138990
S1-45264242	S2-867095528,S3-256716271,S3-841139318
S1-919266295	
S1-860468109	
S1-135565572	
S1-409903389	S3-865654253,S3-25987313,S2-653445259,S2-627603932
S1-367713134	S2-862859634
S1-879979110	S3-951440576,S3-920076781
S1-365934490	
S1-921525122	S3-628083496,S2-331830769,S3-589859929,S3-511999314
S1-689478867	
S1-594434756	S3-950085638,S3-137784496,S3-495266117,S2-688799942
S1-67771729	S2-87586182,S2-750268401,S3-836477891,S3-506022987
S1-433725393	S2-95175153,S2-898119706,S3-300979299
S1-847402313	
S1-898632391	S2-645004579,S2-76337961,S3-416519770,S2-408737260
S1-942333508	
S1-326200391	
S1-104563377	S2-68895769
S1-138705800	S2-709768195,S3-951662475,S3-885749797,S2-873476828
S1-716207046	
S1-761643375	
S1-359137024	S3-579657975,S3-120892929,S2-653225812,S3-678130753
S1-761554039	
S1-287493010	S2-91216609,S3-697806454,S3-481691958
S1-535527352	
S1-794042638	
S1-102472959	S3-18475874,S2-308942961
S1-606510061	
S1-985766887	
S1-874718854	S2-287240949,S3-222454569
S1-684818601	S2-398086194,S2-521091219
S1-213904841	S2-407848295,S2-498136474,S2-854535644,S3-666284919
S1-222098264	
S1-238638411	S2-203613667,S3-114608895
S1-133114918	
S1-592793539	S3-666463731,S2-193896957
S1-987664887	
S1-47177054	S2-951953355,S3-263720678,S2-675896366,S2-101071823
S1-449068322	S3-41473125,S3-373016201,S2-498516076,S2-914102778
S1-149550197	S3-713470299
S1-755235775	S3-319347610,S2-758990946,S2-935390605,S2-920138892
S1-692498150	
S1-152733846	
S1-931535539	S3-318316666,S3-191798877,S3-14374954
S1-108649996	S3-172750065,S3-956417123
S1-282834186	S2-945432163
S1-288738846	
S1-892558161	S2-527610275
S1-886351944	
S1-259898560	
S1-174310228	S3-184388142
S1-793612756	S2-623620469,S3-531328984,S2-341884150
S1-213142915	
S1-268730590	S2-166803794,S2-101790119,S3-709210735,S3-284879468
S1-755563942	
S1-829383878	S3-413557944,S2-4157581,S2-803444247,S2-964415141
S1-290377575	S2-901517519,S3-406790766,S3-957288613,S3-596760546
S1-938763613	S2-732014881,S2-905743091,S2-445202933,S3-835823745
S1-557474532	
S1-278618532	S3-288411855
S1-455917776	S2-234643630,S2-686688007,S3-450805897
S1-458496858	
S1-899751180	
S1-28343202	S2-678780754,S3-414142681
S1-449085295	S2-631119466,S2-396526752,S3-588633973,S2-707467362
S1-787549011	S2-268510551,S2-198826958,S2-155973631
S1-99448146	S3-627942657
S1-929059479	
S1-703247553	
S1-805752805	S3-322638816
S1-336585481	
S1-985260138	S3-430344530,S2-321534516,S2-85007207,S2-946616451
S1-97476390	S3-605899920,S3-782736052,S2-629009829,S3-445351180
S1-46670874	
S1-626216332	S2-800494630,S2-849344460,S2-400823754,S3-379206596
S1-413469263	S2-452083606,S2-277212950
S1-54244768	
S1-280637859	
S1-129754077	
S1-976545170	
S1-135906806	
S1-985393674	S3-467739209,S3-798818939,S2-287852428,S2-259633218
S1-355143067	
S1-817445941	S2-63387930,S3-726155365,S3-241447418,S2-478295168
S1-56194710	
S1-510328076	S3-762519335,S3-48600900,S2-661417906,S2-648530205
S1-968176463	
S1-530749574	S3-161768402,S3-328384874,S2-260446178,S3-579984102
S1-467013821	S2-772689542,S2-948535110
S1-993489601	S3-460164950,S3-40524115
S1-839273283	
S1-108571003	
S1-827965399	S3-895726529,S2-7038283,S3-226794635,S3-188045538
S1-427820279	S3-633078645,S2-701477528
S1-883425739	S2-868628636,S3-595822236
S1-76237089	S3-265636999,S2-683757562,S2-919021865,S3-239017907
S1-830689467	
S1-477898461	
S1-470089958	
S1-119811850	S3-320821876,S2-964517425
S1-88254133	
S1-436228340	
S1-704105695	S2-131830193,S3-670843792
S1-305601842	S2-683219912,S3-771861902
S1-595757734	S3-834120072,S3-102775415,S3-673154207,S2-824687275
S1-750442518	
S1-882105503	
S1-28086566	S2-670158718,S3-900617064,S3-636911559,S3-292838392
S1-538976257	
S1-640622038	
S1-979970707	
S1-602895631	S3-272301432,S2-863517909,S2-79226932
S1-844635908	S2-212109853,S3-388807258,S3-828554061
S1-290090797	S2-976112657,S3-258250733,S3-574700164
S1-56670841	S2-899038916,S2-71754595
S1-732156471	S3-179206854,S2-882828905
S1-236394172	S3-756472465,S3-578143206
S1-401832800	S3-117438538,S3-249100607,S2-340828357,S3-239819562
S1-369902813	
S1-63511374	
S1-136418002	
S1-598368652	S3-695295541,S2-547860522
S1-377779595	
S1-395339959	
S1-404919039	
S1-361604460	S3-303575478
S1-385786703	S3-677847766,S3-255271937
S1-313407001	S3-907875880,S3-149810745,S3-227680136,S2-902563567
S1-579002667	
S1-106417419	S3-885152923
S1-761195616	
S1-796049922	
S1-253253627	
S1-710597536	
S1-838258985	
S1-108579175	S2-279164570,S3-481567650
S1-776876985	S3-9720306,S3-739081557
S1-187565012	
S1-671518859	
S1-67576489	S2-915200177,S2-542778637,S3-665149732
S1-33575526	S3-514281666
S1-250467165	S3-537077069
S1-848525624	
S1-990694461	S2-847807752,S2-597151247,S3-654037499
S1-718830548	
S1-852167109	
S1-101908346	
S1-476418	
S1-474867665	S3-761968763,S2-758426970,S2-395282356
S1-180203548	
S1-885083975	S2-268130420,S3-136449456
S1-730780091	
S1-846798332	S3-821274772,S2-528278934
S1-631565545	
S1-114636585	S3-658455228
S1-353020204	S2-482586584,S3-740655592,S2-403125820,S3-701336150
S1-299872918	S2-740883928,S2-429209164,S3-539369660
S1-191025353	S2-921824175,S2-890174,S3-232830177,S2-756711369
S1-601081297	
S1-930393071	S3-98997032,S2-357530781,S2-947440429,S3-263668631
S1-755051718	S2-967170794,S2-866084367,S2-31287591,S3-85287295
S1-290194287	
S1-866114460	S3-42238750,S3-430483723,S3-613469097,S2-417398298
S1-53422754	S3-545067124,S3-426972793,S2-230946656,S2-978795898
S1-792444196	S3-456210271,S3-160300989,S3-516553866
S1-318161552	S3-679173196
S1-329390184	
S1-35993830	S3-725738684,S2-475856150,S3-101504560,S3-931962596
S1-259240723	
S1-757805497	S3-228133436,S2-858273008,S2-75940790
S1-114075235	
S1-778062243	
S1-284803153	
S1-554860004	
S1-199464762	S2-354756926,S3-489309224
S1-664818369	S2-958756180,S3-622852424,S2-586019549,S2-549498543
S1-3104301	S3-304403395,S2-525349489,S3-394292605,S2-163356059
S1-169999683	
S1-731120417	
S1-157677381	S3-898298488,S2-396279411,S3-602809877,S2-64130820
S1-220190729	S2-866151796,S2-681359800
S1-174191626	S2-494172014,S3-864017173
S1-341925201	
S1-652188189	S3-411880627,S2-421205584,S2-463636727,S3-167222613
S1-753369194	S3-867447234,S3-544247761,S2-365193359,S2-148630481
S1-439332068	S3-93274541,S3-614808113,S2-951944025,S2-118749202
S1-558263297	S2-754408079,S3-963609621
S1-963406942	
S1-429271087	S2-324453799,S3-298817947
S1-669027562	
S1-458454681	S2-248134587,S2-411133257,S2-445080254,S3-291945066
S1-273565928	S2-416420048,S3-421524428
S1-947019762	
S1-795018561	S3-994431522,S3-116057615,S2-725353022
S1-96554904	
S1-590166471	S2-370169069,S3-162630863,S3-709854000
S1-922556153	
S1-788111975	S3-709265213,S2-991047706,S2-580648504
S1-334854300	
S1-242110008	S2-137737630,S3-810966138,S3-107911711,S2-734584357
S1-628572960	
S1-99091753	
S1-962122425	
S1-651771232	
S1-830440769	S2-649526420,S2-585364861,S3-959079512,S3-999992495
S1-950086948	
S1-445371731	S2-540966738,S3-379706390
S1-955633557	S2-631388756,S2-85346894
S1-185071829	
S1-150331298	S3-132540785,S3-837509008,S3-644167034
S1-604293731	S3-400820231
S1-249158178	S3-31589131,S2-713009333,S3-742488969,S2-877194848
S1-339691169	S2-994969365,S2-690564239,S3-637510977,S2-742590751
S1-36079472	S2-928956575,S2-329044008
S1-572405170	
S1-341619085	
S1-305240278	
S1-95878265	S2-142026821,S3-742855702
S1-142735138	S3-748593779
S1-411160158	
S1-112077307	
S1-739926377	
S1-471145502	S2-392007400,S2-570261516,S2-476089840
S1-670624996	S3-957756328,S2-312073965,S3-957564663
S1-77998223	S3-242899845
S1-941610277	
S1-602161635	S2-405627689,S2-316254050,S3-836694717
S1-425300746	
S1-17738806	
S1-809685074	
S1-109348311	S2-562657486
S1-635394856	S3-805656042,S3-552107899
S1-138611267	
S1-933083719	S3-347524123
S1-874078696	S2-110598736,S3-357658259,S2-235700382,S2-109174063
S1-165160987	S3-47214093,S3-131259320,S2-379057457
S1-245946212	S2-954600542,S3-534999399,S3-156238248,S2-354614842
S1-500599632	S3-934521067,S3-521050376
S1-572371748	
S1-37858292	S2-934876706,S3-30066937,S3-372207931
S1-187263719	
S1-553285282	S2-37439486,S3-875576459
S1-398298775	
S1-593044047	S3-34754675
S1-783520483	S2-638543239,S2-536745135,S3-187174387
S1-625754177	
S1-266290951	
S1-870895494	S3-147008150,S2-39200752,S3-329023539,S3-390541310
S1-496296643	S2-862904356,S3-267193245,S2-769238889
S1-151382537	
S1-166799591	S3-473906647,S3-301856068,S3-969660496,S2-801810587
S1-30243563	S2-334863,S3-854048815,S3-726868821,S2-483659977
S1-28846217	S2-184161748,S3-363606136,S3-6337635,S2-182921997
S1-46990920	
S1-968422536	S2-404897131,S2-548599725,S3-540151598
S1-206222028	S2-931487131,S3-511794018,S2-135532974,S2-239444564
S1-872404735	S2-751375445,S2-497601957,S3-79721141
S1-977832261	
S1-947892619	
S1-671408710	
S1-534484730	S2-7054714,S2-608705100,S3-190404521,S3-415498600
S1-859317774	S3-915679617,S2-63490954
S1-995572495	
S1-148855653	S3-868915520,S3-18487041,S3-410711857
S1-881611158	S2-490191243,S3-651738179,S3-143268596,S3-431722712
S1-625243550	S3-944776442,S3-753767297
S1-664443604	
S1-298708181	
S1-874365756	S3-245115444,S2-201277239
S1-975503548	S3-115825221,S2-620591619
S1-375068259	S2-786241360,S2-590240690,S3-496600836
S1-711568743	S3-84857237,S2-98992378,S2-993772210,S2-134102540
S1-350219328	
S1-705830007	S3-960773436,S2-39297360,S3-519692487
S1-465115168	S2-534281124,S3-890708174,S3-679729020
S1-298936281	S2-383514463,S3-32516236,S3-758196616
S1-449369792	S2-759154579,S2-962180279
S1-750411257	S3-721280248,S3-842853691
S1-508565040	
S1-275123611	S2-269606932
S1-78698456	
S1-377888464	S3-5418160
S1-909744994	
S1-523368454	
S1-61386243	
S1-640105526	S2-205280069,S3-392078612,S3-121979588,S3-851606776
S1-803197166	
S1-373082718	
S1-946594996	
S1-314876435	S2-716173244,S2-136323362,S3-187225053,S2-944698102
S1-187574837	S2-973241678
S1-304233700	S2-279600777
S1-236966687	S2-558102426,S3-867100463,S2-996969144,S3-833171875
S1-118978992	S3-18314882,S3-385403349,S3-791322720,S2-462454169
S1-715728711	
S1-455737358	S2-942553830,S2-772743321
S1-4947779	
S1-209827916	S2-629063354,S2-297844478,S3-285785425
S1-811510967	
S1-577701639	
S1-309971249	
S1-246618762	
S1-367771054	
S1-117056911	
S1-660707423	
S1-85210897	
S1-815025820	
S1-742743108	
S1-3775652	
S1-306360515	
S1-941680422	
S1-487180752	
S1-102120310	
S1-909039820	
S1-397520126	
S1-63259774	
S1-360010716	
S1-470870207	
S1-408896977	
S1-92502000	
S1-157497055	
S1-252075252	
S1-946024496	
S1-877805346	
S1-487652257	
S1-920055132	
S1-289828854	
S1-773418800	
S1-455349405	
S1-865608712	
S1-894467787	
S1-541012821	
S1-364278625	
S1-735202574	
S1-77374624	
S1-125094525	
S1-100172510	
S1-65626628	
S1-778881245	
S1-677358632	
S1-394209779	
S1-386525692	
S1-772367234	
S1-755713120	
S1-4484697	
S1-144062989	
S1-171294380	
S1-529844262	
S1-531674523	
S1-799077940	
S1-498277224	
S1-892215406	
S1-470253994	
S1-955731579	
S1-489817305	
S1-393432530	S2-319288018
S1-192373073	
S1-211651577	
S1-72533913	
S1-327254114	
S1-401093027	
S1-349125033	
S1-861589934	
S1-766914818	
S1-701555595	
S1-294711074	
S1-328947036	
S1-901811229	
S1-378470386	
S1-751917774	
S1-938660764	
S1-827189762	
S1-251794867	
S1-544394734	
S1-570955969	
S1-625446096	
S1-501182289	
S1-502990046	
S1-653633287	
S1-395776482	
S1-590080034	
S1-162037976	
S1-693290060	
S1-192247023	
S1-27813324	
S1-91203633	
S1-446943914	
S1-595605199	
S1-613150377	
S1-707416354	
S1-159544699	
S1-225403766	S3-758311442
S1-606916616	
S1-530420810	
S1-926368518	
S1-120828077	
S1-94140365	
S1-361882432	
S1-75809435	S2-185220019
S1-38234788	
S1-798327899	
S1-561842771	
S1-727677943	
S1-22969220	
S1-242821553	
S1-576188316	
S1-507676832	
S1-616328499	
S1-665785138	
S1-971683345	
S1-380837070	
S1-511863452	
S1-589595998	
S1-508486634	
S1-189143417	
S1-991855095	
S1-560477494	
S1-810895720	
S1-346929118	
S1-105873344	
S1-823610698	
S1-583778633	
S1-12025275	
S1-835824595	
S1-236059324	
S1-255832249	
S1-625865992	
S1-208066291	
S1-724256332	
S1-629036279	
S1-832891629	
S1-342168469	
S1-321438232	
S1-234789424	
S1-330018001	
S1-118320440	
S1-671586681	
S1-601817170	
S1-116135715	
S1-785751001	
S1-795756553	
S1-859125799	
S1-450100978	
S1-804140546	
S1-319141543	
S1-290966770	
S1-494314437	
S1-432486751	
S1-496945280	
S1-559876676	
S1-618703528	
S1-798193711	
S1-452244047	
S1-531399130	
S1-196097023	
S1-416799836	
S1-324664108	
S1-831229371	
S1-960008350	
S1-848852041	
S1-177456533	
S1-987116071	
S1-138405377	
S1-469260350	
S1-99226823	
S1-206960885	
S1-297689281	
S1-665238345	
S1-512519802	
S1-884696761	
S1-270238034	
S1-631746977	
S1-591665198	
S1-815067232	
S1-665803307	
S1-292649689	
S1-885095675	
S1-887612827	
S1-280484695	
S1-67261628	
S1-862093695	
S1-711788126	
S1-585398934	
S1-942590387	
S1-725374406	
S1-807245412	
S1-121520153	
S1-977879981	
S1-343956595	
S1-824724855	
S1-43193480	
S1-480936816	
S1-987867364	
S1-86908274	
S1-202178976	
S1-116831947	
S1-614361857	
S1-410701476	
S1-648592929	
S1-881829169	
S1-894956687	
S1-56219603	
S1-629659454	
S1-50697295	
S1-333088458	
S1-797857523	
S1-971287056	
S1-703708050	
S1-697146412	
S1-109563751	
S1-899409256	
S1-986352368	
S1-49709867	
S1-953055422	
S1-421289005	
S1-855942746	
S1-645998079	
S1-995226929	
S1-556947881	
S1-754010952	
S1-733097984	
S1-926116151	
S1-93083747	
S1-117500031	
S1-365204531	
S1-28364999	
S1-344076433	
S1-571626394	
S1-948784269	
S1-815440829	
S1-99623683	
S1-183592708	
S1-898979700	
S1-523075552	
S1-79583318	
S1-97962236	
S1-91445413	
S1-791176254	
S1-829153845	
S1-761790102	
S1-729032305	
S1-340651744	
S1-866813594	
S1-942584485	
S1-9546112	
S1-664369179	
S1-406924765	
S1-733865956	
S1-713535696	
S1-688663286	
S1-376850763	
S1-631320914	
S1-747245274	
S1-45938312	
S1-119341563	
S1-778624489	
S1-349942561	
S1-332817648	
S1-67237691	
S1-236068945	
S1-939853625	
S1-844916348	
S1-830964686	
S1-858151793	
S1-371902249	
S1-227181885	S2-391748438
S1-760206250	
S1-959674451	
S1-130130410	
S1-253071006	
S1-999178930	
S1-952156440	
S1-104730321	
S1-919120537	
S1-684036228	
S1-171777690	
S1-871480353	
S1-988912018	
S1-163137293	
S1-341048118	
S1-218002401	
S1-323075580	
S1-262770452	
S1-287699708	
S1-627762544	
S1-359394840	
S1-24927956	
S1-903148071	
S1-810842767	
S1-619860785	
S1-114096683	
S1-842646599	
S1-26462775	
S1-72268661	
S1-63440658	
S1-827267049	
S1-241899727	
S1-629801203	
S1-745904047	
S1-140605392	
S1-228803468	
S1-290172072	
S1-260836878	
S1-307237322	
S1-413375215	
S1-87099596	
S1-135935629	
S1-659932965	
S1-327370768	
S1-155428835	
S1-514263885	
S1-735261768	
S1-437482367	
S1-747872325	
S1-738535886	
S1-761100551	
S1-807923909	
S1-608590771	
S1-938775156	
S1-918434416	
S1-184794725	
S1-558220346	
S1-763195933	
S1-362643796	
S1-734349502	
S1-559397546	
S1-436941976	
S1-929679850	
S1-248838500	
S1-61811757	
S1-273687293	
S1-87278431	
S1-196578854	
S1-86232736	
S1-179039599	
S1-527406142	
S1-726402053	
S1-465013858	
S1-955100265	
S1-232165020	
S1-579954604	
S1-288266750	
S1-308515259	
S1-882214665	
S1-148419802	
S1-481927230	
S1-415068465	
S1-200994478	
S1-678563949	
S1-334587457	
S1-982736048	
S1-771913366	
S1-809363559	
S1-295598404	
S1-361333986	
S1-403542285	
S1-852652153	
S1-111987132	
S1-752842371	
S1-304706699	
S1-437984710	
S1-430486264	
S1-901210153	
S1-194955748	
S1-369058465	
S1-117240365	
S1-168758439	
S1-37415272	
S1-329571184	
S1-352754455	
S1-603367794	
S1-588117801	
S1-233248436	
S1-71846920	
S1-444962215	
S1-391421060	
S1-432469786	
S1-696206055	
S1-581442542	
S1-493331388	
S1-514615397	
S1-715236499	
S1-621161538	
S1-808053391	
S1-97005839	
S1-864226107	
S1-697256264	
S1-954419923	
S1-261773676	
S1-345806596	
S1-280086297	
S1-560365825	
S1-384439714	
S1-147852185	
S1-953625046	
S1-733101088	
S1-110912370	
S1-247501080	
S1-455517368	
S1-191511732	
S1-576034985	
S1-150994763	
S1-78091844	
S1-999164451	
S1-72936793	
S1-893165350	
S1-149438019	
S1-423192964	
S1-702868476	
S1-162352761	
S1-682186084	
S1-809669732	
S1-148805691	
S1-837187927	
S1-751509308	
S1-559075383	
S1-789426544	
S1-818417018	
S1-372903225	
S1-173140187	
S1-487499867	
S1-814130985	
S1-432053196	
S1-911582923	
S1-129578650	
S1-562664366	
S1-59117135	
S1-554207433	
S1-307708702	
S1-278001683	
S1-295349917	S2-148011633
S1-956282931	
S1-620889213	
S1-663029727	S2-609814452
S1-740325507	
S1-947249534	
S1-860925460	
S1-952477654	
S1-524816653	
S1-616670538	
S1-189342097	
S1-11485672	
S1-60789966	
S1-153278601	
S1-386432170	
S1-951106178	
S1-395211312	
S1-956615090	
S1-883070135	
S1-705778030	
S1-526160534	
S1-65415753	
S1-738639763	
S1-998483908	
S1-988857837	
S1-712898583	
S1-21231163	
S1-561307811	
S1-367723027	
S1-521136533	
S1-67250552	
S1-346815024	
S1-770936917	
S1-517636798	
S1-679712193	
S1-945849874	
S1-181449996	
S1-293436673	
S1-70307140	
S1-78497462	
S1-837325644	
S1-641097414	
S1-116565041	
S1-841679097	
S1-297806600	
S1-587645790	
S1-102881886	
S1-609676084	
S1-6496973	
S1-708080504	
S1-568429304	
S1-38349061	
S1-371410636	
S1-635651535	
S1-341239455	
S1-987224850	
S1-561835092	
S1-34225404	
S1-966660743	
S1-278014876	
S1-368412739	
S1-599339337	
S1-750407243	
S1-894962017	
S1-828422595	
S1-578371188	
S1-448698387	
S1-845851721	
S1-708245162	
S1-477864534	
S1-245353747	
S1-665331349	
S1-319855131	
S1-518211420	
S1-192653906	
S1-779057217	
S1-674626895	
S1-960249847	
S1-903253210	
S1-357129673	
S1-762537069	
S1-556740549	
S1-185249862	
S1-766018436	
S1-900029665	
S1-202303200	
S1-580162110	
S1-634365383	
S1-648592067	
S1-685365609	
S1-947334503	
S1-260578993	
S1-239070338	
S1-357548015	
S1-772250099	
S1-6854002	
S1-964540603	
S1-720339053	
S1-422854794	
S1-645542849	
S1-914114321	
S1-503802389	
S1-598063315	
S1-915436195	
S1-740252294	
S1-803676246	
S1-442641225	
S1-511111898	
S1-533784843	
S1-645041200	
S1-149806499	
S1-26364690	
S1-657477852	
S1-463294488	
S1-39082492	
S1-402744932	
S1-211252202	
S1-182916467	
S1-544559999	
S1-453655788	
S1-411129053	
S1-470341846	
S1-983709987	
S1-379931487	
S1-7068819	
S1-374922063	
S1-362618530	
S1-780569814	
S1-319225566	
S1-52684162	
S1-801707496	
S1-413090473	
S1-295053518	
S1-922480201	
S1-6166448	
S1-581866062	
S1-636205942	
S1-405931809	
S1-5190706	
S1-451853714	
S1-666563909	
S1-676311882	
S1-121766532	S3-931223842
S1-515182505	
S1-11344352	
S1-389215854	
S1-851477071	
S1-714231428	
S1-934379131	
S1-879522483	
S1-148848342	
S1-335166392	
S1-681201139	
S1-554097475	
S1-976019182	
S1-393143720	
S1-937623158	
S1-47140755	
S1-953277006	
S1-992143437	
S1-76292370	
S1-577130073	
S1-870099129	
S1-908845101	
S1-49820739	
S1-632494758	
S1-699759333	
S1-111298420	
S1-249810718	
S1-42329067	
S1-288883244	
S1-670686291	S3-651082826
S1-132726348	
S1-348931492	
S1-282591876	
S1-139115196	
S1-302901840	S2-79192658
S1-719429419	
S1-961860733	
S1-654941645	
S1-439587608	
S1-956909469	
S1-742460216	
S1-212195834	
S1-420429347	
S1-95144811	
S1-420458373	
S1-521561602	
S1-201571377	
S1-549151259	
S1-533053988	
S1-689099739	
S1-981044533	
S1-860807478	
S1-863887077	
S1-393651424	
S1-164710757	
S1-965997059	
S1-522143013	
S1-985608632	
S1-800256508	
S1-935857691	
S1-262228163	
S1-384872709	
S1-797262484	
S1-918633491	
S1-833132492	
S1-673140620	
S1-739486251	
S1-152062398	
S1-448480043	
S1-828521537	
S1-82249027	
S1-189291013	
S1-23181232	
S1-841854206	
S1-446341682	
S1-531416497	
S1-934176576	
S1-404948463	
S1-224464977	
S1-918776310	
S1-718570648	
S1-314719881	
S1-202086039	
S1-232915493	
S1-423300489	
S1-155291612	
S1-19213775	
S1-42971006	
S1-223190217	
S1-685028795	
S1-810141822	
S1-551710331	
S1-269584636	
S1-962610853	
S1-980260812	
S1-337217282	
S1-786548140	
S1-522791756	
S1-130695685	
S1-426732011	
S1-149653660	
S1-834491252	
S1-73305327	
S1-697151227	
S1-326082773	
S1-930138882	
S1-106648958	
S1-758740397	
S1-881547453	
S1-239994033	
S1-601208506	
S1-484464863	
S1-809510606	
S1-977283885	
S1-630515567	
S1-742080608	
S1-666145917	
S1-708526910	
S1-53860635	
S1-956173783	
S1-830351511	
S1-728462695	
S1-722614	
S1-403515231	
S1-799263763	
S1-788520518	
S1-263632477	
S1-55585988	
S1-888864024	
S1-779101396	
S1-854894187	
S1-453811617	
S1-767963413	
S1-744635593	
S1-510937618	
S1-725163266	
S1-751094982	
S1-458223959	
S1-840329516	
S1-960794240	
S1-174711188	
S1-700117475	
S1-924641238	
S1-917429178	
S1-710444209	
S1-284690807	
S1-894709238	
S1-346809091	
S1-463273528	
S1-200430045	
S1-918417971	
S1-854184234	
S1-876922338	
S1-226202708	
S1-315608973	
S1-428029223	
S1-617563214	
S1-146626653	
S1-41040710	
S1-520843711	
S1-266491646	
S1-317708715	
S1-114864723	
S1-472262585	
S1-988148988	
S1-412970462	
S1-608997337	
S1-23094221	
S1-368247183	
S1-251991686	
S1-328471041	
S1-454359628	
S1-8138283	
S1-919361761	
S1-585544979	
S1-275484002	
S1-323464950	
S1-27053155	
S1-552492374	
S1-345546444	
S1-230506608	
S1-154236175	
S1-97452027	
S1-536438922	
S1-561638920	
S1-535336237	
S1-433854800	
S1-899388656	
S1-991438503	
S1-845526906	
S1-568708756	
S1-371358760	
S1-197939549	
S1-182818424	
S1-262353398	
S1-323339274	
S1-481862701	
S1-245624034	
S1-290242559	
S1-241444667	
S1-481364499	
S1-734975712	
S1-621554990	
S1-430230415	
S1-15649730	
S1-335750608	
S1-725151419	
S1-147782389	
S1-354455762	
S1-434444017	
S1-585574692	
S1-942087593	
S1-194873506	
S1-882301928	
S1-484558149	
S1-506167938	
S1-667541485	
S1-579682598	
S1-363600697	
S1-279952112	
S1-427535978	
S1-57088623	
S1-932600823	
S1-610171126	
S1-65296733	
S1-444953486	
S1-713463941	
S1-969675002	
S1-573514808	
S1-595235339	
S1-953344730	
S1-888864467	
S1-895636301	
S1-898938534	
S1-193134934	
S1-83546007	
S1-444970851	S3-286272832
S1-503002924	
S1-168116134	
S1-474623346	
S1-224293426	
S1-363150036	
S1-305893258	S3-956729262
S1-92888938	
S1-529361259	
S1-492052844	
S1-38129853	
S1-672026293	
S1-837382579	
S1-675877920	
S1-26743317	
S1-981206327	
S1-690619190	
S1-63142027	
S1-635924568	
S1-898702849	
S1-635641100	
S1-417123287	
S1-189925525	
S1-87139457	
S1-868058486	
S1-291081683	
S1-785139554	
S1-520891608	
S1-34063592	
S1-580575782	
S1-642996537	
S1-456730092	
S1-731831859	
S1-934038683	
S1-77426090	
S1-246373926	
S1-992472597	
S1-372342795	
S1-749185751	
S1-501897365	
S1-460554600	
S1-620084107	
S1-87850488	
S1-113644707	
S1-900648506	
S1-566146835	
S1-407935676	
S1-690264066	
S1-520297679	
S1-353247539	
S1-366617716	
S1-362083490	
S1-824973050	
S1-140145925	
S1-992248768	
S1-42521023	
S1-927651996	
S1-505215771	
S1-130217216	
S1-836078464	
S1-493358744	
S1-256050932	
S1-476095165	
S1-564684540	S2-529605721,S2-32461760
S1-327414822	
S1-455906961	
S1-141152073	
S1-477499550	
S1-748904442	
S1-358634456	
S1-655957456	
S1-654265450	
S1-270643653	
S1-211067959	
S1-783330911	
S1-186152435	
S1-890009542	
S1-575843145	
S1-509936669	
S1-374672567	
S1-978133063	
S1-547522751	
S1-566327357	
S1-445777861	
S1-243706351	
S1-270658154	
S1-455777638	
S1-370689489	
S1-640972450	
S1-406577988	
S1-839772416	
S1-519922547	
S1-1123930	
S1-836764916	
S1-6504827	
S1-215512727	
S1-613517393	
S1-872659256	
S1-753061104	
S1-360488265	
S1-857772960	
S1-338902638	
S1-190260827	
S1-586786490	
S1-482581962	
S1-800909574	
S1-744761759	
S1-661926332	
S1-315260427	
S1-729377380	
S1-851661577	
S1-992391746	
S1-682471684	
S1-487857141	
S1-767198154	
S1-359733495	
S1-693534174	
S1-399187831	
S1-617282438	
S1-133979422	
S1-440298734	
S1-958999473	
S1-754163052	
S1-276644910	
S1-971161989	
S1-823928020	
S1-761543947	
S1-562251323	
S1-681947202	
S1-932404767	
S1-746012723	
S1-538136857	
S1-605695865	
S1-375189594	
S1-586366028	
S1-562860072	
S1-576760744	
S1-134116951	
S1-475988611	
S1-50252899	
S1-638631224	
S1-607950025	
S1-539997015	
S1-128146394	
S1-422980591	
S1-943823398	
S1-505814591	
S1-301038615	
S1-328470826	
S1-997450253	
S1-593727390	
S1-530639824	
S1-211335835	
S1-763809922	
S1-331051797	
S1-488320924	
S1-337260677	
S1-896535618	
S1-883902763	
S1-998215632	
S1-9030363	
S1-940981728	
S1-386602339	
S1-90744994	
S1-459566338	
S1-203154901	
S1-910895255	
S1-516453951	
S1-669756582	
S1-768938404	
S1-198503022	
S1-983762533	
S1-493308959	
S1-13169071	
S1-957932050	
S1-460582537	
S1-860111323	
S1-296898541	
S1-599528881	
S1-741926315	
S1-175879006	
S1-670235171	S3-887803796
S1-750466922	
S1-399036405	
S1-390098008	
S1-211150876	
S1-515985137	
S1-644412110	
S1-560849064	
S1-587563622	
S1-609799932	
S1-430500319	
S1-45629096	
S1-212033082	
S1-621333417	
S1-161873477	
S1-861682087	
S1-865864954	
S1-513068907	
S1-634498762	
S1-764190880	
S1-294420700	
S1-252003139	
S1-908831133	
S1-470776915	
S1-768044770	
S1-249997880	
S1-27382393	S2-476016448
S1-32343475	
S1-422471289	
S1-709313972	
S1-753495835	
S1-587039597	
S1-43624817	
S1-51174453	
S1-76848073	
S1-492761709	
S1-608434063	
S1-939738310	
S1-814069711	
S1-229377314	
S1-409870506	
S1-568387226	
S1-513258777	
S1-636245175	
S1-377169178	
S1-645630865	
S1-889313813	S2-123934922
S1-947663030	
S1-505210691	
S1-979663887	
S1-981670420	
S1-266336918	
S1-514738884	
S1-650948840	
S1-326106013	
S1-877041751	
S1-641359431	
S1-399818206	
S1-979396984	
S1-389355539	
S1-781754307	
S1-620255046	
S1-457936980	
S1-78029415	
S1-949695206	
S1-915610472	
S1-525038311	
S1-332184455	
S1-139330289	S2-423723567
S1-489219937	
S1-673621210	
S1-830573668	
S1-138044151	
S1-469263913	
S1-230359417	
S1-189009853	
S1-766622650	
S1-125520711	
S1-694806298	
S1-695283917	
S1-90771849	
S1-512646556	
S1-522855740	
S1-445352770	
S1-635331291	
S1-99667419	
S1-291282029	
S1-829184371	
S1-820277068	
S1-327934793	
S1-551318699	
S1-929838729	
S1-375059956	
S1-232686062	
S1-292960118	
S1-774133844	
S1-381632742	
S1-627567870	
S1-480058070	
S1-307045007	
S1-817833773	
S1-444513675	
S1-539143306	
S1-215738275	
S1-33606995	
S1-909966613	
S1-178921025	
S1-842615598	S3-814418529
S1-165368525	
S1-332857039	
S1-375492962	
S1-781657157	
S1-275734532	
S1-711479462	
S1-109201852	
S1-42205010	
S1-763129016	
S1-130076823	
S1-809914810	
S1-324552693	
S1-79751169	
S1-462717864	
S1-585334378	
S1-716265744	
S1-399700670	
S1-837338161	
S1-525764504	
S1-293150483	
S1-202796949	
S1-297144206	
S1-627894847	
S1-6018102	
S1-76673882	
S1-792555848	
S1-116647247	
S1-967088388	
S1-476088994	
S1-273149534	
S1-965181131	
S1-265946366	
S1-483768655	
S1-128536403	
S1-592721832	
S1-899260166	
S1-391306583	
S1-928401911	
S1-462765909	
S1-337037594	
S1-363677830	
S1-644513630	
S1-483434064	
S1-701762366	
S1-832695741	
S1-295639433	
S1-514603237	
S1-34292661	
S1-954572024	
S1-601918764	
S1-514152895	
S1-66522956	
S1-764180067	
S1-961906169	
S1-429934920	
S1-938215477	
S1-326495580	
S1-119650712	
S1-967851475	
S1-282483130	
S1-990366631	S2-178873085
S1-999213496	
S1-802309722	
S1-44806693	
S1-935591772	
S1-783477939	
S1-317716690	
S1-74323622	
S1-953414205	
S1-385570865	
S1-527681356	
S1-398336666	
S1-817858497	
S1-887632162	
S1-198368079	
S1-547055495	
S1-304454734	
S1-901381589	
S1-650121742	
S1-845493376	
S1-954506353	
S1-36426395	
S1-711444581	
S1-256602729	
S1-520383318	
S1-110155253	
S1-540851913	
S1-903514893	
S1-400306734	
S1-298914666	
S1-807163424	
S1-382883643	
S1-919746688	
S1-195580812	
S1-850787828	
S1-661716137	
S1-641000289	
S1-358368354	
S1-831381976	
S1-825269223	
S1-260865644	
S1-349585998	
S1-944738534	
S1-502049068	
S1-715823103	
S1-125844075	
S1-91645145	
S1-949820530	
S1-978289716	
S1-445865749	
S1-154966578	
S1-631674926	
S1-160694940	
S1-642958636	
S1-521504860	
S1-773857153	
S1-172827773	
S1-32102283	
S1-213043394	
S1-617366105	
S1-910539787	
S1-683754089	
S1-603091727	
S1-530114103	
S1-505942467	
S1-90421101	
S1-902615686	
S1-210150171	
S1-875559483	
S1-996975540	
S1-523087920	
S1-412561167	
S1-117053853	
S1-88069712	
S1-942752773	
S1-763316663	
S1-699269232	
S1-709555027	
S1-225242436	
S1-176496041	
S1-784065369	
S1-253704107	
S1-443465538	
S1-657050581	
S1-825046968	
S1-831035409	
S1-338956489	
S1-646476107	
S1-254238668	
S1-620945537	
S1-629681289	
S1-242825291	
S1-248428570	
S1-304785953	
S1-344465362	
S1-540115346	
S1-11088162	
S1-203826999	
S1-298176452	
S1-746831898	
S1-220385811	
S1-297896559	
S1-493930570	
S1-93878454	
S1-224925798	
S1-100501536	
S1-576698064	
S1-259452306	
S1-966678564	
S1-112263747	
S1-65720319	
S1-824432092	
S1-690487370	
S1-668663040	
S1-101150314	
S1-241011495	
S1-177507500	
S1-327177758	
S1-70231679	
S1-319806419	
S1-774356770	
S1-309212798	S3-835151720
S1-556369004	
S1-547832095	
S1-936735942	
S1-14440396	
S1-614102293	
S1-214517511	
S1-796573518	
S1-951009347	
S1-316657733	
S1-622957926	
S1-375639534	
S1-672460268	
S1-401646162	
S1-565796283	
S1-705255683	
S1-917409598	
S1-150975476	
S1-347816056	
S1-958641621	
S1-312568916	
S1-703208901	
S1-612534723	
S1-839559809	
S1-359007001	
S1-69408564	
S1-409149012	
S1-992802284	
S1-892627062	
S1-984560268	
S1-859220966	
S1-748699653	
S1-614064211	
S1-545688649	
S1-69422238	
S1-444500399	
S1-522842752	
S1-185724001	
S1-135553882	
S1-348456393	
S1-375429514	
S1-996719470	
S1-682178751	
S1-25685140	
S1-541243885	
S1-34879144	
S1-262390745	
S1-369859179	
S1-684002464	
S1-783435443	
S1-428781122	
S1-716280464	
S1-840669668	
S1-611975553	
S1-880674755	
S1-337604737	
S1-356107352	
S1-662581652	
S1-329003668	
S1-431547794	
S1-906217241	
S1-320753648	
S1-480222979	
S1-837614603	
S1-842497118	
S1-875263255	
S1-62113547	
S1-260806884	
S1-283202784	
S1-893808726	
S1-22769277	
S1-343026303	
S1-993551169	
S1-979275322	
S1-306947448	
S1-188475575	
S1-477379918	
S1-800221321	
S1-495534030	
S1-491275237	
S1-665011665	
S1-847962943	
S1-13890051	
S1-37488559	
S1-393182919	
S1-641419010	
S1-19906648	
S1-567672228	
S1-90062091	
S1-427068186	
S1-715057144	
S1-436274489	
S1-203148914	
S1-86057775	
S1-138429722	
S1-689728071	
S1-101995491	
S1-791107630	
S1-317144116	
S1-250364593	
S1-190579594	
S1-717669089	
S1-260309498	
S1-969456541	
S1-196716011	
S1-271211247	S2-112903844
S1-451400675	
S1-966072151	
S1-198807329	
S1-173561857	
S1-310416242	
S1-723186910	
S1-276277863	
S1-424267788	
S1-176912308	
S1-171687815	
S1-466670235	
S1-312433812	
S1-557641195	
S1-829872052	
S1-122220613	
S1-91401135	
S1-256047752	
S1-188795169	
S1-477040992	
S1-847043332	
S1-84102169	
S1-409491410	
S1-494819383	
S1-368948304	
S1-670309286	
S1-310642880	
S1-884891252	
S1-176917664	
S1-741515911	
S1-977346294	
S1-842067702	
S1-586976862	
S1-714928277	
S1-346880617	
S1-471942228	
S1-881892287	
S1-747914586	
S1-237942912	
S1-764407555	
S1-409100817	
S1-586827155	
S1-779827243	
S1-828576059	
S1-464529384	
S1-265818525	
S1-543501873	
S1-512024286	
S1-194512197	
S1-804601178	
S1-360805522	
S1-351509778	
S1-698759281	
S1-781713385	
S1-324760513	
S1-109537622	
S1-312722799	
S1-166397528	
S1-485241285	
S1-809684238	
S1-403284600	
S1-828672889	
S1-505890862	
S1-392617641	
S1-551688195	
S1-777450776	
S1-460107012	
S1-834145496	
S1-313430849	
S1-514836504	
S1-695369590	
S1-428409735	
S1-560872440	
S1-342909490	
S1-995138054	
S1-374002740	
S1-789641381	
S1-921201663	
S1-716883222	
S1-291623030	
S1-53854834	
S1-329760381	
S1-335316158	
S1-449882756	
S1-266665787	
S1-168328988	
S1-979493227	
S1-726913535	
S1-975318568	
S1-691021205	
S1-555965413	
S1-297596859	
S1-714532875	
S1-744695777	
S1-345246505	
S1-815367644	
S1-5977315	
S1-994501319	
S1-35207032	
S1-643953045	
S1-2899706	
S1-267533518	
S1-820389767	
S1-256594981	
S1-142068294	
S1-353604351	
S1-798452720	
S1-139843443	
S1-472597889	
S1-966218629	
S1-505108469	
S1-618309240	
S1-493880580	
S1-18420874	
S1-861958597	
S1-918012124	
S1-641137835	
S1-873436103	
S1-89821827	
S1-144454035	
S1-215347381	
S1-107275338	
S1-884728541	
S1-469425811	
S1-405521342	
S1-993917006	
S1-702561077	
S1-634444623	
S1-699781407	
S1-180287313	
S1-222768762	
S1-631837222	
S1-800321013	
S1-19426452	
S1-34664312	
S1-678847868	
S1-946218639	
S1-656951309	
S1-706677345	
S1-274935492	
S1-656514099	
S1-13464042	
S1-652461636	
S1-676224038	
S1-812234203	
S1-765925206	
S1-557464657	
S1-290520573	
S1-485609913	
S1-299383458	
S1-709207468	
S1-472709472	
S1-879338749	
S1-66416342	
S1-244996694	
S1-589545175	
S1-647680230	
S1-37429900	
S1-545430000	
S1-547758869	
S1-562850314	
S1-100183883	
S1-80718858	
S1-350844124	
S1-314663859	
S1-72184102	
S1-664675467	
S1-98433001	
S1-773535287	
S1-317578518	
S1-621912639	
S1-24745633	
S1-47419546	
S1-232615606	
S1-365335275	
S1-310743924	
S1-832047138	
S1-991632717	
S1-378341086	
S1-182862234	
S1-849448274	
S1-403382675	S3-767406871
S1-675723680	
S1-755912047	
S1-364792507	
S1-485612135	
S1-463878814	
S1-880465201	
S1-361280687	
S1-864545312	
S1-512850716	S2-407464737
S1-434802827	S3-623102096
S1-573685601	
S1-114779541	
S1-30096936	
S1-105349588	
S1-922738644	
S1-665310870	
S1-199796583	
S1-140919650	
S1-623895218	
S1-28118906	
S1-600885184	
S1-293082663	
S1-525047358	
S1-902029151	
S1-386066832	
S1-685100878	
S1-418700512	
S1-454496553	
S1-502607162	
S1-611542663	
S1-130948558	
S1-364951958	
S1-858620212	
S1-184677540	
S1-413690041	
S1-556504342	
S1-260108763	
S1-446903466	
S1-522287048	
S1-845776203	
S1-787418167	
S1-505721511	
S1-401963908	
S1-417534835	
S1-734521705	
S1-972197152	
S1-777800605	
S1-304958874	
S1-926322589	
S1-964923756	
S1-634132124	
S1-431068691	
S1-820202067	
S1-381080504	
S1-662843248	
S1-667391451	
S1-363596907	
S1-557116428	S3-208043670
S1-912309425	
S1-305917213	
S1-142910593	
S1-328759399	
S1-836704302	
S1-402432176	
S1-412692042	
S1-178294692	
S1-726101032	
S1-965540149	
S1-11862688	
S1-360457992	
S1-509369968	
S1-590510034	
S1-820840413	
S1-959990043	
S1-303966989	
S1-39065746	
S1-197186281	
S1-838046591	
S1-624471423	
S1-663552204	
S1-820892586	
S1-955186265	
S1-744479199	
S1-105438216	
S1-191863122	
S1-406646234	
S1-449560783	
S1-309177969	
S1-422772138	
S1-594174380	
S1-998590291	
S1-657183316	
S1-67906928	
S1-6530353	
S1-191027979	
S1-629658196	
S1-635463852	
S1-697933916	
S1-321781960	
S1-58866070	
S1-600416221	
S1-151846365	
S1-704250257	
S1-843977204	
S1-375950683	
S1-439487713	
S1-471010366	
S1-337799244	
S1-105215445	
S1-702186557	
S1-559678067	
S1-281561530	
S1-793227319	
S1-999843709	
S1-83678754	
S1-259431580	
S1-487631973	
S1-743182581	
S1-278319508	
S1-908850215	S2-754322287
S1-210489006	
S1-698439490	
S1-736579963	
S1-257693381	
S1-712815688	
S1-432282022	
S1-950321560	
S1-677742137	
S1-486280706	
S1-978732778	
S1-799717182	
S1-266109341	
S1-179270707	
S1-4315355	
S1-109332520	
S1-968903730	
S1-621761582	
S1-103733388	
S1-739106792	
S1-474020059	
S1-858304706	
S1-10075235	
S1-920826099	
S1-609213096	
S1-60462392	
S1-622318387	
S1-135760222	
S1-139605988	
S1-938969336	
S1-428235263	
S1-136062540	
S1-524633315	
S1-549536840	
S1-84523341	
S1-143330000	
S1-193221915	
S1-809898460	
S1-579258016	
S1-623387586	
S1-848672453	
S1-228265957	
S1-337743983	
S1-238386588	
S1-140901882	
S1-352726697	
S1-595777081	
S1-535958196	S3-767406871
S1-611897380	
S1-676428744	
S1-311023991	
S1-945184210	
S1-209722966	
S1-456715439	
S1-318088792	
S1-985099370	
S1-903410269	
S1-615522996	
S1-11714087	
S1-481028541	
S1-167282241	
S1-970397309	
S1-113947873	
S1-207122753	
S1-307082894	
S1-699757270	
S1-809356750	
S1-746146042	
S1-987643870	
S1-139773420	
S1-861161330	
S1-241093393	
S1-414322944	
S1-475249577	
S1-479021944	
S1-164240371	
S1-40577792	
S1-805110468	
S1-60289723	
S1-238722814	
S1-653620312	
S1-550655081	
S1-242854775	
S1-153708243	
S1-703265424	
S1-816638973	
S1-148633186	
S1-405647872	
S1-168515082	
S1-191218158	
S1-235286038	
S1-934461604	
S1-160580678	
S1-223999980	
S1-890514044	
S1-375731683	
S1-404495136	
S1-616006288	
S1-839210207	
S1-811090708	
S1-116582163	
S1-142016725	
S1-52901052	
S1-266415052	S2-948652223
S1-373344986	
S1-596595148	
S1-962717712	
S1-860768622	
S1-577542724	
S1-12945764	
S1-711443307	
S1-444408224	
S1-548789843	
S1-890521140	
S1-237496469	
S1-127186101	
S1-198126926	
S1-636827046	
S1-467003029	
S1-195953023	
S1-455781673	
S1-310302175	
S1-330610609	
S1-144500667	
S1-563586539	
S1-473599837	
S1-800351575	
S1-516217226	
S1-559279382	
S1-677061945	
S1-866798555	
S1-783834558	
S1-345176684	
S1-466411800	
S1-779678822	
S1-367365496	
S1-272794888	
S1-640368689	
S1-325081435	
S1-511118662	
S1-139918051	
S1-68344969	
S1-417113258	
S1-196060496	
S1-246379100	
S1-648648470	
S1-159514912	
S1-27746111	
S1-660682444	
S1-490056073	
S1-93063604	
S1-947138983	
S1-759365268	
S1-827102573	
S1-902873960	
S1-829413415	
S1-902838830	
S1-740307843	
S1-208866809	
S1-995278553	
S1-978122225	
S1-129736641	
S1-413671771	
S1-400122565	
S1-607496308	
S1-521978308	
S1-869611032	
S1-815992670	
S1-829503374	
S1-40118380	
S1-695502890	
S1-295795832	
S1-810335472	
S1-413050043	
S1-872657629	
S1-916192451	
S1-591626699	
S1-136410180	
S1-735262466	
S1-496067802	
S1-872792932	
S1-332410345	
S1-108747354	
S1-28713236	
S1-425212441	
S1-664110130	
S1-575411672	
S1-869665768	
S1-80734237	
S1-769098179	
S1-113291945	
S1-62942460	
S1-603686606	
S1-645584978	
S1-645648209	
S1-594282546	
S1-514231177	
S1-980596584	
S1-839826226	
S1-345211582	
S1-429684143	
S1-457336979	
S1-64419736	
S1-184426771	
S1-164789195	
S1-249302555	
S1-283370195	
S1-683069505	
S1-163811882	
S1-519719485	
S1-870120842	
S1-544912159	
S1-898245996	S2-277212950
S1-418840353	
S1-507643927	
S1-522451646	
S1-911054871	
S1-990411447	
S1-467774466	
S1-699771729	
S1-385960396	
S1-198659078	
S1-732585910	
S1-820843017	
S1-940497884	
S1-573087848	
S1-287479128	
S1-704597525	
S1-764556608	
S1-560892054	
S1-246743733	
S1-455773213	
S1-677237251	
S1-924685354	
S1-701214190	
S1-882150030	
S1-348432604	
S1-964413625	
S1-321472040	
S1-691856586	
S1-127286137	
S1-710602385	
S1-699154812	
S1-88823243	
S1-827064562	
S1-900066052	
S1-46580182	
S1-519967775	
S1-142014773	
S1-946927457	
S1-84562749	
S1-484875206	
S1-654168735	
S1-98316530	
S1-208051104	
S1-774022287	
S1-263548270	
S1-929826566	
S1-590970729	
S1-521498418	
S1-293389828	
S1-277420312	S3-667035947
S1-295937307	
S1-289478591	
S1-50250141	
S1-958385565	
S1-800234809	
S1-957634321	
S1-226833334	
S1-354470254	
S1-644419558	
S1-904810934	
S1-442453271	
S1-391836177	
S1-953067874	
S1-582480068	
S1-310399903	
S1-398429336	
S1-621502725	
S1-377550942	
S1-244812565	
S1-582091840	
S1-74885134	
S1-543057935	
S1-856406426	
S1-558957635	
S1-327346712	
S1-198532662	
S1-920976104	
S1-893993060	
S1-848717156	
S1-574314173	
S1-14704378	
S1-950091155	
S1-170337737	
S1-545601184	
S1-737384491	
S1-854958289	
S1-132040104	
S1-844714845	
S1-852429384	
S1-13840151	
S1-648845047	
S1-171263439	
S1-443039509	
S1-956619608	
S1-959009674	
S1-667562135	
S1-600936006	
S1-151933288	
S1-217007714	
S1-929563137	
S1-795442747	
S1-378794070	
S1-21945951	
S1-613235244	
S1-151499540	
S1-591910741	
S1-399495946	
S1-416305853	
S1-412851814	
S1-246097764	
S1-815843853	
S1-724781542	
S1-872923095	
S1-388069631	
S1-916674046	
S1-711810126	
S1-396988187	
S1-66512157	
S1-611715420	
S1-880621697	
S1-548646325	
S1-54832083	
S1-196309713	
S1-137817720	
S1-919838811	
S1-957480212	
S1-37171581	
S1-781939898	
S1-698225488	
S1-168975196	
S1-690454716	
S1-913493108	
S1-737806186	
S1-281044662	
S1-480170175	
S1-114187371	
S1-149827363	S3-957423735
S1-698218053	
S1-17590360	
S1-468061702	
S1-530757716	
S1-686777732	
S1-379883422	
S1-227004921	
S1-429031195	
S1-298688152	
S1-679498245	
S1-552737277	
S1-552518114	
S1-508205069	
S1-771594316	
S1-217316227	
S1-631429925	
S1-861388678	
S1-438712324	
S1-703200453	
S1-338127886	
S1-471692451	
S1-975078254	
S1-173288211	
S1-675672117	
S1-45425027	
S1-896684396	
S1-331616138	
S1-177738925	
S1-636896538	
S1-652882857	
S1-605407399	
S1-430070924	
S1-909186843	
S1-14664219	S2-640773267
S1-646749138	
S1-446534316	
S1-508583878	
S1-787036742	
S1-391711076	
S1-872290147	
S1-566469950	
S1-181970092	
S1-186717550	
S1-39641619	
S1-63587714	
S1-344852000	
S1-66651608	
S1-153795404	
S1-250527577	
S1-801883699	
S1-863088052	
S1-728707789	
S1-706444588	
S1-422779237	
S1-728270873	
S1-665700185	
S1-462952650	
S1-506688850	
S1-154900181	
S1-809191563	
S1-584807213	
S1-646643531	
S1-642059025	
S1-260599473	
S1-592594537	
S1-90388190	
S1-845454829	
S1-438890983	
S1-241928185	
S1-970881185	
S1-482155709	
S1-404724950	
S1-804122429	
S1-361268532	
S1-973585234	
S1-246645387	
S1-834755485	
S1-232927304	
S1-162212562	
S1-277041750	
S1-24385395	
S1-56157260	
S1-842678533	
S1-168814890	
S1-16424231	
S1-170456756	
S1-283422831	
S1-534365149	
S1-512613891	
S1-65769993	
S1-647189244	
S1-485888452	
S1-20510401	
S1-660553681	
S1-158153205	
S1-479811748	
S1-889279520	
S1-753666948	
S1-183377612	
S1-361634020	
S1-696596585	
S1-343899669	
S1-771600409	
S1-574752767	
S1-271322252	
S1-691308982	
S1-499793534	
S1-116902673	
S1-185556361	
S1-651448823	
S1-144586480	
S1-351625945	
S1-170220337	
S1-937285334	
S1-101180468	
S1-27622591	
S1-459636341	
S1-456669885	
S1-853152536	
S1-41997130	
S1-479824122	
S1-679284990	
S1-600319201	
S1-671876469	
S1-515287871	
S1-933597930	
S1-429031348	
S1-4338118	
S1-964943453	
S1-807544961	
S1-313510500	
S1-363360217	
S1-998765358	
S1-385794937	
S1-116008342	
S1-783664385	
S1-869435471	
S1-956846497	
S1-731553220	
S1-901159871	
S1-46615290	
S1-113195181	
S1-50027839	
S1-779094471	
S1-214686186	
S1-178733601	
S1-362415994	
S1-50469196	
S1-251003855	
S1-702263606	
S1-33860714	
S1-646403251	
S1-203535998	
S1-560092687	
S1-653552833	
S1-726490810	
S1-652980214	
S1-910046248	
S1-113862140	
S1-24123784	
S1-852176470	
S1-81351387	
S1-372310852	
S1-235100711	
S1-759691517	
S1-811045491	
S1-257157828	
S1-233325461	
S1-367733350	
S1-4312953	
S1-638390439	
S1-571360804	
S1-187865719	
S1-431994404	
S1-182949180	
S1-19623828	
S1-588444788	
S1-897904590	
S1-560836769	
S1-973145663	
S1-966113217	
S1-412125198	
S1-840805501	
S1-864261766	
S1-712350653	
S1-547006137	
S1-616599340	
S1-476023839	
S1-390870586	
S1-475918590	
S1-878794055	
S1-337757002	
S1-454760542	
S1-167961136	
S1-562094289	
S1-642924967	
S1-729603111	
S1-869531749	
S1-152173211	
S1-639455087	
S1-176702522	
S1-254096807	
S1-487189073	
S1-25269508	
S1-472264472	
S1-548612251	
S1-60823411	
S1-622027009	
S1-488588103	
S1-928510	
S1-540861277	
S1-662637513	
S1-125688864	
S1-873538908	
S1-595446286	
S1-304916541	
S1-198427863	
S1-304136399	
S1-111501933	
S1-209175813	
S1-362307346	
S1-506577132	
S1-496255361	
S1-749663408	
S1-534236281	
S1-230723127	
S1-603805760	
S1-43865767	
S1-721221746	
S1-87068162	
S1-493292626	
S1-598474866	
S1-451631108	
S1-439496714	
S1-681326197	
S1-313781746	
S1-895793478	
S1-985059558	
S1-59775571	
S1-812818614	
S1-408393608	
S1-218878000	
S1-414722251	
S1-972825738	
S1-942128729	
S1-305543595	
S1-518202573	
S1-245332060	
S1-221526985	
S1-155457876	
S1-529565978	
S1-462377400	
S1-862300436	
S1-436835838	
S1-362799237	
S1-738186396	
S1-729167575	
S1-275824276	
S1-573783780	
S1-807523158	
S1-755788587	
S1-81094779	
S1-690840095	
S1-168537402	
S1-289190767	
S1-900218091	
S1-883019062	
S1-991548614	
S1-86915605	
S1-881075493	
S1-848948501	
S1-438699900	
S1-576034275	
S1-207138543	
S1-267987850	
S1-612605958	
S1-913833084	
S1-114743999	
S1-892633520	
S1-358214447	
S1-408739437	
S1-692251249	
S1-323887510	
S1-421280146	
S1-702401242	
S1-506720235	
S1-315000182	
S1-434592099	
S1-166332747	
S1-647964915	
S1-894762697	
S1-999607445	
S1-50042250	
S1-537920447	
S1-89662626	
S1-275031124	
S1-118463867	
S1-94758272	
S1-767046960	
S1-911011258	
S1-184901477	
S1-405881277	
S1-279322680	
S1-581304897	
S1-231347831	
S1-103469460	
S1-578786281	
S1-837015821	
S1-965460168	
S1-518848428	
S1-458465724	
S1-986333679	
S1-716487810	
S1-509817837	
S1-124648354	
S1-183330887	
S1-566691529	
S1-908328252	
S1-93365375	
S1-505836332	
S1-616781287	
S1-619096572	
S1-74337457	
S1-758785153	
S1-197086203	
S1-636681094	
S1-718118464	
S1-706078192	
S1-660452298	
S1-997017124	
S1-559407735	
S1-394731034	
S1-642742585	
S1-96897013	
S1-682335370	
S1-140036429	
S1-94254264	
S1-821205987	
S1-102185266	
S1-673490958	
S1-117226837	
S1-224149558	
S1-94830038	
S1-157044903	
S1-463580996	
S1-555691977	
S1-873228324	
S1-832586494	
S1-159707435	
S1-963362451	
S1-579569070	
S1-25042400	
S1-57199127	
S1-694137400	
S1-578712246	
S1-562090412	
S1-305354085	
S1-910280988	
S1-540653379	
S1-696293381	
S1-363530423	
S1-408152881	
S1-120957576	
S1-844316601	
S1-750574640	
S1-234662620	
S1-253931270	
S1-251168988	
S1-590045410	
S1-425960326	
S1-450428552	
S1-194287033	
S1-847602543	
S1-977962634	
S1-343097786	
S1-688543655	
S1-102909057	S3-556493721
S1-718674223	
S1-401335346	
S1-453259353	
S1-469858503	
S1-832426808	
S1-314656419	
S1-773161254	S2-670038177
S1-569069469	
S1-594155304	
S1-419235241	
S1-955450540	
S1-509273321	
S1-161529327	
S1-411602002	
S1-180291595	
S1-497952465	
S1-513915126	
S1-481298035	
S1-580385432	
S1-19125551	
S1-828087134	
S1-309333554	
S1-981341425	
S1-319062158	
S1-281119892	
S1-733131735	
S1-747080571	
S1-98114082	
S1-942252281	
S1-446522336	
S1-949151650	
S1-443301919	
S1-884563376	
S1-844748989	
S1-328631184	
S1-865825233	
S1-979476904	
S1-681167093	
S1-544821771	
S1-850370273	
S1-587965937	
S1-721639658	
S1-121489708	
S1-620932355	
S1-361817361	
S1-736876483	
S1-654307223	
S1-833369281	
S1-646534916	
S1-993964500	
S1-773448668	
S1-141360964	
S1-58017550	
S1-432026341	
S1-76869405	
S1-833312150	
S1-779880727	
S1-357374714	
S1-476863301	
S1-872685664	
S1-627968289	
S1-703908440	
S1-922155661	
S1-681277993	
S1-864183915	
S1-755466283	
S1-906423755	
S1-340020335	
S1-506578606	
S1-807149622	
S1-239245685	
S1-709386647	
S1-126757014	
S1-371203632	
S1-547641536	
S1-518267261	
S1-196080074	
S1-323882070	
S1-558458240	
S1-692218851	
S1-412486471	
S1-342964125	
S1-477504835	
S1-478051664	
S1-79960912	
S1-553909235	
S1-512013758	
S1-401976544	
S1-527282900	
S1-115650913	
S1-317472121	
S1-915858085	
S1-255065121	
S1-966302447	
S1-690268494	
S1-275100878	
S1-145857496	
S1-627947134	
S1-783082673	
S1-246829400	
S1-881049879	
S1-788651936	
S1-513760373	
S1-979965183	
S1-860340805	
S1-981014897	
S1-25626191	
S1-180704461	
S1-335519097	
S1-695609253	
S1-253789150	
S1-691669430	
S1-893972357	
S1-864658655	
S1-713244395	
S1-740309694	
S1-214008360	
S1-843563868	
S1-696728787	
S1-544334583	
S1-159386385	
S1-365531168	
S1-537121104	
S1-950133246	
S1-153727830	
S1-259909949	
S1-815744165	
S1-775573864	
S1-464289280	
S1-587714900	
S1-129779556	
S1-841951112	S3-891010611
S1-56580992	
S1-589051363	
S1-511123992	
S1-543520072	
S1-533985540	
S1-552913827	
S1-75548985	
S1-360588070	
S1-613160782	
S1-457749209	
S1-974596898	
S1-654302536	
S1-940536436	
S1-752263842	
S1-321879016	
S1-327488270	
S1-655038571	
S1-633940532	
S1-372842555	
S1-629161627	
S1-196465949	
S1-327398316	
S1-113759988	
S1-652077279	
S1-594265309	
S1-228557567	
S1-495921320	
S1-341573096	
S1-831606786	
S1-429137290	
S1-561856216	
S1-105626460	
S1-671233931	
S1-772014695	S2-986384535
S1-617290242	
S1-463889103	
S1-377292225	
S1-994873821	
S1-921492629	
S1-807394877	
S1-871282071	
S1-212734678	
S1-124453311	
S1-67781555	
S1-403997854	
S1-231901206	
S1-958107712	
S1-694075752	
S1-75631203	
S1-381391767	
S1-420921475	
S1-915652086	
S1-577364854	
S1-981703587	
S1-782287647	
S1-849411817	
S1-803143488	
S1-315442991	
S1-798887218	
S1-425610814	
S1-9606021	
S1-307016040	
S1-783298551	
S1-324540077	
S1-501271803	
S1-966863273	
S1-581733453	
S1-277608280	
S1-104768984	
S1-134257551	
S1-641189792	
S1-764581270	
S1-948879033	
S1-905618622	
S1-533343947	
S1-654750721	
S1-196655402	
S1-990401647	
S1-644993010	
S1-605680458	
S1-655267185	
S1-746902766	
S1-555846435	
S1-283227641	
S1-541886279	
S1-16300946	
S1-143942621	
S1-154837922	
S1-544063084	
S1-72614921	
S1-655170338	
S1-965027274	
S1-855127786	
S1-349579286	
S1-973532622	
S1-907757638	
S1-161586725	
S1-42524052	
S1-388064667	
S1-832249266	
S1-854032361	
S1-598933487	
S1-548758166	
S1-93860122	
S1-761647079	
S1-479210097	
S1-289801523	
S1-176727388	
S1-445630471	
S1-897038350	
S1-965932558	
S1-469827231	
S1-837004704	
S1-286651360	
S1-153055996	
S1-961706923	
S1-289934085	
S1-427418540	
S1-794766021	
S1-330583900	
S1-871302092	
S1-509332273	
S1-603855333	
S1-732268521	
S1-236990895	
S1-350725055	
S1-36585603	
S1-381873133	
S1-397899343	
S1-399189758	
S1-11341209	
S1-629859442	
S1-282842037	
S1-982591282	
S1-217137577	
S1-391322859	
S1-730969256	
S1-924264622	
S1-861081882	
S1-697096930	
S1-708342367	
S1-767572524	
S1-157411807	
S1-823398688	
S1-114230757	
S1-195124156	
S1-169890113	
S1-159294235	
S1-138748668	
S1-388266314	
S1-186656682	
S1-349133308	
S1-767824327	
S1-784485119	
S1-447890529	
S1-220774408	
S1-807203067	
S1-912867715	
S1-110036027	
S1-106301697	
S1-698141638	
S1-282963521	
S1-265526765	
S1-701771071	
S1-25750233	
S1-552902753	
S1-675723185	
S1-107061433	
S1-6674622	
S1-966218415	
S1-846876017	
S1-586610914	
S1-314899328	
S1-591211014	
S1-726461647	
S1-399400145	
S1-369479518	
S1-883481277	
S1-903741903	
S1-531296201	
S1-904228116	
S1-673373338	
S1-223473124	
S1-447319694	
S1-70620039	
S1-611934993	
S1-763154375	
S1-568822352	
S1-453672542	
S1-134107381	
S1-873064370	
S1-616975913	
S1-905704433	
S1-650641874	
S1-995158896	
S1-290832372	
S1-303483154	
S1-416612301	
S1-271584809	
S1-500578867	
S1-248060508	
S1-529662258	
S1-981707941	
S1-847822131	
S1-543522097	
S1-925964297	
S1-671898471	
S1-262480448	
S1-400970800	
S1-90534415	
S1-294181477	
S1-995321488	
S1-322636077	
S1-272170634	
S1-613288405	
S1-929094921	
S1-554098448	
S1-874272728	
S1-44084888	
S1-800301400	
S1-275228042	
S1-26334883	
S1-446444089	
S1-710998979	
S1-76179485	
S1-602084900	
S1-301525262	
S1-478883739	
S1-202977801	
S1-962185925	S3-666284919
S1-226352573	
S1-775526312	
S1-150014225	
S1-877960267	
S1-16957578	
S1-239396144	
S1-392583935	
S1-246676139	
S1-860387812	
S1-61536542	
S1-238107653	
S1-504676617	
S1-509905052	
S1-244101322	
S1-112652551	
S1-217000737	
S1-219856209	
S1-716955096	
S1-186572585	
S1-132812138	
S1-835552471	
S1-486838434	
S1-636874647	
S1-784931490	
S1-492327987	
S1-104540583	
S1-93647834	
S1-526174567	
S1-540457458	
S1-928763911	
S1-934994307	
S1-24082478	
S1-605443521	
S1-73734420	
S1-331957979	
S1-694965667	
S1-461238475	
S1-129027978	
S1-914321936	
S1-839195466	
S1-888664845	
S1-879098256	
S1-562152406	
S1-250561899	
S1-433849218	
S1-223572573	
S1-424684822	
S1-775703336	
S1-19541401	
S1-960687609	
S1-639994299	
S1-637537444	
S1-345065297	
S1-684656443	
S1-912682752	
S1-492915151	
S1-564712778	
S1-439336027	
S1-670121869	
S1-380738770	
S1-690403508	
S1-678457823	
S1-577790961	
S1-566757524	
S1-841188419	
S1-259412916	
S1-639937266	
S1-973205592	
S1-735254249	
S1-169612561	S2-473918529
S1-86666913	
S1-412971730	
S1-414022574	
S1-629216213	
S1-185852366	
S1-843766892	
S1-100114235	
S1-789440181	
S1-271074812	
S1-957415851	
S1-697534814	
S1-613731004	
S1-223582692	
S1-707658225	
S1-622976823	
S1-12752171	
S1-487547216	
S1-973268911	
S1-992786820	
S1-668728521	
S1-292091667	
S1-893697724	
S1-192450334	
S1-189997958	
S1-212843099	
S1-55930674	
S1-807851452	
S1-248180085	
S1-104210175	
S1-407625978	
S1-374702801	
S1-848215869	
S1-902150059	
S1-789855779	
S1-345479976	
S1-845185403	
S1-801160215	
S1-926460697	
S1-206392790	
S1-36393969	
S1-203525510	
S1-993288849	
S1-996157443	
S1-147925982	
S1-459842090	
S1-352167171	
S1-945317563	
S1-859647620	
S1-480778375	
S1-411926733	
S1-531036405	
S1-806290969	
S1-5450629	
S1-449928768	
S1-166483882	
S1-842968178	
S1-128169501	
S1-396436527	
S1-374391792	
S1-315810013	
S1-900691550	
S1-446378387	
S1-112239725	
S1-915033658	
S1-813278276	
S1-469141312	
S1-171801787	
S1-152132346	
S1-860129244	
S1-79953982	
S1-4962711	
S1-162745313	
S1-155008622	
S1-940875544	
S1-668485747	
S1-138632513	S2-864083531
S1-292602195	
S1-501866123	
S1-830437941	
S1-409000872	
S1-276382387	
S1-797972039	
S1-974645096	
S1-760062249	
S1-117107134	
S1-254068614	
S1-835581754	
S1-450503888	
S1-543787230	
S1-835525211	
S1-721949738	
S1-395917956	
S1-215517058	
S1-93415146	
S1-26786969	
S1-709533181	
S1-44427760	
S1-52776717	
S1-760445037	
S1-13589802	
S1-894187792	
S1-385018699	
S1-778200704	
S1-593683891	
S1-503888268	
S1-54515210	
S1-246573541	
S1-893207141	
S1-731133418	
S1-247438186	
S1-343454703	
S1-346274005	
S1-448794959	
S1-888055596	
S1-401228801	
S1-799069922	
S1-751851403	
S1-372417574	
S1-564052104	
S1-626298400	
S1-8813651	
S1-775361341	
S1-441252823	
S1-481303766	
S1-720236984	
S1-156270989	
S1-966807441	
S1-231828553	
S1-369515940	
S1-809445286	
S1-180672551	
S1-347484566	
S1-167047615	
S1-325325804	
S1-619065523	
S1-761226068	
S1-109132023	
S1-820717663	
S1-171018328	
S1-509921162	
S1-34307062	
S1-32798532	
S1-833954615	
S1-111992534	
S1-599145787	
S1-930209174	
S1-263277646	
S1-932833704	
S1-496346323	
S1-911713016	
S1-13407425	
S1-867985200	
S1-461260491	
S1-568218892	
S1-108838295	
S1-999017404	
S1-394031657	S2-111002362,S2-301551570,S3-19342979,S3-213040945
S1-668367395	S3-546067499,S3-901868349,S2-593370525,S2-738870603
S1-193703325	
S1-735278064	
S1-855022196	
S1-536776466	
S1-683505271	
S1-294840366	
S1-961300253	S2-915875510,S3-413908076
S1-541557451	S3-339087388,S3-354451621,S2-633774879,S2-590750080
S1-462290671	S3-839940097,S3-879081742,S2-159180928,S3-703907114
S1-414445515	
S1-656320289	S2-114870093,S3-446959439,S2-639136062
S1-810160369	S2-886079979
S1-74629446	S3-598951213
S1-486914502	S3-990791521,S3-546525923
S1-194634439	S3-65391324,S3-390532653,S3-485043397,S2-326936271
S1-644830357	
S1-726208533	
S1-636946720	S3-970951631
S1-146054272	S3-167203875,S2-701129589,S2-389444973
S1-368280947	S2-997162781,S2-545287063,S3-3010960
S1-535224642	S3-423832695
S1-948922976	
S1-913120009	S3-323517461,S3-48648890,S2-493589794,S2-359998801
S1-471425440	S3-763608101,S3-63802798,S2-522553976,S2-642230890
S1-782424208	
S1-593671543	S3-745350923
S1-891036605	
S1-394011152	S2-436946851,S3-908821350,S3-14858756
S1-611865211	
S1-763417210	S3-611225580,S3-96014200,S3-485648129
S1-425550684	S3-204707404,S2-400264349,S2-329843339
S1-701816139	
S1-702133653	S2-440852518,S2-890196919,S2-559496741,S3-257593551
S1-453615200	
S1-154286873	
S1-528936317	S2-629952823,S3-790766823
S1-505123581	S2-636862644,S3-900226525,S2-427304181
S1-53003207	S2-774024895,S2-444021018
S1-164228593	
S1-368793270	
S1-722732221	
S1-967752374	S3-29791492
S1-115185863	
S1-14964211	S2-234284542,S3-632413843,S3-499865397,S2-726714687
S1-972871685	S3-389751413,S3-961881036
S1-960191828	
S1-125917604	S3-685297628,S2-139601090
S1-497116474	
S1-669380668	
S1-129630222	S3-962904541,S2-857747282
S1-857017105	S3-165859158,S3-78518223,S2-294463030,S2-901273511
S1-375754526	S3-523430422,S3-75932603,S3-848172197,S2-893128948
S1-639324342	
S1-902506352	S2-575075863,S3-294890733,S3-502174681,S2-988065897
S1-715861525	
S1-878747632	
S1-105094861	S3-51509765,S3-605379316
S1-386284120	
S1-795836070	S2-622369681,S3-345505885,S2-706134524
S1-227683985	
S1-144539169	S3-455295267,S3-186104569,S3-148335077,S3-379679056
S1-837567913	S3-477340340,S3-689706612,S3-450034247,S3-317562944
S1-344033683	S3-752094601,S2-75705024,S3-161284205
S1-140408119	S3-926365202,S3-129248901,S2-656091164,S2-126520064
S1-743833663	S3-25639369
S1-990276592	S3-995275630
S1-739047799	S3-319914181,S2-419639868
S1-907400280	
S1-191206649	
S1-440478245	
S1-816882785	S3-199647326,S3-184586206,S2-576600345
S1-328033786	S2-54176539,S3-85226843,S2-906142333,S2-898421378
S1-679465324	
S1-787770575	S2-515031808,S2-496439251
S1-521209617	
S1-298053454	S3-703617652,S2-340024325,S2-194005482
S1-127326354	
S1-759874295	
S1-378722240	
S1-92323776	
S1-834487271	
S1-501783521	S3-780310493,S2-133306500,S2-822610195
S1-468201842	
S1-202685157	S3-603641152,S3-457299929,S2-688621256,S3-938332940
S1-323729790	S2-877148304,S2-834147231,S3-833203582
S1-644054206	
S1-946095604	S3-97442348
S1-139201765	S3-192518207,S2-583741544
S1-27959292	S3-268206641,S2-31059022
S1-462995857	S3-634913628,S2-987140720,S2-104379116
S1-820379311	S3-384729799,S3-424187156,S2-867880062,S3-866663879
S1-885118880	
S1-115608838	S2-129448750,S2-683348637,S3-68379930,S3-104003305
S1-27818671	S3-472993281
S1-787192474	S3-801271928,S2-879727676,S2-137729998,S3-351785212
S1-551758519	S3-785787325,S3-711035832,S3-497026608,S2-17033170
S1-553901716	S2-515621663,S3-378329342,S3-644942953
S1-772603055	S2-955257846
S1-124336879	
S1-507635071	
S1-415006747	S3-595786425,S3-845048248,S3-341352465,S2-511329592
S1-1281217	S2-989883596,S2-556172403
S1-85127116	S2-549690577,S2-258807846
S1-668263178	S2-216960792,S3-727917556,S3-405901940
S1-273117033	S3-736896180,S3-210913440
S1-249812997	S3-899839510
S1-686769566	S2-55319563,S3-877121277
S1-908049586	S3-772976833,S3-192019996,S2-147772311
S1-998481181	S2-744929839
S1-315916654	S3-325990506,S3-308169251
S1-552375888	S3-195486200,S3-545978947
S1-292718070	
S1-705555690	S3-6712642,S3-474841733,S3-433498773,S3-226633290
S1-893911581	
S1-258507687	S3-884458228,S3-548821890,S2-837048724
S1-585428768	
S1-12878415	
S1-489430437	S3-472126583
S1-648104527	
S1-234451731	S2-917690837,S3-875098638
S1-397740500	
S1-957949086	S2-222603697,S2-513362008
S1-123950796	S2-349282601
S1-790996679	
S1-974466387	
S1-711492192	S3-441512258
S1-520910047	
S1-456377836	S3-306557077,S2-157391261
S1-793676732	
S1-223203308	
S1-768355406	S3-914185014,S3-794262159,S2-780065030
S1-93540817	S3-148377995,S2-174323136,S3-818646413
S1-774868236	S2-723916754,S3-644173510,S2-31753437,S2-775514250
S1-455531091	S2-105902270,S3-636637994
S1-715496985	S2-420034972,S3-996926605
S1-643926653	S3-781237355,S3-72803374,S2-181836349
S1-213971999	S3-59369642,S3-716545031,S3-416535175,S3-104324649
S1-300518197	
S1-564466082	S2-495423882,S3-372311761
S1-992319416	S2-667045007,S3-304904977,S3-625135305,S3-715398889
S1-412294358	S3-215813312
S1-349380197	
S1-872916112	S2-333020668,S3-808747002
S1-319983927	
S1-386730204	S3-586120312,S3-343333208
S1-683079121	
S1-399219214	S3-556940481,S2-236206038,S2-658171137,S2-797030942
S1-472512628	
S1-991701669	S2-149577153,S3-118828761,S3-894406033,S3-204078908
S1-297451345	
S1-696635933	S2-543535368,S3-93064084
S1-506757419	
S1-820012793	
S1-537044663	S3-465549719,S2-807493194,S2-397944492
S1-286589140	S3-362210021,S3-238376279
S1-359393375	
S1-22094799	
S1-214969067	S2-179429473,S3-737617370,S3-595587903
S1-617123021	S2-791342306,S3-995624438,S3-782712638,S3-902163481
S1-648706946	
S1-91892740	S2-365552018,S2-698166821,S2-529738535
S1-887893283	
S1-584796129	S3-486651732,S2-107917649
S1-219311839	S3-40995237,S3-214500062,S3-213812093,S3-25279704
S1-195465904	S3-102305491,S2-983872543
S1-538162628	
S1-478027133	
S1-760015789	S3-504527862,S2-576352652,S2-602530617,S3-640370462
S1-531092691	
S1-233862092	
S1-853204970	
S1-504563854	
S1-483432442	S3-557092415,S2-450153478
S1-330480629	
S1-546164086	S2-863503332,S3-534284149
S1-585253744	S2-824755010,S3-591151570,S2-233409778,S3-414432839
S1-103317228	
S1-459330486	S3-572922817,S3-333147570
S1-823448447	S3-599587726,S2-319667911
S1-267125989	S2-453439379,S2-850551534,S3-68500437,S3-772074691
S1-106674390	S3-907702049,S2-200176505,S2-199088278
S1-690252254	S2-601634083,S3-947670030,S3-436390556
S1-77030177	S2-363000133,S3-950553187,S3-486983392,S3-405201964
S1-95776523	S3-770672469,S2-143144462
S1-497528913	S3-260107344,S2-157704406
S1-704971291	
S1-363875577	S3-97709802,S2-74644651,S2-276759182,S3-349239705
S1-631776583	S2-619795530,S3-382433296
S1-467086350	S2-702654235,S2-390913128,S3-228387684
S1-212016714	S3-512849201
S1-894584481	S3-493088593
S1-212117622	
S1-611973401	S2-989577747,S2-645910492,S3-14441734,S3-466234272
S1-722248531	
S1-314243422	
S1-185611448	S2-594178194
S1-765469886	
S1-960692591	S3-686108268,S3-523721094,S3-833297977
S1-1183662	S2-158557122,S3-663747666,S2-69499691,S3-634870457
S1-811861111	S2-999247718,S2-61097943,S3-680151365,S3-910091137
S1-800635429	
S1-332827500	
S1-183582136	S2-824581113,S2-871819872,S3-512450874
S1-254288995	
S1-111627914	S3-839657122,S3-609888795,S3-577818732
S1-21410350	S3-623279057,S3-99039312,S3-130525712,S2-342499068
S1-158863647	S3-522125225
S1-872137956	
S1-548680237	
S1-400202678	S3-488477365,S3-356728843,S3-751056213,S2-48651556
S1-98104090	S2-243579317,S3-753205026,S2-244839784
S1-134819349	S3-547636514,S2-533280452,S3-89941030
S1-917964849	S3-861892393,S2-125554633,S3-946971949
S1-896489930	S3-270416523
S1-522521870	S2-56528490,S2-371430404
S1-853306888	S3-776179644,S2-80590376
S1-287350591	
S1-421821533	
S1-700915482	S2-703887135,S2-809745515,S2-46481618,S3-669116600
S1-419348322	S2-758898574
S1-888115151	
S1-721200581	
S1-323251617	
S1-356857734	S3-507891152,S2-748175316,S2-416085411,S3-453200474
S1-270173319	S3-882866536,S2-534923588,S3-450124039
S1-886503387	S3-586468507,S2-795126946,S2-907799733,S3-286827209
S1-96736721	S2-526823445
S1-15474055	
S1-699059711	
S1-488080323	
S1-590262618	
S1-494161559	
S1-761294632	
S1-508034675	S2-20055892,S3-861331757,S2-258199990,S2-381130403
S1-548294012	S2-404602803,S2-199041559
S1-176341356	
S1-922237713	S3-159003573
S1-424460237	
S1-922098982	S3-595811933,S3-138622497,S2-148853440,S3-154710865
S1-673339604	S3-230684406,S3-302132732
S1-805802451	
S1-234694015	S2-811814719,S3-835688755,S3-594968293
S1-20273383	
S1-53847700	
S1-305388469	S2-887280380,S3-9062425
S1-138986936	
S1-604850191	S2-586272399,S2-169476185,S3-623574059
S1-844784547	S3-352456266,S2-83912066
S1-243530302	S2-889956009,S3-850718158,S3-538313506,S3-230554112
S1-478420648	S2-272957359,S3-630906452,S3-337794679,S2-84663594
S1-289599452	
S1-666180180	S2-243804504,S3-935518798,S2-698047505,S2-51940782
S1-157830298	S3-823346935,S2-45412520
S1-929047861	
S1-630828382	S3-968051701,S2-805171525,S2-845250143
S1-803828768	S2-652253673,S2-669572043,S2-839686392,S2-532356307
S1-425767352	
S1-387534981	
S1-384400545	S2-459098533
S1-805327935	S3-973133417,S3-92711572,S2-101226173
S1-807551268	
S1-861224787	S3-608559145,S2-252275392,S3-785529871
S1-79146040	S3-364082617,S2-55291104
S1-493502703	S3-868216971
S1-992523213	
S1-263982117	S3-110147438,S2-373728606
S1-751836354	S3-759560904
S1-227847194	
S1-982748649	S2-305903269,S3-137970659,S2-472450838
S1-245374688	S3-390620960,S3-290439933
S1-544453494	
S1-202407713	
S1-310696906	
S1-353009892	
S1-972175050	S2-463165344,S2-232304019,S2-212606631
S1-777813281	S3-938180652
S1-396543442	
S1-969469607	
S1-19650681	S2-350108285,S3-650501674,S2-991556619,S2-263459608
S1-369118251	
S1-660456060	S3-457449145
S1-394999843	
S1-958577905	S2-414388924,S2-499799305,S3-794473619,S3-535919953
S1-616526023	S2-134599690,S2-397891685,S3-489128455
S1-232529901	S2-202921106
S1-732321876	
S1-981377982	S3-189147781,S2-654193845,S2-551993046,S2-159503276
S1-341354890	
S1-790727765	
S1-102876962	S3-713218270,S3-354546165,S2-386027940
S1-84887296	
S1-516899406	S2-185451542,S3-710356841,S3-755831181,S3-734282736
S1-971119884	
S1-708146299	S3-799485491,S3-212064515,S2-156372582,S3-863872632
S1-462109411	S3-704057198,S2-223372549,S2-351619883,S2-624892459
S1-690700988	S2-201794974,S3-661809582,S3-367508224
S1-163449523	
S1-307806997	S2-104568410,S2-740451316,S3-873018120,S2-813939854
S1-838830123	S2-871035206,S3-336356400
S1-225651468	
S1-803827144	
S1-864368169	
S1-294901923	S3-255501134,S2-722128238
S1-804918982	S2-550584275,S3-871386567
S1-342768575	
S1-497893515	S3-94551797,S2-592423080,S3-648346042
S1-303349269	S3-905942456,S3-990749042,S2-7656142
S1-674046448	
S1-677142018	S2-418669344,S3-983059247,S3-657617256,S2-743357563
S1-30216920	S3-870253167,S3-929878657
S1-489775509	
S1-461550598	
S1-190897820	S2-327933119,S2-395961225
S1-515340743	S3-107005689,S2-111822892,S3-4367835,S2-155400456
S1-344123248	S3-962460538,S2-311326848,S2-935254129
S1-548916982	S2-559048580,S2-226019441,S3-798841501,S2-498902639
S1-95733823	
S1-369301318	S3-135587432,S2-734717337,S2-480524766
S1-910492057	S2-814931660,S3-740532445,S3-698135172,S3-48518987
S1-277746768	
S1-47710510	S2-383147991,S2-745582750,S2-467055525,S3-379320798
S1-22286338	S3-633873729,S2-911327610,S3-39130073,S2-805667126
S1-400670508	S2-547668307,S3-61279235,S3-93375149
S1-837493459	
S1-891336926	S3-648064835,S2-119165716
S1-16589300	S2-267831001,S3-88522587
S1-733652106	
S1-623122201	S3-697170720
S1-37694889	S2-241620947,S2-934324500,S3-6052911,S3-271621889
S1-98141903	S2-947458869,S3-945086370,S3-450153650,S2-724363786
S1-744845988	
S1-766743636	
S1-291102557	
S1-981924649	S2-557364800,S3-259820583,S3-320763150,S2-435575363
S1-441038247	S3-455665194,S3-629989270
S1-375024358	
S1-996040978	S3-649836305,S3-860019453
S1-426752060	S2-357025057,S3-729864694,S3-737098877
S1-704997090	S2-373321582,S2-711578659,S2-814958237
S1-342101767	S2-879476732,S2-287164860,S2-373956631
S1-880256503	S2-996244391,S3-678532681
S1-963518473	
S1-64990338	
S1-698906479	
S1-908498320	
S1-519561361	
S1-296839203	
S1-878959355	S2-352934689,S2-769281757
S1-841909887	S3-786556090,S2-508511223,S2-476048170
S1-814607140	S3-532686591,S2-765065061
S1-272099594	S2-786478346,S2-382579470,S3-948214223
S1-179392379	S3-534426300,S2-157798379,S2-971510235
S1-848809080	S3-871060806
S1-756867207	
S1-64243999	
S1-818809931	S2-407288550,S2-270645242,S3-5607734,S3-990938276
S1-10525090	
S1-739693400	
S1-956594723	S3-991648034
S1-190688430	S3-49298777
S1-395407593	S3-368987889
S1-506880183	
S1-629997486	S2-213167495,S2-830041114,S2-840673934,S3-360369501
S1-228196184	
S1-819473162	
S1-450734292	
S1-428665494	S2-41049201,S3-701456377
S1-884730968	S2-805641244,S3-561176303
S1-709041771	
S1-792857040	
S1-533506913	
S1-384979951	S2-75608025,S2-960208449,S3-538017342
S1-562548058	S2-857873428
S1-241167204	
S1-223420719	S2-126718523,S3-810136744
S1-968315423	
S1-537529399	
S1-864234527	
S1-8457606	
S1-33074251	S3-353173209,S2-193223239
S1-394418996	
S1-531079311	
S1-322448615	S3-186472718,S3-115119626,S3-73261546,S2-160373600
S1-392145072	S2-628090043,S3-282407858,S3-256852009
S1-430280816	S3-439835794,S3-159689976,S3-403107188,S2-800220812
S1-709178838	S2-867851335,S3-998906674,S2-58266675,S2-54513279
S1-562990323	
S1-180690616	S3-553135674,S2-979795592
S1-407811296	
S1-636044987	S3-473954482,S2-792600947
S1-955217675	S2-794072520,S3-770545629,S3-376586088
S1-309859844	S3-734597779,S3-139761348,S2-150693213
S1-174851391	
S1-225766049	
S1-983793894	
S1-908369754	
S1-789715679	
S1-920429311	
S1-91410673	
S1-748432976	
S1-799071809	S2-634670851,S3-43767107,S2-236932804,S3-328390930
S1-396968853	
S1-180969989	S3-729575180,S2-11439178,S2-388337246
S1-604460015	S2-911268673,S3-721391475,S3-671234763,S3-415858583
S1-887289661	S2-467028340,S3-347594621,S3-767001954,S2-12690360
S1-117690231	S2-141769727,S3-484394839,S3-911801251
S1-695793956	S3-106859185,S2-128871446,S2-478230677,S2-949970467
S1-12420698	
S1-191695091	
S1-875238515	
S1-760033032	
S1-785000841	
S1-677946721	S3-675761716
S1-671898075	S2-262929489,S2-22199582,S3-352496670,S3-1023083
S1-576882264	S2-668140212,S2-431559039,S3-741092765,S3-604691965
S1-237008809	
S1-589446276	
S1-353736362	S2-60832180,S3-249846597,S2-732310621,S3-760506647
S1-25860860	S3-71622639,S2-774913757,S3-131369397
S1-568547721	S2-263655412,S3-892431844,S3-887501401
S1-135768045	S3-144330440
S1-955392143	S2-293282311
S1-194269296	S3-189072153,S2-990610121,S2-71634585
S1-637626452	S2-186345001,S3-798463086,S3-860235057
S1-152287586	
S1-930108419	S2-900314960,S2-73551428,S2-221692558,S3-612910771
S1-919377291	S3-514510048,S3-613361112,S2-544526100,S3-701463662
S1-455009401	S2-387827869,S2-429109787,S2-208103639
S1-239095049	
S1-695759285	S2-290808467,S2-440726643,S3-42346350
S1-427398870	
S1-889713002	S2-754651368,S2-715920198,S3-728714000
S1-739092953	
S1-600247593	
S1-317102179	S2-475791970,S3-981033064,S2-647919202
S1-820187319	
S1-492330161	
S1-28710405	S2-493251045,S3-349886137,S2-785909490,S3-642879432
S1-641291194	S3-205979125
S1-467694005	
S1-226768092	
S1-448685900	S3-601854705,S3-549649979,S2-617735782,S2-313202388
S1-289080874	S3-625915961
S1-600831248	
S1-721642723	
S1-360678450	
S1-926601453	S2-282416410,S2-922943654,S3-40242131
S1-307917030	
S1-104165358	S2-3822742,S3-738334056
S1-21457551	S2-585605898,S2-241208476
S1-468937628	S3-943649943,S2-933400765
S1-404419644	
S1-772512127	
S1-258892594	S3-857380820,S2-408787189
S1-838855645	
S1-334051330	S3-550798659,S3-778172876,S2-257714330
S1-341352017	
S1-271434978	
S1-630301161	
S1-28550407	
S1-498696891	S2-290276967,S3-899942371,S2-457391951
S1-583538341	
S1-490885913	S3-301488090,S3-679936086,S2-90911163
S1-644370875	
S1-301046284	S2-915903373,S2-52352693,S3-277199844
S1-253740062	S3-795640800
S1-86959630	S3-765995284,S3-546041116,S2-612157040,S2-723202160
S1-696245262	S3-246303173,S3-629536003,S2-255235240
S1-758592018	S3-8803861
S1-812981511	
S1-355638508	
S1-600636724	
S1-457915455	S2-188178687
S1-266987770	S3-758832518,S3-183973892,S2-657212068
S1-850828995	S3-649970137,S2-393149984,S3-688420062
S1-613109022	S3-765387411,S2-963246221
S1-222825647	
S1-738226129	
S1-835905405	
S1-837180073	S2-101285493,S3-517452993,S3-350989337,S3-539322357
S1-45915511	S3-919909740,S3-122579591
S1-485070320	S2-672802287,S3-171600995
S1-242878215	
S1-378305402	
S1-535103115	S2-282524887,S3-847365585,S3-338716235
S1-61433930	S3-435592353,S3-947288274,S2-431628800,S3-307944355
S1-783741888	
S1-552276290	
S1-577357685	S3-107398596,S3-858457340
S1-271520455	
S1-335291278	
S1-195315000	
S1-823015765	S3-757925809,S3-776499657
S1-367270048	
S1-282228407	
S1-925551112	
S1-538855211	S3-816017040,S2-674331832,S2-124597870,S2-424430841
S1-697602817	S3-222538630,S3-228243524
S1-95248192	
S1-465070284	S3-607557207,S3-254755966,S2-1549859
S1-610878565	S2-794775928,S3-554854015,S3-939788231
S1-449504435	
S1-615426011	
S1-521369895	S3-111216685,S2-755537635,S2-169062774
S1-208883984	S2-598239125,S3-517237424
S1-603841140	S2-53196821,S3-378445966,S2-661126069,S2-252063613
S1-219489454	
S1-473556804	
S1-814308908	S3-983557451,S3-76919344,S2-583917792
S1-462474582	
S1-526111653	S3-817956931,S3-590430357,S2-526846289,S2-602950848
S1-895654991	
S1-913859846	
S1-499101509	S3-418340613,S3-575402122
S1-871503970	S2-951319098,S2-366380339,S3-286921744,S2-6141936
S1-333900197	S2-553990941,S2-594456104,S3-127861833,S2-37869213
S1-593122729	S2-874972222,S3-242681142,S2-586238300
S1-802831351	
S1-485715525	S3-982772937,S2-716901361
S1-590140391	S2-840155302
S1-707265864	S2-793387754,S2-96185126
S1-872140900	S2-502481708,S3-116468364,S3-969022966,S3-502872791
S1-973197362	
S1-964632146	
S1-353040836	
S1-776523380	
S1-692934462	
S1-198165146	
S1-529270939	
S1-894941625	S2-577339826,S3-587366083
S1-784017016	S3-22858953,S3-300333418,S3-625392851
S1-447697268	S3-715401900,S3-416991698,S2-104350779,S3-327537050
S1-868118371	S2-44911084,S2-954327473,S3-644972728,S2-409920730
S1-130615892	S3-433903158,S2-155278863
S1-270463211	S2-290620256,S3-714733230,S3-557990795,S3-383440876
S1-763261670	S3-26592221,S2-203586915,S3-146992812,S3-985014215
S1-716959277	S3-957132240,S3-389433987,S3-463905219,S3-924343819
S1-206012275	
S1-459605757	S2-46563190,S2-901750147,S2-425789824
S1-787972200	
S1-350035121	S3-243293473,S3-948634498,S2-499496826,S2-206027325
S1-146301491	S3-828246331,S3-474090112,S2-252284090,S3-683758986
S1-782764606	S2-649741576,S3-643504536,S3-900868066
S1-304112460	
S1-270647585	
S1-411563139	
S1-664239554	
S1-962406027	
S1-518219413	S2-660840183
S1-861008604	
S1-600847292	
S1-419644000	S3-274660056,S2-888077591
S1-617153234	S2-309591865,S3-112926994
S1-42738060	
S1-388680199	S2-855020649,S2-235879000,S3-445566109,S3-96013961
S1-528925231	
S1-848709882	S2-533136422,S2-733255046,S3-287390861,S3-565803788
S1-391219923	S2-176261753,S3-193484540
S1-333916057	S3-154526077,S3-215562811
S1-167040848	S3-451375629,S3-503954299,S2-582084582
S1-970238319	S2-626793397,S3-193669487,S2-682468245
S1-995164396	S3-282014243,S3-339206348,S2-313387305
S1-953303735	
S1-588835873	S2-879185176
S1-43200337	
S1-664453017	
S1-785969681	
S1-524116843	
S1-187652802	S2-235984018
S1-610044786	S3-398785028,S2-996146818,S3-399358915
S1-461439032	
S1-928444639	S2-672722422
S1-983842574	
S1-961036706	S2-98005992,S2-24228216,S3-844345164,S3-501578555
S1-725271380	S3-173755247,S3-292463508
S1-455985967	S3-219685454,S3-433994181,S2-194807123
S1-942930656	S3-337474240,S2-110339739,S2-277987961
S1-741898938	S3-574222862,S2-411457278
S1-759365135	
S1-759223120	
S1-750028391	
S1-899813371	S2-298501296,S3-827591868,S2-86769165
S1-260456565	S2-152614481,S3-382209731
S1-491436200	S2-261481712,S3-28605048
S1-939936419	S2-676107402,S3-743730804,S3-294915579,S2-517833743
S1-736976800	S3-413576052,S3-785398689,S3-198362550,S2-686122769
S1-606794232	S2-808532159,S3-239886543,S3-858305927,S2-649870608
S1-784677435	S2-860102859,S2-359338765,S2-701323060
S1-956505484	S3-460962217,S3-515763544,S3-383853237,S3-597733550
S1-203981211	S2-651929344,S3-22091693,S3-784804392,S2-80192865
S1-921615563	S3-517548426,S3-409996027,S2-694453241,S2-258178816
S1-98422131	S2-634368054,S2-969265998,S3-937077696
S1-641814732	S2-5804045,S2-628058223,S2-377438216
S1-605798030	
S1-434670037	S2-79300397
S1-905212252	
S1-157135809	S3-253285529,S3-590531732,S2-581648957,S2-532676709
S1-710140328	S3-80851337,S3-406798936,S3-904259006,S3-120341119
S1-818573114	
S1-935266202	
S1-365107558	S3-747559152
S1-591169265	S3-331515218,S3-314865615,S2-925270404
S1-931827058	S2-41501168,S3-276647736
S1-718118963	
S1-408663927	
S1-684022528	S2-450167615,S3-840994184,S3-827809115
S1-340074296	S3-730307342,S2-79959130
S1-354857516	S2-946706961,S2-525744081,S3-724872018,S2-963830590
S1-557108984	S3-370955352
S1-452402038	
S1-951126468	S3-106127439,S3-162052546,S3-652228838,S2-397405594
S1-517808798	S2-128521946,S3-831373748,S3-880983550
S1-118859806	S3-348623092
S1-6866059	S3-151599896,S3-779479891,S2-407862354
S1-664752852	S2-5814053,S3-124904830,S3-708404310,S3-494612950
S1-341275162	S3-346897045,S2-718123423,S3-967860903,S3-200167919
S1-82782022	
S1-719885019	
S1-68337548	S3-194959564,S2-144923486
S1-529931481	S3-743819337,S2-687098651
S1-945942569	
S1-429482474	
S1-492898047	
S1-379603039	S3-148363071,S2-17809065,S3-927310956,S3-940242136
S1-201935836	S3-331589819,S2-278658717,S2-31026707
S1-271878772	
S1-694586027	S3-427674006,S2-911511819,S2-600666679,S2-563593352
S1-697354922	S2-792918473,S2-551566255
S1-511473185	S3-661644539,S3-279475395,S2-592988681
S1-750073606	S2-420472575,S3-607110653,S3-471866930,S3-442321284
S1-209775776	
S1-23119153	S3-602808876,S2-949833178,S2-147784924,S2-458407620
S1-550532576	
S1-674831028	S3-806723070,S2-721479754
S1-73153274	S3-307455711,S3-289605659,S3-353479460,S2-409798649
S1-995454684	S3-55589525,S2-671610222
S1-686836411	S3-704648487,S2-491389775
S1-377546530	
S1-52712469	S3-839778485
S1-970004667	
S1-653270250	S3-817753349,S3-339649032,S3-474384404,S3-188752418
S1-675831088	S2-520096159,S2-599317936
S1-413459261	
S1-551889561	
S1-812907570	
S1-180356987	S2-27491925,S3-512718423,S3-990610538
S1-956018083	S3-182057945
S1-637184678	S3-644895351,S3-527173462,S2-444694560,S2-197593265
S1-780304363	
S1-646063842	S3-279521891,S3-395922226,S2-356256190
S1-290562654	S2-93725067,S2-613903296,S2-425618538,S2-807146997
S1-691404134	S2-92467605,S3-253217527,S3-282944530,S2-520109773
S1-479782271	
S1-165170794	S3-95497052,S3-113647370
S1-132072282	S2-561609687,S2-726238885
S1-125376518	
S1-942837821	S3-197837094,S3-602372991,S2-919367309,S2-483316938
S1-227367905	S2-774906858,S2-425231492,S2-843663204,S3-716083520
S1-565088885	
S1-774848541	S3-399788940,S2-35747313,S2-197269906
S1-600116775	
S1-50979937	S3-733522693,S2-865080895,S2-829327967,S2-857353341
S1-169487929	
S1-529669539	S3-315729736,S3-149754072,S2-417373943
S1-399465411	S3-149408544,S2-538994410,S3-676389732
S1-880607870	
S1-347227903	S2-745052626,S3-847873728,S3-298423814
S1-840821376	S2-454835537,S2-226040521
S1-222658498	S3-3116716,S3-684072312,S2-632996493
S1-273186352	S3-427224781,S3-516698736
S1-506062489	S2-915011845
S1-115800390	S2-573067705
S1-478757846	
S1-746674183	
S1-356207113	
S1-722666225	
S1-52771302	
S1-755695588	
S1-635404786	
S1-454602057	S3-370152925,S3-40446501,S2-154339675
S1-889732907	
S1-437110762	S2-452264006,S3-219990170,S3-315750088
S1-560759953	
S1-106204736	S2-349362842,S2-62417137,S3-756483051,S3-515093491
S1-117012264	S2-73608761,S2-727598719,S3-522158490,S3-260286469
S1-756139402	S3-188303268,S3-508719143,S2-475766481
S1-531404217	
S1-523761450	
S1-82680701	S2-150777890,S2-783644249,S3-93518258
S1-767710085	
S1-369678439	S2-177422399,S3-992101411
S1-951258073	S3-910533949,S3-273186533,S2-352848919,S3-241300595
S1-718951029	S2-316760721,S2-642301156,S2-404823172
S1-347755519	S3-232704744,S3-418790407,S2-513664112
S1-89927161	
S1-913788708	
S1-530918449	
S1-246954562	S2-587402813,S2-694830148,S2-817489424,S2-938747343
S1-290776815	S3-178632861,S3-969811933,S2-848549583
S1-195795741	
S1-644114746	
S1-912601104	S3-637462461,S2-992919488,S2-821597467
S1-594932982	
S1-206050791	S3-248218164,S2-467539278,S2-139415602
S1-420460883	
S1-264307964	S2-88989896,S2-521100869,S2-992720160
S1-821359440	
S1-595787248	S2-339048898,S2-831572622,S2-466694574
S1-509635264	S2-935571519,S2-463531150,S2-122907468,S3-890058022
S1-414094416	S2-81308390,S2-327382347
S1-676361798	S3-95975542,S3-278974517,S3-867167820
S1-161277691	S2-17776298
S1-74496341	S2-280422599,S3-858227167,S3-584812216,S2-988170331
S1-788629423	
S1-502065341	S2-800824587,S3-897930066,S3-960746844
S1-583426583	S2-213268112,S3-611103562,S3-438632922,S3-442706662
S1-751392574	S3-961176083,S3-153204078
S1-281726668	
S1-544649311	S2-815117029,S3-196157147,S2-517415137,S2-795279611
S1-320908757	S3-694559468,S2-824224480,S3-389220553,S2-887080633
S1-142675027	S2-435986753,S2-681154177,S3-898985408,S3-211525612
S1-523921164	
S1-884585555	S2-667022672,S3-907628222,S2-190844667
S1-427602399	
S1-386659816	S2-360918469
S1-944365908	S2-339033203,S2-534531492,S3-263981770,S3-487495311
S1-113737702	
S1-3342513	S3-722672474,S3-59433337,S3-787806456
S1-687004249	S2-131323104,S3-974478553,S3-598550120,S2-633245694
S1-806242978	S2-553704938,S3-846387572
S1-845007116	S2-646738148,S3-420716398,S2-643686680
S1-400902566	
S1-3361270	
S1-456575222	S3-158520596,S3-479942075,S2-354494101
S1-992222008	S2-594603947,S2-826052648
S1-281340935	
S1-590559944	S3-855001717,S3-853711636,S2-86857120,S2-538360831
S1-163227378	
S1-525583783	
S1-409730434	
S1-237144984	S2-215014006,S3-343570527
S1-534063875	S2-718341164,S3-877640109
S1-711940513	S3-929553684,S2-480855527
S1-677040407	S3-87025202,S3-991266514
S1-705907387	S2-891293244,S3-618770178,S3-806487809
S1-976799348	S3-847378240
S1-381410973	S2-221272101,S3-111850837,S2-481014267,S2-415666697
S1-664301320	S2-57148360,S2-673100964
S1-654192827	S2-254277417,S3-729650256
S1-943071914	
S1-291289935	
S1-574295791	S3-520457326,S2-327611892,S2-239730352
S1-637205981	S2-647329992
S1-969326099	S2-836782935
S1-156479118	
S1-448554666	
S1-464213053	
S1-48479328	
S1-438429409	
S1-201304670	
S1-576610434	S3-395801230,S3-21817513,S2-675600679,S2-281878127
S1-966309975	S3-135162247,S2-14773876,S2-234859408
S1-848852706	
S1-308787982	S3-930107570,S3-947700134
S1-697859384	S3-918152188,S3-76425563,S3-3397289,S3-259616334
S1-997628666	S2-906336676,S2-37915840,S3-989772113
S1-641037548	S3-649413740,S3-994454051,S2-72562877,S2-128519673
S1-201231118	
S1-62376811	
S1-137910615	S2-492005141,S3-432536555
S1-211500503	S3-998171195,S2-634053400,S2-819356376
S1-89531909	S2-366291668
S1-962110718	S2-490382401,S3-276097814,S3-429587912
S1-77986361	S2-885835187,S3-192929815,S3-112175152,S2-554178767
S1-243894783	S2-197019140,S3-762010365
S1-294082279	
S1-29633106	S3-805649655,S3-545535542,S2-532334424,S2-311229601
S1-756666344	
S1-80019305	S2-928843338,S3-980895046,S3-422402272,S2-568776482
S1-922169481	
S1-275625087	S3-854632177,S3-903145772,S3-804048230,S2-855969961
S1-267326796	
S1-13219071	S2-661963900,S2-460018839,S3-339610165,S3-177202949
S1-628686444	S2-224936907,S3-588865370
S1-516225010	
S1-326844935	
S1-261972325	
S1-947646935	S2-782548790,S2-242182487,S2-733226157,S3-482935686
S1-621837185	
S1-348542535	S2-946950225,S2-459331952,S3-844690505,S3-994704807
S1-491485486	
S1-271682331	
S1-406559496	S3-83263707
S1-578004999	
S1-788429822	S2-48212881
S1-45050651	S3-463919008,S3-490583620,S3-74400781,S2-197931646
S1-423088834	
S1-847165089	
S1-981901424	S2-602322899,S2-776717952,S2-588145319,S3-452528219
S1-190621356	S2-129184350,S2-926452322,S3-738082128
S1-110213108	S2-104154117,S3-738363289,S3-951188580,S3-297686523
S1-793808863	S3-67937968,S3-130750187,S3-287180684
S1-537862289	S2-495512589,S2-76627345,S3-219941082
S1-526242911	S3-586711539,S2-571516161,S2-19621507
S1-720770595	S3-734659326
S1-494885599	S2-146757218,S3-1370257,S3-974213798,S3-310727590
S1-197397786	S3-918821486
S1-346715589	S3-591094339,S3-683280967
S1-262351198	
S1-415824404	
S1-118833713	S2-470890518,S3-930055954,S3-456239872,S3-209540536
S1-13019350	S2-38572210,S2-107586129,S2-828902933,S3-228214580
S1-135230800	
S1-348287004	S3-301042091
S1-201003580	S3-116297949,S2-788767323
S1-17111219	
S1-544038306	S3-698719429,S2-43164514,S3-665400572,S3-301472944
S1-696261930	S3-88372085,S3-736375794,S2-62723390
S1-548355226	S3-172293108,S3-159837213,S3-962532754,S3-254267384
S1-769613567	S3-626690622
S1-702716380	S3-578581830,S3-996178435
S1-192614168	
S1-890696366	S2-268759500
S1-371393795	
S1-850668147	
S1-968380327	
S1-863945414	
S1-732794679	
S1-808450498	
S1-39730353	
S1-428576054	
S1-809310538	
S1-563293396	S3-515112199,S2-533732785,S2-104421644,S3-17228425
S1-838462601	S2-675256722,S3-941555290,S3-758591901,S2-847247393
S1-196373806	S3-717568955,S3-910145872
S1-232261318	S3-353432100,S2-322923482
S1-988804191	S3-283265187,S3-944699651,S3-379904651,S2-384093503
S1-596305632	
S1-11837463	
S1-228392490	
S1-693291961	S3-669636639,S2-495759658,S2-574717821
S1-400257186	S2-537641319,S2-176856605
S1-542114632	S2-781521293,S2-117294916,S3-491861515
S1-484043593	S2-546563017,S2-212383156
S1-585557615	
S1-957302326	
S1-113711129	
S1-547817101	S2-567510866,S3-182861097
S1-417688321	S3-261951570
S1-75614346	S3-628526863,S2-315333700
S1-264471128	
S1-141429589	S3-63805948,S2-381404060
S1-909731251	
S1-575738428	
S1-66592928	
S1-969928877	S3-909567640,S3-919515900
S1-843267643	S2-483287538
S1-506843957	S2-625887872,S3-203808126
S1-886066098	
S1-361421905	
S1-66378630	
S1-43561052	S3-68321150,S2-964707111,S2-109481114
S1-779109502	S2-450052288,S2-311744488,S2-278098843,S3-135056910
S1-796675381	S3-621322979,S2-523856167
S1-329071271	S2-761529639
S1-941708077	S2-328905909,S3-387050811
S1-581819469	
S1-351420813	S3-455965318,S2-387684100
S1-809063515	S2-583857017
S1-957766764	
S1-296890843	
S1-371090697	S2-949112680,S3-820296680,S3-588518862,S3-539960809
S1-765206676	S2-26664516,S2-957022267,S3-172987836
S1-722250847	
S1-810065566	S2-931384365,S3-102841307,S2-566685027,S2-724468806
S1-741479586	
S1-27870244	
S1-364943688	
S1-560902081	S2-420443275,S3-746834022
S1-22638409	
S1-465036428	S3-600762337,S3-926930944,S2-570520710,S2-380840599
S1-296100408	S3-879367043
S1-127473517	
S1-101873776	S2-399460601,S3-976515606,S3-79417954,S3-631983012
S1-482337364	S2-374676419,S3-528261799,S3-225028368,S2-780315801
S1-668835649	S2-316326520,S3-497081952,S3-689317102
S1-402353764	
S1-373538891	
S1-184851000	S2-745074477,S2-109624798,S3-942561220,S2-249342802
S1-500709207	S3-148837359,S2-83337064
S1-449279261	S2-781479282
S1-632018293	
S1-176298194	
S1-393833216	S3-532656027,S3-576630189,S2-624601437
S1-308376796	S2-60524135,S2-283436892,S2-149560624,S3-776163828
S1-949903449	S3-279220743,S2-631894148
S1-468729058	S3-764900679,S3-212354417
S1-638032828	
S1-399475534	
S1-675021994	S3-867205487
S1-512705745	S3-58315117
S1-655223939	S2-203297663
S1-325566812	S3-661206228
S1-300172221	S3-581256591,S2-243521755,S2-101673062,S3-286720059
S1-158403281	
S1-106161052	S2-658562800,S3-366803901,S3-598340744
S1-981620130	
S1-168149981	
S1-820779251	S3-563349083,S2-908351516,S3-581372799,S2-932736009
S1-56885226	
S1-533163815	
S1-464769608	
S1-208685068	
S1-685130422	S3-737996947,S2-898371196,S2-895841033
S1-17966159	S3-391892218,S3-358236843,S2-95778077,S2-237606327
S1-626028434	S3-767053187,S3-816812321,S3-129792217
S1-517660172	S2-545994770,S3-653119295,S3-464358301
S1-163590167	
S1-634529284	S2-948199790,S3-627528848
S1-941377406	
S1-811086621	S2-382057384,S2-608234169,S3-738420610
S1-696543735	S2-966230121,S2-530698666,S2-36412776,S3-465498145
S1-814693735	
S1-673751641	
S1-584313753	
S1-460339338	
S1-860119751	
S1-959802050	
S1-837461959	
S1-775245424	
S1-38951963	
S1-655610013	
S1-791745185	
S1-483736076	
S1-43532325	
S1-482367752	
S1-319957679	
S1-189210362	
S1-33874376	
S1-661858870	
S1-151543261	
S1-468010685	
S1-820333667	
S1-685228920	
S1-727929755	
S1-458741213	
S1-725321015	
S1-201806433	
S1-381182829	
S1-675435343	
S1-418870090	
S1-274530034	
S1-741264449	
S1-446666021	
S1-898254963	
S1-333961661	
S1-362920229	
S1-806337577	
S1-460165036	
S1-926770749	
S1-78899821	
S1-281473868	
S1-467029833	
S1-501629082	
S1-872316210	
S1-957584490	
S1-981624490	
S1-786121820	
S1-756464811	
S1-924494920	
S1-407519985	
S1-804013145	
S1-698415784	
S1-169177923	
S1-557545065	
S1-51145737	
S1-483327290	
S1-441022772	
S1-586096472	
S1-677687337	
S1-81831893	
S1-167862131	
S1-777066492	
S1-966716476	
S1-555147515	
S1-785703613	
S1-187721846	
S1-357498168	S3-147770781
S1-538882137	
S1-86026250	
S1-883393880	
S1-461571707	
S1-419699496	
S1-754998987	
S1-972550884	
S1-512244419	
S1-459326880	
S1-2014727	
S1-801425279	
S1-503071414	
S1-111005323	
S1-113006017	
S1-936727256	
S1-994558865	
S1-115596676	
S1-666078575	
S1-273294182	
S1-474273732	
S1-526651890	
S1-291378356	
S1-474598936	
S1-378832112	
S1-788928032	
S1-725564612	
S1-458295519	
S1-369518908	
S1-177552398	
S1-310787356	
S1-990159257	
S1-263140450	
S1-416945324	
S1-864336787	
S1-575253195	
S1-553976843	
S1-893659875	
S1-254305267	
S1-921803087	
S1-969733984	
S1-741391969	
S1-598071858	
S1-569334037	
S1-528818985	
S1-809430976	
S1-717182101	
S1-705741692	
S1-428386631	
S1-947366288	
S1-387947917	S3-957423735
S1-996963096	
S1-70233946	
S1-987310450	
S1-652794360	
S1-529734124	
S1-552386060	
S1-935496296	
S1-274878662	
S1-537453660	
S1-490470053	
S1-901773654	
S1-697949999	
S1-548343549	
S1-417965190	
S1-759093814	
S1-451826695	
S1-212321562	
S1-532898059	
S1-298569975	
S1-182266833	
S1-582278335	
S1-698763274	
S1-529350271	
S1-352208913	
S1-917549017	
S1-919758913	
S1-403125888	
S1-391050031	
S1-649267606	
S1-811146934	
S1-554948170	
S1-925094818	
S1-419992274	
S1-311358293	
S1-179220890	
S1-614787343	
S1-263178043	
S1-970759503	
S1-12366500	
S1-289266944	
S1-965976178	
S1-979673570	
S1-735587879	
S1-672160523	
S1-549734931	
S1-709619917	
S1-241194118	
S1-954831301	
S1-949614671	
S1-182078491	
S1-605653497	
S1-862239334	
S1-930944517	
S1-647557401	
S1-22129782	
S1-604175600	
S1-897030130	
S1-715857921	
S1-992019487	
S1-193892784	
S1-504202222	
S1-691189017	
S1-95162825	
S1-603300311	
S1-881570917	
S1-893810924	
S1-897841850	
S1-867281537	
S1-195140934	
S1-297988973	
S1-791195369	
S1-972714657	
S1-849090501	
S1-151006229	
S1-510811161	
S1-587883169	
S1-686939073	
S1-584356295	
S1-335977965	
S1-29507905	
S1-180377361	
S1-182882653	
S1-286683558	
S1-642675235	
S1-988580698	
S1-646590679	
S1-417161579	
S1-228894590	
S1-963882780	
S1-795100762	
S1-602946461	
S1-674121823	
S1-77944695	
S1-711207556	
S1-991308476	
S1-332536783	
S1-758369311	
S1-916866030	
S1-167780788	
S1-221128960	
S1-14562449	
S1-654025090	
S1-201288351	
S1-578231987	
S1-146762648	
S1-748879691	
S1-796609332	
S1-353017337	
S1-298186058	
S1-876461610	
S1-798220	
S1-541948848	
S1-901987480	
S1-859464099	S2-640773267
S1-500178772	
S1-209527152	
S1-421200912	
S1-499371099	
S1-142036640	
S1-898513941	
S1-210589475	
S1-790844729	
S1-556301516	
S1-734819240	
S1-82951166	
S1-687735175	
S1-664150770	
S1-682141848	
S1-683970576	
S1-752815143	
S1-883274237	
S1-750388990	
S1-86589138	
S1-463324466	
S1-465245256	
S1-898296829	
S1-162262298	
S1-215002314	
S1-215730545	
S1-379724542	
S1-462069583	
S1-37626774	
S1-850703612	
S1-210104138	
S1-180898530	
S1-325534772	
S1-881650064	S2-866617113
S1-820655308	
S1-738833277	
S1-989260774	
S1-892429805	
S1-454881480	
S1-97481136	
S1-926965408	
S1-336741982	
S1-830853900	
S1-815151995	
S1-84681472	
S1-762352685	
S1-392615177	
S1-724030169	
S1-383362378	
S1-10010172	
S1-784850650	
S1-591113814	
S1-975929360	
S1-144633363	
S1-365741339	
S1-545242604	
S1-670928143	
S1-671497437	
S1-159737266	
S1-954269412	
S1-352447686	
S1-330762141	
S1-28370408	
S1-157696828	
S1-196689794	
S1-256215878	
S1-671564602	
S1-306312292	
S1-233717512	
S1-111690809	
S1-112593291	
S1-868576213	
S1-306985220	
S1-131746170	
S1-982294881	
S1-473059618	S2-696897428
S1-433840073	
S1-56542593	
S1-308063073	
S1-162130652	
S1-896007241	
S1-718182596	
S1-704872099	
S1-216843916	
S1-164502502	
S1-609362462	
S1-562204447	
S1-271023149	
S1-612637823	
S1-42116963	
S1-861497886	
S1-897606403	
S1-691828431	
S1-438371510	
S1-714277332	
S1-154452618	
S1-168226804	
S1-422844627	
S1-407467496	
S1-510860988	
S1-7171395	
S1-218413363	
S1-754845030	
S1-297575569	
S1-108162612	
S1-624773180	
S1-77456316	
S1-501413554	
S1-573794228	
S1-871391226	
S1-127050688	
S1-626292672	
S1-504227134	
S1-272550424	
S1-183843585	
S1-653326193	
S1-972032401	
S1-50989727	
S1-710522136	
S1-161966634	
S1-219997781	
S1-926734603	
S1-465377662	
S1-765256011	
S1-905764163	
S1-582106949	
S1-905533273	
S1-175121998	
S1-879818895	
S1-814871247	
S1-62234158	
S1-172018446	
S1-224932438	
S1-758295732	
S1-409309402	
S1-852994957	
S1-547599057	
S1-328471324	
S1-536152720	
S1-930991043	
S1-963080695	
S1-222358179	
S1-394215265	
S1-487966213	
S1-638163872	
S1-350962177	
S1-39245956	
S1-557089026	
S1-155587652	
S1-722239924	
S1-677936033	
S1-446960938	
S1-138879270	
S1-666464942	
S1-834501159	
S1-304332559	
S1-228338860	
S1-761197770	
S1-527598087	
S1-19159549	
S1-816573329	
S1-814352173	
S1-564287905	
S1-359861308	
S1-375984812	
S1-306128076	
S1-3167481	
S1-769009292	
S1-523743556	
S1-378372420	
S1-57177488	
S1-497732194	
S1-477850525	
S1-810574816	
S1-714635068	
S1-200014172	
S1-768604014	S3-782511292
S1-800893794	
S1-615856850	
S1-161916036	
S1-27500003	
S1-969467050	
S1-614461300	
S1-18709501	
S1-577764270	
S1-424919492	
S1-459041240	
S1-834773617	
S1-429663231	
S1-991278611	
S1-658591116	
S1-31839266	
S1-510690310	
S1-658894148	
S1-253496140	
S1-207887682	
S1-277782205	
S1-773044015	
S1-455294113	
S1-281685687	
S1-678685754	
S1-226454120	
S1-535319917	
S1-445787929	
S1-768231563	
S1-544446202	
S1-147197254	
S1-349539502	
S1-405453241	
S1-24549938	
S1-764314241	
S1-913312109	
S1-15587986	
S1-313554161	
S1-106754092	
S1-1671758	
S1-455722561	
S1-860611112	
S1-943056048	
S1-306386121	
S1-188762110	
S1-317290739	
S1-842918870	
S1-78582388	
S1-701880567	
S1-917587782	
S1-745254388	
S1-792025934	
S1-237022825	
S1-837588087	
S1-234429509	
S1-807583158	
S1-535657637	
S1-180412085	
S1-48661062	
S1-219858998	
S1-185067961	
S1-337707063	
S1-637807793	
S1-39856068	
S1-760079791	
S1-594758354	
S1-781447822	
S1-315092007	
S1-216405419	
S1-703836178	
S1-792958598	
S1-753422827	
S1-327333773	
S1-382750045	
S1-259575823	
S1-4601089	
S1-311368031	
S1-903398637	
S1-992740694	
S1-404151940	
S1-550371837	
S1-397878911	
S1-454768161	
S1-7742529	
S1-268488843	
S1-178492321	S2-529605721,S2-32461760
S1-928383671	
S1-230776679	
S1-874243734	
S1-600769140	
S1-552280849	
S1-687351167	
S1-150899330	
S1-604697423	
S1-424093882	
S1-991965472	
S1-797257458	
S1-163139752	
S1-789318942	
S1-494912230	
S1-713511306	
S1-748229838	
S1-325374044	
S1-802350109	
S1-670051256	
S1-21556908	
S1-646154896	
S1-981956240	
S1-899639681	
S1-730226499	
S1-397995186	
S1-766886722	
S1-843422341	
S1-315319769	
S1-839975114	
S1-63149656	
S1-142915523	
S1-259891932	
S1-321132441	
S1-258826682	
S1-803333313	
S1-519583650	
S1-110246242	
S1-951836841	
S1-521945828	
S1-586418695	
S1-396857555	
S1-159073383	
S1-168649608	
S1-382966656	
S1-55801052	
S1-957935717	
S1-6957372	
S1-856453892	
S1-789967779	
S1-633818431	S3-210073296
S1-338583972	
S1-145668533	
S1-219561492	
S1-988767012	
S1-533959436	
S1-54652431	
S1-675434006	
S1-605770298	
S1-171109691	
S1-495962289	
S1-183128677	
S1-285046094	
S1-919500455	
S1-7892525	
S1-301253340	
S1-311686245	
S1-673381452	
S1-630000244	
S1-761653424	
S1-550982799	
S1-997000487	
S1-667854432	
S1-817105565	
S1-14703858	
S1-492447301	
S1-770384408	
S1-516577652	
S1-941706254	
S1-137601698	
S1-201057147	
S1-822073929	
S1-925270909	
S1-627380404	
S1-954143490	
S1-163939181	
S1-903565872	
S1-806511725	
S1-246519495	
S1-282878889	
S1-24970055	
S1-267693581	
S1-901158754	
S1-58201724	
S1-606068198	
S1-810107002	
S1-777977085	
S1-47729927	
S1-253219142	
S1-865644914	
S1-430546773	
S1-917752129	
S1-694335800	
S1-511023744	
S1-839142431	
S1-141471667	
S1-626636383	
S1-312554901	
S1-593402567	
S1-39222365	
S1-848139089	
S1-848487255	
S1-205435327	
S1-835069986	
S1-683854966	
S1-39915275	
S1-155725554	
S1-158188321	
S1-77163549	
S1-501124440	
S1-567465128	
S1-362794685	S3-671666769
S1-980178663	
S1-615338123	
S1-55173075	
S1-610814184	
S1-49976700	
S1-949533391	
S1-385406890	
S1-413689373	
S1-361649985	
S1-711498821	
S1-772742016	
S1-501136399	
S1-843938251	
S1-540362818	
S1-715666720	
S1-605688052	
S1-827838136	
S1-761896567	
S1-265313283	
S1-778012920	
S1-519051781	
S1-570802715	
S1-677747559	
S1-111646700	
S1-575373713	
S1-915768736	
S1-420180838	
S1-359828263	
S1-218859026	
S1-772626632	
S1-95663165	
S1-565331116	
S1-234513703	
S1-299367178	
S1-397161994	
S1-984924568	
S1-321238795	
S1-323853714	
S1-35630419	
S1-143496630	
S1-249399010	
S1-86856188	
S1-147458250	
S1-671726143	
S1-372561333	
S1-199374527	
S1-721363610	
S1-380583380	
S1-347266856	
S1-532070307	
S1-20990025	
S1-810598618	
S1-749474157	
S1-814333016	
S1-209828616	
S1-718857304	
S1-880664011	
S1-240091250	
S1-864671403	
S1-784235955	
S1-352065991	
S1-517658115	
S1-197015275	
S1-822460486	
S1-356489000	
S1-91988313	
S1-272542958	
S1-55177106	
S1-963902502	
S1-826488672	
S1-907124854	
S1-537931340	
S1-487651984	
S1-256153933	
S1-68251655	
S1-290680084	
S1-649654406	
S1-399428426	
S1-738204179	
S1-817923701	
S1-388458221	
S1-689444475	
S1-123524907	
S1-901269282	
S1-502237508	
S1-416330369	
S1-893800666	
S1-487908338	
S1-176306967	
S1-871701899	
S1-995645362	
S1-846181961	
S1-48280483	
S1-761809029	
S1-335376953	
S1-847544231	
S1-460124771	
S1-681170208	
S1-942215001	
S1-628625881	
S1-79090527	
S1-356688299	
S1-147694381	
S1-989028541	
S1-941937883	
S1-663170534	
S1-497962230	
S1-688947472	
S1-117420352	
S1-256379174	
S1-951930445	
S1-281387281	
S1-45326466	
S1-466661274	
S1-593233389	
S1-593189655	
S1-732906340	
S1-302563203	
S1-857413953	
S1-595811032	
S1-865665382	
S1-453579745	
S1-737988157	
S1-779273310	
S1-8568435	
S1-825042704	
S1-188888324	
S1-442313406	
S1-6563052	
S1-307660157	
S1-210319740	
S1-372932599	
S1-351869769	
S1-885047872	
S1-544654814	
S1-296051876	
S1-800260153	
S1-98915078	
S1-244958518	
S1-469579090	
S1-430540284	
S1-231865488	
S1-458909952	
S1-184739260	
S1-58442268	
S1-742682059	
S1-741748063	
S1-797929699	
S1-264460015	
S1-674850743	
S1-801513114	
S1-348976577	
S1-806858626	
S1-238262937	
S1-303371528	
S1-234752292	
S1-674992308	
S1-520533623	
S1-743941375	
S1-582848876	
S1-326573634	
S1-727162595	
S1-798264372	
S1-914660242	
S1-671299365	
S1-974034079	
S1-820919372	
S1-553991665	
S1-929744007	
S1-159730158	
S1-43717186	
S1-847561990	
S1-926597181	
S1-181740674	
S1-458037350	
S1-126299540	
S1-928648253	
S1-870287834	
S1-580167338	
S1-34635090	
S1-755648616	
S1-975242545	
S1-721346997	
S1-479953994	
S1-999926151	
S1-496335818	
S1-143731392	
S1-352549799	
S1-643380524	
S1-241363930	
S1-505157130	
S1-312381862	
S1-615079682	
S1-138013527	
S1-948530068	
S1-515688566	
S1-895057500	
S1-988232762	
S1-39949637	
S1-475305991	
S1-577825990	
S1-328048980	
S1-181569757	
S1-359890019	
S1-796366907	
S1-385821537	
S1-962004953	
S1-186817957	
S1-352612082	
S1-928963549	
S1-901724055	
S1-246429876	
S1-650903734	
S1-836831898	
S1-454105305	
S1-851051906	
S1-41979841	
S1-952866279	
S1-378791521	
S1-335655851	
S1-449398417	
S1-533181155	
S1-668548875	
S1-474958995	
S1-437904632	
S1-338522536	
S1-576649492	
S1-63299970	
S1-82986468	
S1-21608056	
S1-535042509	
S1-821173060	
S1-313242774	
S1-476855050	
S1-508544481	
S1-917368403	
S1-560386221	
S1-376622840	
S1-527693268	
S1-797408683	
S1-921152255	
S1-953907778	
S1-942650901	
S1-576164440	
S1-139107723	
S1-505655062	
S1-400718155	
S1-880007306	
S1-371680549	
S1-441449063	
S1-594410785	
S1-434839218	
S1-526433700	
S1-821788076	
S1-167983232	
S1-823734376	
S1-606681603	
S1-333012061	
S1-703828858	
S1-353242236	
S1-835565968	
S1-131011592	
S1-167761670	S2-834475342
S1-747735937	
S1-913931871	
S1-869876458	
S1-466931313	
S1-502406189	
S1-967273090	
S1-976426733	
S1-558379126	
S1-723053962	
S1-559259781	
S1-964414485	
S1-960058728	
S1-249322607	
S1-966979101	
S1-140169171	
S1-595709215	
S1-227684861	
S1-577484397	
S1-86423527	
S1-60525547	
S1-397791292	
S1-125506101	
S1-737524959	
S1-289503336	
S1-231390515	
S1-409236197	
S1-540248225	
S1-129742274	
S1-71511284	
S1-213978622	
S1-365299179	
S1-741530614	
S1-394908222	
S1-494152715	
S1-696256467	
S1-808793526	
S1-988771113	
S1-533227023	
S1-95740706	
S1-350973978	
S1-90194102	
S1-390883898	
S1-260220896	
S1-267925514	
S1-372885477	
S1-517294831	
S1-864768952	
S1-390860399	
S1-417506776	
S1-696734088	
S1-939660894	
S1-4134126	
S1-553951318	
S1-591775288	
S1-18754421	
S1-346781318	
S1-235632801	
S1-609699823	
S1-742609323	
S1-38770013	
S1-301083345	
S1-60591506	
S1-808264856	
S1-868345340	
S1-246516106	
S1-425232737	
S1-746333352	
S1-948793526	
S1-714868740	
S1-41002642	
S1-470704885	
S1-754998288	
S1-598581191	
S1-358526060	
S1-235784137	
S1-385497156	
S1-20190668	
S1-248227838	
S1-161860302	
S1-3575725	
S1-909730724	
S1-80256496	
S1-607763221	
S1-403788280	
S1-464513780	
S1-416502267	
S1-626413758	
S1-986318908	
S1-713817176	
S1-174295234	
S1-116973608	
S1-370791160	
S1-754736988	
S1-640597155	
S1-544760260	
S1-65780653	
S1-884779672	
S1-167413762	
S1-297077312	
S1-366398484	
S1-981173103	
S1-311529738	
S1-845866803	
S1-13162128	
S1-878313318	
S1-978464424	
S1-612979289	
S1-601685799	
S1-619305301	
S1-671084013	
S1-103767036	
S1-283327379	
S1-401900991	
S1-535268695	
S1-200325292	
S1-724836364	
S1-121758336	
S1-820284018	
S1-136127098	
S1-893653721	
S1-634637207	
S1-879210692	
S1-722723946	
S1-111865663	
S1-410679583	
S1-36199383	
S1-72150862	
S1-150758786	
S1-491774380	
S1-963425360	
S1-576572852	
S1-428630317	
S1-336007106	
S1-299709141	
S1-150079203	
S1-342093605	
S1-692403593	
S1-981978074	
S1-339400028	
S1-192496127	
S1-103742329	
S1-136592473	
S1-537829660	
S1-166150259	
S1-80823708	S3-337836894
S1-110085660	
S1-324790459	
S1-771161733	
S1-951403992	
S1-351908524	
S1-336772320	
S1-233048167	
S1-119895587	
S1-582749753	
S1-721396707	
S1-493650551	
S1-855644543	
S1-930340305	
S1-942072801	
S1-640214119	
S1-8534696	
S1-699731893	
S1-109419063	
S1-606096987	
S1-25138363	
S1-714338522	
S1-217094021	
S1-27631676	
S1-497756143	
S1-320307601	
S1-640527563	
S1-683738256	
S1-713936846	
S1-427782825	S3-442298184,S2-440708523
S1-496329934	
S1-497956230	
S1-145398850	
S1-765370620	
S1-813733830	
S1-231819625	
S1-44100118	
S1-190856962	
S1-212739021	
S1-983072431	
S1-177899691	
S1-623764111	
S1-581934428	
S1-294724345	
S1-716704502	
S1-780677882	
S1-506189579	
S1-455208234	
S1-246092071	
S1-515680292	
S1-925569344	
S1-444265489	
S1-820855959	S3-270416523
S1-680129185	
S1-115425395	
S1-126395941	
S1-395940171	
S1-259614708	
S1-496211954	
S1-734330960	
S1-882180393	
S1-743063485	
S1-736332500	
S1-646284949	
S1-658029579	
S1-597657490	
S1-43909517	
S1-601291446	
S1-56116308	
S1-65705269	
S1-967098988	
S1-200314815	
S1-872943686	
S1-877194770	
S1-126260436	
S1-83717861	
S1-368848707	
S1-390051246	
S1-579650620	
S1-772121146	
S1-325989159	
S1-732787392	
S1-978894741	
S1-456134218	
S1-437956782	
S1-693683719	
S1-195714794	
S1-871141435	
S1-512342631	
S1-125094568	
S1-902840115	
S1-304217842	
S1-339042402	
S1-37472880	
S1-83353790	
S1-532491318	
S1-428009153	
S1-743342972	
S1-583865740	
S1-537467576	
S1-121009264	
S1-89679201	
S1-380147477	
S1-932454266	
S1-657078358	
S1-648563913	
S1-524541734	
S1-369450260	
S1-870535903	
S1-459707306	
S1-888298247	
S1-708163372	
S1-907882619	
S1-846297669	
S1-675601243	
S1-72572218	
S1-778177925	
S1-484555533	
S1-825405069	
S1-271741335	
S1-835367127	
S1-162640637	
S1-462577649	
S1-967584039	
S1-879306370	
S1-113772848	
S1-733162985	
S1-598979442	
S1-338806313	
S1-226667861	
S1-539726525	
S1-446328472	S2-556888225
S1-963622653	
S1-235238204	
S1-586457815	
S1-360512372	
S1-821435229	
S1-622798268	
S1-496610301	
S1-953467576	
S1-431639759	
S1-315500305	
S1-842671608	
S1-604040470	
S1-614518229	
S1-714764521	
S1-374007764	
S1-173596307	
S1-345587471	
S1-325363658	
S1-784157566	
S1-933079203	
S1-826426814	
S1-881425068	
S1-250214177	
S1-975098336	
S1-283479856	
S1-721106681	
S1-192478573	
S1-498567090	
S1-5606289	
S1-858257810	
S1-774287402	
S1-198575446	
S1-58178926	
S1-783439405	S3-839861282
S1-689818456	
S1-745586698	
S1-129804856	
S1-109944420	
S1-464620814	
S1-744372601	
S1-510965807	
S1-335586030	
S1-672397944	
S1-27540432	
S1-222705755	
S1-135605765	
S1-124848861	
S1-122981129	
S1-977970833	
S1-376248474	
S1-496755001	
S1-740377372	
S1-92618332	
S1-961396854	
S1-480078214	
S1-473928915	
S1-789048998	
S1-441495755	
S1-205380032	
S1-984622618	
S1-709293041	
S1-554851626	
S1-291040068	
S1-824435149	
S1-744979929	
S1-439633599	
S1-726884934	
S1-989882690	
S1-909166612	
S1-867696216	
S1-140883783	
S1-711257667	
S1-385868784	
S1-347084300	
S1-347001625	
S1-828533661	
S1-947325836	
S1-139108179	
S1-874789626	
S1-980963612	
S1-459107416	
S1-257143314	
S1-611536179	
S1-44979929	
S1-924582216	
S1-756294072	
S1-392387343	
S1-76838122	
S1-129464069	
S1-760519823	
S1-557481572	
S1-833648438	
S1-311754309	
S1-149367040	
S1-903376625	
S1-363628457	
S1-355475454	
S1-811139821	
S1-232999956	
S1-580045953	
S1-77844564	
S1-633750087	
S1-401845665	
S1-953987857	
S1-806111909	
S1-171766667	
S1-550366193	
S1-923908402	
S1-198296294	
S1-766456832	
S1-158826250	
S1-753726362	
S1-852085964	
S1-154501171	
S1-380298610	
S1-222933935	
S1-111565065	
S1-824765505	
S1-56780040	
S1-710589877	
S1-875843925	
S1-467433500	
S1-803032718	S2-693764694
S1-214514810	
S1-704735712	
S1-944609315	
S1-899361816	
S1-216445794	
S1-539382578	
S1-498155469	
S1-277162595	
S1-168147230	
S1-612540021	
S1-387655503	
S1-142586528	
S1-27632414	
S1-850469715	
S1-805921838	
S1-949290250	
S1-611552903	S2-262002021
S1-593581712	
S1-222089913	
S1-330654777	
S1-776120654	
S1-749929721	
S1-918623789	
S1-628548330	
S1-523930939	
S1-334037244	
S1-518136757	
S1-597793745	
S1-35432066	
S1-838688203	
S1-683191469	
S1-192130096	
S1-164931254	
S1-927147779	
S1-225644180	
S1-956474245	
S1-567202815	
S1-171206626	
S1-180665086	
S1-14941897	
S1-58456428	
S1-116531054	
S1-687351558	
S1-858697418	
S1-842885136	
S1-198439279	
S1-569126560	
S1-485809179	
S1-790178347	
S1-669600359	
S1-767909451	
S1-33944701	
S1-776564797	
S1-875249377	
S1-918261987	
S1-47760458	
S1-660945885	
S1-494686205	
S1-353485331	
S1-270307251	
S1-866379611	
S1-253275774	
S1-795611311	
S1-827308611	
S1-973578344	
S1-925620018	
S1-194753464	
S1-286785733	
S1-76420094	
S1-125027013	
S1-427505750	
S1-183023755	
S1-792442943	
S1-590035401	
S1-977332495	
S1-292590758	
S1-137205590	
S1-21093887	
S1-268124259	
S1-44807751	
S1-410196009	
S1-128578699	
S1-712907882	
S1-997490328	
S1-309100772	
S1-369408093	
S1-130948098	
S1-416948590	
S1-966467220	
S1-560782646	
S1-530738885	S3-901072537
S1-366543873	
S1-767730884	
S1-230811708	
S1-321019321	
S1-730999398	
S1-408699440	
S1-248508469	
S1-768102602	
S1-149859690	
S1-463094335	
S1-312844046	
S1-405531141	
S1-799097852	
S1-205804693	
S1-788739268	
S1-962787816	
S1-799875449	
S1-841147333	
S1-387723570	
S1-591467252	
S1-443568549	
S1-719415793	
S1-286787652	
S1-729114782	
S1-931063664	
S1-999877920	
S1-99568283	
S1-721678740	
S1-885634910	
S1-957768686	
S1-197263648	
S1-395351936	
S1-787861556	
S1-575305122	
S1-662735866	S2-437093900
S1-167775141	
S1-193450324	
S1-710385565	
S1-274802963	
S1-760500367	
S1-957024974	
S1-575077064	
S1-80378135	
S1-122470990	
S1-401274361	
S1-647790223	
S1-545782613	
S1-989847251	
S1-984327940	
S1-81145389	
S1-619461926	
S1-946953859	
S1-609199688	
S1-312873708	
S1-973524368	
S1-489393619	
S1-453244120	
S1-525423983	
S1-301879923	
S1-919378222	
S1-683031120	
S1-555772415	
S1-761389835	
S1-204697668	
S1-89492295	
S1-860675400	
S1-57543774	
S1-44431387	
S1-139074861	
S1-238487240	
S1-62757509	
S1-883105269	
S1-544456641	
S1-699075122	
S1-641830224	
S1-444797776	
S1-88613541	
S1-776133703	
S1-615100202	
S1-593810279	
S1-953153108	
S1-359384361	
S1-742373597	
S1-880959902	
S1-344772432	
S1-314794077	
S1-719709251	
S1-983739488	
S1-380403568	
S1-570331460	
S1-686755946	
S1-930336455	
S1-84644019	
S1-523915029	
S1-586930065	
S1-468806161	
S1-542513239	
S1-998620371	
S1-122200677	
S1-329476134	
S1-316007280	
S1-739635635	
S1-298560071	
S1-539439922	
S1-295469731	
S1-597475800	
S1-260085427	S3-147770781
S1-400329087	
S1-294170932	
S1-656895746	
S1-543208515	
S1-780667929	
S1-802126267	
S1-34363870	
S1-476266016	
S1-401712920	S2-759824380
S1-481031203	
S1-47269968	
S1-698697803	
S1-725151825	
S1-550477706	
S1-940717551	
S1-91954547	
S1-920672949	
S1-80788357	
S1-219345849	
S1-838177220	
S1-743732008	
S1-570073842	
S1-785182902	
S1-171430346	
S1-968656495	
S1-135752863	
S1-836337202	
S1-448846297	
S1-331274877	
S1-525724277	
S1-528392214	
S1-426049183	
S1-653077346	
S1-72092593	
S1-600633058	
S1-346662295	
S1-262556422	
S1-65992159	
S1-338973915	
S1-948207739	
S1-487759898	
S1-729628634	
S1-654247640	
S1-700802259	
S1-435255235	
S1-142941499	
S1-377686646	
S1-238761327	
S1-99799844	
S1-641865427	
S1-522583365	
S1-46005768	
S1-262540650	
S1-294079012	
S1-206959700	
S1-965774413	
S1-106673067	
S1-643715034	
S1-479261907	
S1-995184674	
S1-366359150	
S1-439342686	
S1-761454548	
S1-386994742	
S1-242652257	
S1-254670122	
S1-777814365	
S1-969234590	
S1-265915102	
S1-185111831	
S1-187832768	
S1-287774707	
S1-918690779	
S1-863642584	
S1-569051009	
S1-364282711	
S1-391111230	
S1-793990144	
S1-642849463	
S1-679983317	
S1-24342819	
S1-277260480	
S1-653793826	
S1-336403530	
S1-452544008	
S1-11661562	
S1-445635073	
S1-939782877	
S1-745611145	
S1-70860102	
S1-321568849	
S1-487842878	
S1-937368886	
S1-561529564	
S1-67696297	
S1-705055346	
S1-930306368	
S1-650379838	
S1-221113595	
S1-110439248	
S1-959862793	
S1-124032579	
S1-586766271	
S1-164370237	
S1-4918762	
S1-651319678	
S1-684483166	
S1-515419676	
S1-401621520	
S1-100854142	
S1-124017332	
S1-63106	
S1-246672019	
S1-5654930	
S1-767321378	
S1-206165516	
S1-70186602	
S1-475677259	
S1-904739418	
S1-146448441	
S1-416021550	
S1-599539084	
S1-679907739	
S1-942352255	
S1-713190628	
S1-265926230	
S1-454919436	
S1-952069020	
S1-604824587	
S1-647790594	
S1-501376094	
S1-93941161	
S1-163468849	
S1-877986169	
S1-105684259	
S1-89372056	
S1-638398260	
S1-574489909	
S1-847425721	
S1-236843018	
S1-101439374	
S1-432002859	
S1-105853939	
S1-698987981	
S1-371812373	
S1-476048954	
S1-474871272	
S1-763713557	
S1-657945321	
S1-11374424	
S1-63478157	
S1-41111998	
S1-685040699	
S1-112992054	
S1-34565930	
S1-853735708	
S1-152708532	
S1-310583179	
S1-278629131	
S1-406601135	
S1-527506302	
S1-268174485	
S1-45618075	
S1-661564250	
S1-398473980	
S1-371457481	
S1-492495145	
S1-274574904	
S1-146227050	
S1-839078062	
S1-474130990	
S1-963966855	
S1-786682838	
S1-539372509	
S1-159685016	
S1-122852389	
S1-676449958	
S1-770752635	
S1-772893430	
S1-88126992	
S1-895674506	
S1-616923271	
S1-832645182	
S1-857887655	
S1-481621430	
S1-515278007	
S1-697862838	
S1-572920358	
S1-808339622	
S1-488547662	
S1-590241845	
S1-877715060	
S1-401607487	
S1-224153505	
S1-543441457	
S1-601014252	
S1-922383664	
S1-165897677	
S1-464085750	
S1-774199766	
S1-956066203	
S1-253872891	
S1-628519468	
S1-716220685	
S1-786193193	
S1-336402802	
S1-324298277	
S1-628596491	
S1-776994594	
S1-857500670	
S1-172912070	
S1-608145631	
S1-732991479	
S1-306589815	
S1-64905304	
S1-305674869	
S1-834886653	
S1-11875089	
S1-517631247	
S1-3687311	
S1-462978149	
S1-802893967	
S1-752003264	
S1-702026974	
S1-983549653	
S1-676047107	
S1-281698277	
S1-773444010	
S1-818212810	
S1-576137644	
S1-990359902	
S1-525128798	
S1-538504987	
S1-42225022	
S1-242393878	
S1-306008069	
S1-979546053	
S1-494181128	
S1-815243166	
S1-409775270	
S1-608816765	
S1-342987774	
S1-918442322	
S1-440137716	
S1-103526147	
S1-269308775	
S1-529998057	
S1-613684695	
S1-974275032	
S1-851400572	
S1-585213568	
S1-275445133	
S1-627601871	
S1-314298217	
S1-747291594	
S1-965361988	
S1-491996853	
S1-501802021	
S1-176543989	
S1-24008309	
S1-766792464	
S1-310427859	
S1-379245357	
S1-59831442	
S1-802155834	
S1-647599074	
S1-78568588	
S1-438296622	
S1-54290171	
S1-580089622	
S1-516634375	
S1-636256762	
S1-196899609	
S1-324589756	
S1-240465189	
S1-395755771	
S1-292711056	
S1-865532807	
S1-762352677	
S1-845197729	
S1-289157744	
S1-703982508	
S1-24685462	
S1-754844724	
S1-160841357	
S1-489376742	
S1-829764174	
S1-995910172	
S1-318484888	
S1-326890657	
S1-827625974	
S1-368516441	
S1-729367510	
S1-107436371	
S1-588827335	
S1-827167087	
S1-903271416	
S1-321285349	
S1-551814443	
S1-71576482	
S1-179260016	
S1-848625285	
S1-431749100	
S1-81983009	
S1-534941177	
S1-851538092	
S1-560151698	
S1-416514645	
S1-833242004	
S1-267837901	
S1-108760077	
S1-947687627	
S1-520587411	
S1-168895290	
S1-395536489	
S1-886912781	
S1-534021026	
S1-545080273	
S1-892808522	
S1-927928536	
S1-486523105	
S1-951469582	
S1-43432544	
S1-625583097	
S1-623305701	
S1-571434193	
S1-969681549	
S1-529413511	
S1-515256720	
S1-1117471	
S1-599315396	
S1-879191272	
S1-419964051	
S1-906086831	
S1-162393739	
S1-118251615	
S1-20470046	
S1-404177872	
S1-335832066	
S1-763226762	
S1-259816108	
S1-613373145	
S1-458218697	
S1-164366875	
S1-973840378	
S1-853366875	
S1-216358093	
S1-703863884	
S1-204048721	
S1-486042974	
S1-404696762	
S1-262446396	
S1-384207515	S2-79192658
S1-564689536	
S1-159606562	
S1-664798136	
S1-284778038	
S1-685091674	
S1-267860292	
S1-326700354	
S1-644572739	
S1-500076192	
S1-681082422	
S1-23124198	
S1-42216305	
S1-444637429	
S1-686953067	
S1-608598511	
S1-253783493	
S1-450929152	
S1-519168845	
S1-474404105	
S1-496487073	
S1-644122525	
S1-870748245	
S1-508274064	
S1-431112289	
S1-313988452	
S1-232178117	
S1-208351027	
S1-549103615	
S1-409474380	
S1-956419085	
S1-209416862	
S1-580569547	
S1-888859360	
S1-419073872	
S1-931028460	
S1-874032735	
S1-274833335	
S1-514267550	
S1-301271603	
S1-518871364	
S1-542324856	
S1-406365871	
S1-414788510	
S1-244126172	
S1-759627029	
S1-979761154	
S1-691580655	
S1-488205658	
S1-473993476	
S1-856098929	
S1-326312132	
S1-228386226	
S1-862822299	
S1-638190003	
S1-895393906	
S1-615858333	
S1-722715939	
S1-232998785	
S1-463096445	
S1-833548194	
S1-787036357	
S1-185202265	
S1-229336248	
S1-696072919	
S1-845897179	
S1-60306743	
S1-65945451	
S1-476259680	
S1-939121478	
S1-734820447	
S1-159030328	
S1-195365800	
S1-503027949	
S1-396340562	
S1-673802005	
S1-396745474	
S1-904349756	
S1-405540648	
S1-749184966	
S1-116169013	
S1-234189936	
S1-442689001	
S1-55236561	
S1-697009828	
S1-790796148	
S1-762906138	
S1-793676019	
S1-303874783	
S1-430504188	
S1-379326186	
S1-488990103	
S1-517318553	
S1-387377849	
S1-655181421	
S1-483141308	
S1-487495498	
S1-135239125	
S1-692592699	S2-708838742
S1-964801333	
S1-374279759	
S1-628258540	
S1-830536137	
S1-327162472	
S1-602300759	
S1-766808528	
S1-663615376	
S1-126232060	
S1-768301096	
S1-108903450	
S1-301956547	
S1-823938191	
S1-631074856	
S1-111039904	
S1-211551350	
S1-710492572	
S1-921779122	
S1-389892129	
S1-324188399	
S1-722029071	
S1-376138730	
S1-52820963	
S1-436072819	
S1-849466864	
S1-637713719	
S1-690815634	
S1-913987091	
S1-841572192	
S1-721843395	
S1-876755890	
S1-92139413	
S1-531251843	
S1-204174546	
S1-167799365	
S1-490567161	
S1-204275602	
S1-785872956	
S1-299848505	
S1-593502029	
S1-995940415	
S1-176696007	
S1-819233688	
S1-78122416	
S1-322713040	
S1-740556347	
S1-150121848	
S1-272398552	
S1-595251166	
S1-586354749	
S1-510924514	
S1-541968441	S3-835151720
S1-376549474	
S1-51734875	
S1-393385749	
S1-922898635	
S1-697134741	
S1-590724861	
S1-758821867	
S1-763574164	
S1-308594798	
S1-164727243	
S1-838105834	
S1-984630584	
S1-781923509	
S1-114708061	
S1-464764121	
S1-424507552	
S1-838796410	
S1-13609050	
S1-961228451	
S1-3309687	
S1-940841453	
S1-778211587	
S1-745418701	
S1-421623632	
S1-324566335	
S1-541109109	
S1-396932165	
S1-916671989	
S1-360378416	
S1-94432798	
S1-627375935	
S1-623330288	
S1-185699150	
S1-249228522	
S1-910633511	
S1-147701990	
S1-605277545	
S1-554169266	
S1-316529711	
S1-988750843	
S1-511394990	
S1-935024037	
S1-817351957	
S1-595704259	
S1-560305677	
S1-213586370	
S1-675200027	
S1-150710050	
S1-419511740	
S1-773016506	
S1-617804826	
S1-621649198	
S1-203143802	
S1-911128036	
S1-136049111	
S1-425289016	
S1-948311694	
S1-965351121	
S1-540520159	
S1-267922457	
S1-906549758	
S1-764319920	
S1-717104761	
S1-150244365	
S1-254408428	
S1-304363362	
S1-848831252	
S1-226792553	
S1-715397779	
S1-312480681	
S1-445562567	
S1-500897953	
S1-514931146	
S1-366652928	
S1-160395661	
S1-708639506	
S1-438307990	
S1-246820016	
S1-54544858	
S1-993452429	
S1-871301086	
S1-9426081	
S1-883521440	
S1-267655719	
S1-545513100	
S1-2951613	
S1-182458336	
S1-365207747	
S1-563931220	
S1-599396121	
S1-257596640	
S1-252034531	
S1-517507059	
S1-77550252	
S1-293507289	
S1-666795287	
S1-334271522	
S1-182301339	
S1-537663204	
S1-184017572	
S1-947817927	
S1-95580075	
S1-595633603	
S1-564264077	
S1-679873207	
S1-57122525	
S1-225198174	
S1-35064920	
S1-193221006	
S1-444381116	
S1-791770760	
S1-517906765	
S1-30008742	
S1-291722037	
S1-870968737	
S1-728124916	
S1-925861820	
S1-904309130	
S1-988490061	
S1-143229408	
S1-667354560	
S1-775785192	
S1-492396396	
S1-454235316	
S1-101870129	
S1-99730342	
S1-380958686	
S1-774915647	
S1-736650537	
S1-679973914	
S1-727701855	
S1-207790153	
S1-716250510	
S1-875099432	
S1-356676916	
S1-636376853	
S1-55536692	
S1-940208465	
S1-315368265	
S1-670565150	
S1-447335147	
S1-840311380	
S1-813895045	
S1-141240156	
S1-803345012	
S1-427400144	
S1-839056168	
S1-11312635	
S1-974918613	S2-796484605
S1-697621307	
S1-873729935	
S1-193690614	
S1-45265739	
S1-507730607	
S1-978818743	
S1-893000454	
S1-451618083	
S1-83525005	
S1-287107065	
S1-431848777	
S1-194799751	
S1-972318217	
S1-113451348	
S1-730319725	
S1-104794288	
S1-467479163	
S1-780207895	
S1-338865595	
S1-191236915	
S1-454941501	
S1-933175426	
S1-912954487	
S1-603940883	
S1-86802420	
S1-421761692	
S1-283749025	
S1-567297937	
S1-568374820	
S1-248224168	
S1-19827844	S3-473988568
S1-954929336	
S1-460078935	
S1-218488180	
S1-330078839	
S1-147641385	
S1-562483370	
S1-607588402	
S1-869106603	
S1-747178140	
S1-526919930	
S1-77601565	
S1-617872856	
S1-756169017	
S1-658713577	
S1-201216319	
S1-504657959	
S1-308613162	
S1-148903070	
S1-716874445	
S1-534276225	
S1-310291983	
S1-425104560	
S1-691858940	
S1-247596764	
S1-31904774	
S1-882841629	
S1-161284714	
S1-370746584	
S1-330030842	
S1-416675838	
S1-273379548	
S1-727920800	
S1-994055164	
S1-773810334	
S1-54826614	
S1-717542301	
S1-205385290	
S1-749837868	
S1-642166748	
S1-50552744	
S1-507667615	
S1-323888396	
S1-228536504	
S1-272715073	
S1-409053990	
S1-835606156	
S1-192403372	
S1-193118555	
S1-39642096	S2-640773267
S1-699058325	
S1-138655317	
S1-919785342	
S1-697115123	
S1-207047732	
S1-75579581	
S1-388815402	
S1-728060073	
S1-893256919	
S1-716859306	
S1-718814362	
S1-115826640	
S1-656237257	
S1-526139761	
S1-824989518	
S1-854902999	
S1-767708059	
S1-645923754	
S1-714695057	
S1-278807155	
S1-128186102	
S1-20659737	
S1-705809745	
S1-676661468	S3-2483501
S1-20837849	
S1-473578017	S3-325940811
S1-323911388	
S1-350644020	
S1-16461045	
S1-299970176	
S1-673570925	
S1-257567457	
S1-376198628	
S1-177265832	
S1-962154961	
S1-73255050	
S1-979233913	
S1-306613624	
S1-373549926	
S1-940227100	
S1-18906884	
S1-471690279	
S1-273375362	
S1-181323782	
S1-959761249	
S1-945335607	
S1-609654085	S2-811764940
S1-588921985	
S1-31721291	
S1-118214462	
S1-10570734	
S1-967136916	
S1-878242572	
S1-648179017	
S1-709252098	
S1-276863191	
S1-2213835	
S1-441237210	
S1-388923521	
S1-545479513	
S1-556358644	
S1-415215339	
S1-355449866	
S1-849971075	
S1-805397897	
S1-844592256	
S1-584682131	
S1-410283377	
S1-839767781	
S1-244068618	
S1-428264949	
S1-861832472	
S1-604893175	
S1-572116976	
S1-956597305	
S1-276153290	
S1-7091228	
S1-564836511	
S1-998350011	
S1-322554485	
S1-499509357	
S1-960292056	
S1-836686805	
S1-351529383	
S1-263802592	
S1-179956976	
S1-723333479	
S1-257013947	
S1-29757070	
S1-530890939	
S1-251372473	
S1-644185173	
S1-270365159	
S1-28415972	
S1-457360786	
S1-195480495	
S1-630657449	
S1-159355766	
S1-223278581	
S1-834766851	
S1-141837433	
S1-568795780	
S1-352461997	
S1-58932673	
S1-160686615	
S1-455479487	
S1-805085168	
S1-169181319	
S1-73942766	
S1-28735243	
S1-65722143	
S1-621689810	
S1-715441094	
S1-675550516	
S1-475583659	
S1-677814843	
S1-499856120	
S1-377283955	
S1-191414153	
S1-631026382	
S1-44299060	
S1-448676642	
S1-38187999	
S1-874098420	
S1-383369947	
S1-115101028	
S1-397295870	
S1-170290183	
S1-544804378	
S1-479618162	
S1-276029089	
S1-540452037	
S1-122304744	
S1-726158773	
S1-312214888	
S1-698424681	
S1-283936052	
S1-7464515	
S1-469071929	
S1-835870258	
S1-373497232	
S1-166325334	
S1-388266057	
S1-484823571	
S1-745182131	
S1-790941432	
S1-694054915	
S1-35645842	
S1-672519190	
S1-787617738	
S1-150133386	
S1-787055936	
S1-249698324	
S1-193503581	
S1-993628962	
S1-283595730	
S1-76087484	
S1-497049014	
S1-707001548	
S1-678816500	
S1-105944812	
S1-984315863	
S1-626284585	
S1-474388163	
S1-667180863	
S1-896687162	
S1-542600770	
S1-394698087	
S1-308994638	
S1-39635205	
S1-169396565	
S1-927973582	
S1-911026536	
S1-600483724	
S1-872146799	
S1-801217713	
S1-456047556	
S1-475023109	
S1-147666093	
S1-806848143	
S1-222757601	
S1-456739412	
S1-446526832	
S1-567520277	
S1-122444967	
S1-890963193	
S1-235139839	
S1-773827437	
S1-938147102	
S1-520652158	
S1-176463836	
S1-903573910	
S1-134633838	
S1-863924700	
S1-436747181	
S1-634335087	
S1-891057519	
S1-413707825	
S1-124922065	
S1-304968239	
S1-623215330	
S1-235497070	
S1-302542904	
S1-696384478	
S1-913745578	
S1-231875622	
S1-307156603	
S1-502009010	
S1-689781768	
S1-259485150	
S1-838633368	
S1-505574388	
S1-976884868	
S1-65752020	
S1-117090343	
S1-604476963	
S1-777543389	
S1-330517579	
S1-570072282	
S1-435040835	
S1-592014012	
S1-353197306	
S1-557413862	
S1-745548084	
S1-682699890	
S1-618360161	
S1-976067604	
S1-573798901	
S1-522688237	
S1-495173275	
S1-806775569	
S1-393246902	
S1-14398171	
S1-282362602	
S1-808342963	
S1-986669066	
S1-301037608	
S1-252867979	
S1-645263749	
S1-371268408	
S1-698914800	
S1-777437930	
S1-715131246	
S1-893872785	
S1-814250740	
S1-414474788	
S1-581403376	
S1-622321387	
S1-550424345	
S1-505644227	
S1-201275841	
S1-851630787	
S1-327490340	
S1-634992196	
S1-375935898	
S1-960367328	
S1-280367806	
S1-814191521	
S1-70603672	
S1-829628690	
S1-569178183	
S1-292993066	
S1-887176714	
S1-271965548	
S1-435484539	
S1-944282112	
S1-488904263	
S1-209943543	
S1-637289663	
S1-296963608	
S1-286981349	
S1-482766178	
S1-784327686	
S1-244404760	
S1-141915988	
S1-40642628	
S1-292826156	
S1-877425206	
S1-661312352	
S1-980701970	
S1-428458498	
S1-817014500	
S1-270862042	
S1-149138242	
S1-258609198	
S1-885747992	
S1-119097403	
S1-698469952	
S1-396477295	
S1-955091522	
S1-841611779	
S1-434282657	
S1-83355226	
S1-321347549	
S1-747254046	
S1-752525052	
S1-900683040	
S1-125122615	
S1-776157761	
S1-308723202	
S1-885213569	
S1-715857995	
S1-65998478	
S1-19716131	
S1-166118678	
S1-950579617	
S1-549109227	
S1-682846087	
S1-792874782	S3-900410116
S1-659307542	
S1-365366436	
S1-982815724	
S1-686230948	
S1-869787550	
S1-605913646	
S1-506079477	
S1-710123174	
S1-952334361	
S1-175791078	
S1-752297606	
S1-386599818	
S1-283506962	
S1-696480064	
S1-935288377	
S1-998338278	
S1-223262713	
S1-938956507	
S1-4636125	
S1-710645680	
S1-52714094	
S1-563641338	
S1-947842933	
S1-860058166	
S1-433294598	
S1-692339124	
S1-799323216	
S1-871114343	
S1-517831998	
S1-9608330	
S1-873369409	
S1-875151538	
S1-691755595	
S1-132691955	
S1-857890414	
S1-275441345	
S1-632815593	
S1-392796018	
S1-385156	
S1-298816281	
S1-439124038	
S1-735198345	
S1-754171971	
S1-615606676	
S1-44554985	
S1-758775407	
S1-308541872	
S1-440128214	
S1-348343649	
S1-962392350	
S1-475723640	
S1-143250823	
S1-599525428	
S1-90789584	
S1-277820486	
S1-618285704	
S1-105083628	
S1-845823589	
S1-974766965	
S1-246697098	
S1-661111961	
S1-854018332	
S1-403206726	S3-116680834
S1-262416882	
S1-844040056	
S1-792614639	
S1-650880908	
S1-124793936	
S1-434167244	
S1-876555592	
S1-234291194	
S1-211690994	
S1-223065771	
S1-228069245	
S1-183951872	
S1-851610411	
S1-760151442	
S1-654027627	
S1-284596464	
S1-878958556	
S1-716948829	
S1-434990301	
S1-858310947	
S1-623414653	
S1-516559955	
S1-984141346	
S1-410411367	
S1-906394311	
S1-110858328	
S1-880685907	
S1-340129975	
S1-152335619	
S1-423735582	
S1-180154125	
S1-942394101	
S1-189652463	
S1-661095337	
S1-655673366	
S1-201436053	
S1-326321540	
S1-667989063	
S1-839559669	
S1-764695673	
S1-244507611	
S1-596417088	
S1-305710592	
S1-753384294	
S1-277340635	
S1-755490014	
S1-836191081	
S1-471736906	
S1-33939024	
S1-793156974	
S1-648715435	
S1-26750385	
S1-290950718	
S1-903481383	
S1-92288462	
S1-11007210	
S1-722370017	
S1-917895127	
S1-999702011	
S1-422695169	S3-268291041
S1-424434120	
S1-243676387	
S1-642301679	
S1-80398303	
S1-495095064	
S1-11494142	
S1-273704028	
S1-419101688	S2-571537571
S1-656832419	
S1-599176713	
S1-567228858	
S1-564879001	
S1-157139141	
S1-996554574	
S1-758222854	
S1-582362386	
S1-577472864	
S1-352054617	
S1-230976607	
S1-697861406	
S1-662917617	
S1-556914902	
S1-968353136	
S1-701977426	
S1-727052882	
S1-989876027	
S1-23492634	
S1-260153055	
S1-402090258	
S1-903060348	
S1-526712619	
S1-220758465	
S1-823990265	
S1-963310472	
S1-265308430	
S1-663550765	
S1-909707642	
S1-667758169	
S1-792421938	
S1-112849736	
S1-749388451	
S1-702510133	
S1-703967970	
S1-109694730	
S1-310377202	
S1-966595977	
S1-308043891	
S1-806050918	
S1-394437219	
S1-382442238	
S1-965501738	
S1-763418699	
S1-823090076	
S1-78583607	
S1-769133871	
S1-137458924	
S1-648232771	
S1-404754412	
S1-632250089	
S1-875462299	
S1-700076619	
S1-165027827	
S1-995772972	
S1-917688627	
S1-171694722	
S1-513630343	
S1-427859503	
S1-773022671	
S1-512913679	
S1-635353655	
S1-595143011	
S1-402436934	
S1-691311836	
S1-670063983	
S1-971053721	
S1-926348506	
S1-333200900	
S1-659711949	
S1-776630607	
S1-795627249	
S1-408147824	
S1-390298418	
S1-477223639	
S1-38486813	
S1-612802599	
S1-374423914	
S1-749787609	
S1-679013257	
S1-812009434	
S1-829131459	
S1-944274528	
S1-690162023	
S1-162892223	
S1-600799356	
S1-739630687	
S1-971333805	
S1-343954212	
S1-626567907	
S1-695757240	
S1-26576754	
S1-949675470	
S1-182222731	
S1-131832533	
S1-774231999	S3-286272832
S1-9586782	
S1-472166982	
S1-109839367	
S1-982259137	
S1-252603682	
S1-90155513	
S1-93521598	
S1-511479262	
S1-958588370	
S1-157820743	
S1-357394884	
S1-327444467	
S1-658275526	
S1-830348450	
S1-203408293	
S1-676030245	
S1-431727056	
S1-430718873	
S1-361985112	
S1-971961339	
S1-606122788	
S1-700779730	
S1-169465964	
S1-493933903	
S1-810145142	
S1-435732750	
S1-37044492	
S1-129087161	
S1-977424962	
S1-412070842	
S1-21682793	
S1-609561341	
S1-521427607	
S1-486714695	
S1-62742706	
S1-302930753	
S1-744624912	
S1-945974591	
S1-255106018	
S1-887391611	
S1-782241515	
S1-407146855	
S1-535368747	
S1-578115487	
S1-165883885	
S1-873139584	
S1-680755155	
S1-736448646	
S1-213970909	
S1-320965845	
S1-736099288	
S1-620554287	
S1-528854565	
S1-937032507	
S1-238918409	
S1-695454726	
S1-996048768	
S1-662086917	
S1-159102289	
S1-62312183	
S1-837936289	
S1-303523876	
S1-981362161	
S1-17880663	
S1-263493075	
S1-244058522	
S1-407542013	
S1-839693431	
S1-705347811	
S1-175885747	
S1-819420317	
S1-334566761	
S1-935569673	
S1-814893782	
S1-919876731	
S1-61934969	
S1-99484354	
S1-668181204	
S1-532166738	
S1-960132919	
S1-863698823	
S1-741253078	
S1-823531587	
S1-389181214	
S1-237167837	
S1-261331846	
S1-703924319	
S1-184453345	
S1-496140060	
S1-362938883	
S1-799192999	
S1-327768846	S3-194595158
S1-379508413	
S1-710158221	
S1-846611175	
S1-631396103	
S1-191540479	
S1-779984312	
S1-872697726	
S1-766899652	
S1-828975742	
S1-893082645	
S1-996316805	
S1-175552	
S1-59109147	
S1-444419944	
S1-567084009	
S1-268404187	
S1-170265366	
S1-219171459	
S1-198280024	
S1-900072309	
S1-58141218	
S1-239993007	
S1-487555537	
S1-901279148	
S1-336872863	
S1-365020344	
S1-58051403	
S1-549815116	
S1-149184909	
S1-290633641	
S1-973165994	
S1-99601693	
S1-283035691	
S1-805183681	
S1-337228360	
S1-132494482	
S1-715555514	
S1-473155519	
S1-902111888	
S1-817377315	
S1-312531922	
S1-159168896	
S1-249602253	
S1-79794571	
S1-298153132	
S1-730665661	
S1-890946502	
S1-774224291	
S1-901256288	
S1-472622158	
S1-430624232	
S1-993079155	
S1-791272626	
S1-176891969	
S1-597585730	
S1-972637475	
S1-347090238	
S1-93324916	
S1-836039258	
S1-781114823	
S1-840775898	
S1-735868273	
S1-6940894	
S1-666574496	
S1-359042425	
S1-606921827	
S1-734336809	
S1-45657885	
S1-323548773	
S1-228967417	
S1-103252503	
S1-749700361	
S1-688257362	
S1-547889483	
S1-781559784	
S1-646723843	
S1-231963768	
S1-897737717	
S1-364292304	
S1-395404818	
S1-651719760	
S1-805279084	
S1-312442496	
S1-298188480	
S1-478013151	
S1-990403734	
S1-350120283	
S1-433449392	
S1-977964981	
S1-220723393	
S1-331566369	
S1-324998543	
S1-908847459	
S1-766307770	
S1-799621607	
S1-746732249	
S1-615441248	
S1-158641781	
S1-323892168	
S1-593229223	
S1-248303935	
S1-771685641	
S1-345196732	
S1-977113434	
S1-408367064	
S1-1125095	
S1-639002500	
S1-978643146	
S1-891780154	
S1-609850194	
S1-973145543	
S1-286711129	
S1-109161098	
S1-817515116	
S1-541675338	
S1-750608394	S2-24367221
S1-752402428	
S1-568096778	
S1-211762906	
S1-317287922	
S1-511109812	
S1-728750305	
S1-693556035	
S1-688682328	
S1-907654082	
S1-53144381	
S1-510394106	
S1-919914127	
S1-120094539	
S1-32598499	
S1-248707247	
S1-241855561	
S1-158897065	
S1-543533888	
S1-877955486	
S1-823650236	
S1-901505171	
S1-819495332	
S1-450501670	
S1-225482167	
S1-584021985	
S1-215315538	
S1-646779300	
S1-793031130	
S1-653568390	
S1-15870757	
S1-554524148	
S1-119174160	
S1-600548674	
S1-988225752	
S1-833972086	
S1-425382712	
S1-506807940	
S1-590076956	
S1-925329771	
S1-356156624	
S1-993193373	
S1-309445535	
S1-20476455	
S1-318712214	
S1-963458553	
S1-878331877	
S1-310265787	
S1-861876389	
S1-218419423	
S1-477096086	
S1-987479492	
S1-621318523	
S1-595720295	S3-566734687,S2-794128252,S2-949015912,S2-375223673
S1-311890094	S2-430257177,S3-644960388,S2-911970962,S2-441540977
S1-122360509	
S1-73955552	S3-145849187,S3-291904950,S2-336508803,S2-871986718
S1-951586190	
S1-717710002	
S1-807169938	
S1-606700435	S2-340623034,S3-517309260
S1-778572904	S2-218538099,S3-513612390
S1-382830747	
S1-146917844	S2-210259969,S3-456779619,S3-476018945
S1-829250120	S2-452397572
S1-532078335	
S1-218355176	
S1-841456747	S2-560478787
S1-662803595	
S1-799439828	
S1-912951665	S2-719312483
S1-534997123	
S1-113211437	S3-501293454,S3-792711568,S2-818906061,S3-107466387
S1-707577379	S3-763901624,S2-753210187,S3-582534836
S1-615792339	S2-417741562,S3-920209662,S3-238383831,S2-440178872
S1-680043636	
S1-98329244	
S1-5795969	
S1-864922921	S2-278599888,S2-611639737,S2-62068170
S1-456972157	S3-891047170,S2-684506065,S2-777010025
S1-568782856	S3-178433111
S1-95106431	
S1-620923286	
S1-22473061	S3-576517057,S2-724942697,S2-467246297,S3-40035633
S1-124737719	S2-645162177
S1-656760975	S2-263105866,S2-707577010,S3-522314916,S3-821865260
S1-918710958	S3-956682897
S1-608695374	
S1-821724816	
S1-459605355	
S1-336853624	
S1-696942773	S3-820718145,S3-420662261,S3-474209490,S2-272581169
S1-569478214	
S1-755779983	S3-507020988,S3-16836573,S2-916231241,S2-154752753
S1-70392895	S3-603696178,S3-720576460
S1-734460835	S3-554411662
S1-760046751	S3-783635832,S3-36845053
S1-304080526	S3-930794016,S2-592411736,S3-684340750,S2-13243898
S1-797265304	
S1-298565644	
S1-614862235	S2-517770495,S3-897377966,S2-799549399,S2-973082422
S1-578853352	S3-632028214,S3-992603491,S2-950175583,S3-198021478
S1-547172821	
S1-590629334	
S1-132750129	
S1-193362160	S3-433875108
S1-147516889	
S1-788789103	
S1-565197967	S2-542787005
S1-936833806	
S1-381416114	S3-508326549,S3-512737423,S2-970166205,S2-321480248
S1-171618262	S2-880648053,S3-972774414
S1-817716163	S3-717925417,S3-624482802,S2-51044296,S3-121069852
S1-110236625	S3-91526192,S3-254921971,S2-296353163,S2-148552306
S1-789081354	S2-461005140,S2-168274286,S2-941492327
S1-339134136	
S1-990523657	S3-880997914
S1-194559644	S2-642565593,S3-102416442,S2-696716501,S2-905243196
S1-895014850	
S1-109957372	S2-792241636
S1-699524237	
S1-83274052	
S1-917382599	S2-559975668,S2-111264170
S1-205469236	
S1-315399296	
S1-767314878	S2-715703245,S3-758247819
S1-84843394	S2-781004321,S2-539651543,S2-594225816,S2-96005508
S1-602786975	S2-299990794
S1-370219381	S2-16435484
S1-579134882	
S1-53643994	S2-559052750,S2-769683762,S2-835188907,S3-989575430
S1-80027445	S3-73483144,S3-821137820
S1-356280451	S2-512448164,S3-758068264
S1-341476697	
S1-446263089	
S1-375808569	S2-190530094,S2-862875206,S2-499601623,S2-727747313
S1-646967910	
S1-565108616	S3-834555829,S2-141385306,S3-845617289
S1-356048997	
S1-173125407	S3-279486764
S1-574312616	S3-130576213
S1-603142128	S2-237113052
S1-587729963	S2-208719581,S3-152676464
S1-380236390	S3-485134690,S3-966076570,S3-56421421,S3-208517975
S1-939784231	
S1-740281986	
S1-19548800	S2-10838996,S2-123350790,S3-123894,S3-965831295
S1-769967991	S3-591513580,S3-117255516,S2-775951993
S1-24492360	
S1-667669699	S2-741265362,S2-874749389,S3-882369516,S3-451505175
S1-271719775	S3-831836524,S3-936436252,S2-630259784
S1-414445649	
S1-584944013	S3-927820507,S3-562931535
S1-116292005	S2-807647266,S3-903695330,S3-491460140,S2-190403429
S1-355245904	
S1-164300579	S2-187000236,S3-836027497
S1-452433342	S2-383436613,S3-534041639,S3-240910972
S1-619230132	S2-341897802,S2-64015063,S3-501854448,S3-407442627
S1-896665472	S2-929560848,S2-141987437,S3-161655703
S1-575826760	S2-705995582,S3-203921269,S2-220614999
S1-34382996	S2-618356842,S3-594958592,S2-76342893,S3-656566115
S1-922995037	
S1-181742960	S3-593164298,S3-53716936
S1-299365251	
S1-549438249	
S1-574035123	
S1-705760263	S3-412569521,S3-618880333
S1-50607893	S2-894177245,S3-664155493,S3-954729345
S1-705119791	
S1-490025562	S3-182727326,S2-856746239
S1-881866648	
S1-449614634	
S1-524078175	S3-465068677,S2-802104234
S1-309050669	S2-177081227,S3-223999731,S2-734236651
S1-666561842	S2-693673544,S3-684018264,S2-535900061
S1-216455439	S3-47559788
S1-55847185	
S1-177035822	
S1-152236593	S2-89127285,S2-521706838,S2-75413534,S2-882610622
S1-46435211	
S1-463743072	
S1-206057809	S2-953193418,S2-565005984,S3-297308757
S1-492653145	S3-911501822,S3-588724745,S2-428817439,S2-341635113
S1-900530214	S3-522480057,S2-13041632,S3-332980174
S1-121160846	
S1-975348509	
S1-637071390	S3-172420201,S2-627965628,S3-379362605,S2-995045732
S1-24575545	
S1-187185962	
S1-599246242	S2-447719371,S3-714460827,S2-831235872,S3-227560588
S1-215899713	S3-141610766,S3-874796327,S2-269570994,S2-599168081
S1-165218138	S3-293835286,S2-79214402
S1-573561965	S3-826789959,S3-582371968,S3-283939599
S1-102687138	S3-422388785,S2-67128822,S2-394194261
S1-357513506	
S1-49233737	S2-757586379,S2-664372722,S3-660250086,S2-676787560
S1-829880314	S2-170704574,S2-395827896,S3-462370384,S3-496607917
S1-384023728	S3-858516431
S1-757449345	
S1-51294688	
S1-508276541	S2-597419287,S2-459334142
S1-889255130	S3-684109721,S2-279422722,S3-380496343
S1-742003	S3-717072918
S1-307320540	S3-5364529,S3-628583559,S2-727575962,S2-384251332
S1-137769624	S2-236331153,S2-952987661,S3-731074497
S1-461958135	S3-125659507,S3-258979711,S3-675612540
S1-28584368	S3-393306689,S2-734564076
S1-548245215	
S1-501501997	S3-292521295,S2-499003695,S2-461663011,S3-59515002
S1-703664201	
S1-417503418	S3-99464927,S2-561547269,S2-929686865
S1-379292741	S3-414769016,S2-819896873
S1-708800117	
S1-346118977	
S1-900513362	S2-960840998,S2-359414874,S3-14713009,S3-565119214
S1-893210122	S3-261137091
S1-790245273	S3-753928986,S2-915189818
S1-391371873	
S1-69815152	
S1-520848382	S3-109521327,S2-58914307,S2-235161303
S1-792567960	
S1-102612031	
S1-734085632	
S1-505747512	S3-265085316,S2-617588358,S2-245404361
S1-301184972	
S1-358823177	S3-194595158
S1-647547897	S3-230211871,S2-896461354,S2-554846016,S2-853143460
S1-264530317	S2-238661583,S3-828499840,S2-640773267
S1-805738063	S2-367218062,S3-393235540
S1-949241657	S3-939718115,S3-66540747
S1-524594962	
S1-867121572	S2-920564579,S3-543556065
S1-251478198	S2-127794218,S2-866316773
S1-246469015	S3-729457138,S3-766013987
S1-460580868	S3-463910008,S3-817331901
S1-693424017	S3-916564889,S3-637799232,S3-824505881,S3-574141900
S1-550960202	S2-41102423
S1-887301206	S2-613583311,S2-210320408,S3-402973722,S3-667889084
S1-55820872	S2-676764505
S1-680914341	
S1-652223008	S2-128530708
S1-993102355	S3-361309071,S3-260985895,S3-241906231,S2-982248524
S1-738532679	S3-94374948,S2-780847157,S2-681322818,S3-777097282
S1-755796754	
S1-842980800	S3-579387113
S1-506725593	S2-783535423
S1-792821340	
S1-134672233	S3-623710978,S3-179239495,S3-142959743
S1-827685764	
S1-923218125	S3-5982653,S3-523013595,S2-740080856,S3-975224484
S1-459513601	S3-217920855
S1-112497797	S3-442559017,S3-279452706,S3-693552095,S2-885930360
S1-340256769	S2-125839671
S1-368800238	
S1-79310794	S3-522713657,S3-527574832,S3-177209082
S1-447569394	
S1-242338078	S3-319402591,S3-217651110,S3-992043884,S3-393548592
S1-740920441	
S1-460225344	S2-926915697,S2-922150564
S1-258330157	S2-551190039,S2-326139300,S2-332564222
S1-562442010	S3-742374819,S2-47450678,S3-237013453
S1-542654164	
S1-886993962	
S1-341086128	
S1-905087549	S2-121290325,S3-973683477
S1-283295861	
S1-324389015	S3-879900336,S2-611081206,S2-374313690,S3-540594171
S1-810752177	
S1-848509028	S3-700207364,S2-34662042
S1-355407191	S3-739617028
S1-79771191	
S1-169455056	S2-624924486,S2-660609839
S1-875332718	S3-211293051,S3-260179128
S1-550808582	S2-253799414,S3-835151720
S1-243422578	
S1-140269631	S3-643878740,S3-225558114,S3-127978162,S2-898592422
S1-397851215	S3-893250206,S3-860935899,S3-577228940,S3-338770030
S1-147954834	
S1-942534929	S2-229363192,S3-425078498
S1-495094347	
S1-461567886	
S1-852697245	
S1-499640353	
S1-333762243	S2-125006244
S1-967913344	
S1-399029371	
S1-439062886	
S1-494654794	
S1-994565602	
S1-645283428	S2-593236359,S2-427312616,S3-122298055,S3-307639591
S1-175177544	S3-186589841,S3-338930461,S3-886210446,S3-79930868
S1-967848513	S2-417216613,S3-584219628,S3-624225370,S3-72418385
S1-380053354	S3-782197441,S3-510245829,S2-962249206,S3-867279005
S1-934888245	
S1-241658055	S3-506738565
S1-271957419	S3-934340998,S2-143935199
S1-182871050	
S1-844949272	S3-220193546,S3-150070114,S3-551500016
S1-18142011	S3-454067637,S3-758005533,S2-850770992
S1-339115713	S2-995686319,S2-581066352,S2-457528305
S1-266138605	
S1-21269685	S2-808565502,S3-100300008,S2-833510750,S2-324258436
S1-914324286	S2-187544582,S3-138380169,S3-60824743,S3-707156060
S1-556403492	
S1-671862504	S3-198206450,S3-302352263
S1-435306957	S3-517753864,S3-514130847
S1-952108245	
S1-894853415	S3-599192383,S3-650753240,S2-204655398
S1-364112349	
S1-190973617	S2-655645547,S2-212702965,S3-681166909,S3-803659652
S1-490996475	S3-435863643,S3-387996165,S3-473480851,S2-139076872
S1-405347831	
S1-703333137	S3-98353180,S2-593957482
S1-699925804	
S1-226464367	S2-574578345,S3-911078199,S2-731764300,S2-275773106
S1-297620630	S2-979553137,S3-22847841
S1-184825195	S2-444493352
S1-52949377	S3-634425393,S2-548690586,S2-453842494,S3-153228911
S1-459451777	S2-731978458,S2-123982612,S3-724071195
S1-647469291	S3-754390769
S1-384451840	S2-93813840,S3-913108163
S1-946642056	S3-496714582,S3-698594030,S2-895953009
S1-424337881	
S1-491026953	
S1-944369625	
S1-16714587	S3-875386491,S2-418872432,S2-834475342
S1-683296438	
S1-45038464	S2-622505357
S1-522268138	
S1-421993946	S2-369707387,S2-678641995
S1-72208200	S2-65491351
S1-814758378	
S1-352020007	S3-291847809,S3-451112783,S3-773886558,S2-692863153
S1-150822731	S3-322671824,S3-310050314,S3-763137348,S2-726678951
S1-668974027	S2-962545801
S1-574312056	
S1-692183190	S2-970237967
S1-508826709	S2-417485749
S1-589495620	S2-517363027
S1-102961481	S2-571818411
S1-55621306	
S1-114694908	
S1-895894302	S3-366825509,S3-782238314
S1-891771214	
S1-80627600	
S1-854644905	
S1-212581401	S2-235859355,S3-8438635,S3-699979003
S1-318492526	S3-195318801,S3-646624983,S3-528395237
S1-611745313	S3-6842079,S3-256035946
S1-477206541	S2-262109855,S3-327912682
S1-695768256	S2-35874322,S3-547190265,S2-417220680,S3-473798012
S1-189761703	S3-952494536,S3-326759373,S2-342336324
S1-923984427	
S1-562310595	
S1-927775711	S3-40855129,S3-517999327,S2-956542988,S2-670379724
S1-77014258	S2-889778606,S3-735687379,S3-502954500
S1-613119013	S2-319288018,S2-878827664
S1-680486525	S2-945261547,S3-521766073,S3-469552066,S3-193465611
S1-355189296	S3-81746359,S3-132244597
S1-323727079	S2-447191541,S3-144903431,S3-141310175,S3-135220670
S1-348385917	S3-96830814,S3-537989622
S1-605634625	S2-762319197,S3-72607505,S3-409701362
S1-792675481	
S1-588648886	
S1-474180601	
S1-413413351	S2-148804102,S2-782979989,S3-130118879
S1-521496572	S3-169138729,S3-700484486
S1-959694983	
S1-848416950	
S1-973201886	S3-861357032,S2-390845576,S3-821888918,S2-658506614
S1-338502911	S3-628726417,S2-916288059,S2-105100888,S3-961068802
S1-695467718	
S1-979266040	S2-848565720,S3-766796466,S3-736347437
S1-218680605	
S1-741061523	S3-16092615,S3-414727317,S2-479205410,S2-988215417
S1-533424329	
S1-355566568	S2-221815255,S3-792384313,S2-628557962,S3-325842198
S1-694644004	S2-742741553,S3-813641146
S1-864888877	S3-689068264
S1-450897478	
S1-663383795	S3-616166121,S2-293945194,S3-867590021
S1-554320181	S2-777749245,S2-170217654
S1-608626674	S3-903156332,S3-575091592,S3-933362694,S2-796486469
S1-851974533	S2-308351809
S1-370046332	S3-482921713,S3-736915977,S2-583056935,S3-157944882
S1-690719060	S2-205440479,S2-142715362,S2-379717989
S1-434868982	S2-506273873,S3-948727399,S3-247373267,S2-124848598
S1-917081511	S2-960837112
S1-53882784	S3-188369431,S3-457602754,S2-4039140
S1-217755760	
S1-722332939	S3-940455807
S1-246360586	S3-568360693
S1-239300207	
S1-144625217	S2-415780903,S3-805185148,S3-943299328
S1-40423091	
S1-221113282	S3-816639496,S2-657373581,S2-482321711
S1-901986010	
S1-23862454	S2-731641645,S2-292575116,S3-457990381,S3-393793871
S1-709858570	
S1-639679999	S2-390971046,S3-15798414,S2-547371854,S3-205777573
S1-685644606	S3-52320404,S2-230657435,S2-917755720
S1-119665898	S2-270031721,S3-27362756,S2-885056987,S2-575536316
S1-308274878	S2-485585652,S3-846394004,S3-402380542
S1-438381024	
S1-618355022	
S1-957075608	S3-247855447,S3-411274725,S3-116588849,S3-836857479
S1-616843245	S2-65637687,S2-36258542,S3-830479917,S3-415462064
S1-715875	S2-696058103
S1-519580384	S2-930876420,S3-694838985,S3-31748558
S1-619717947	S3-729186120,S2-387524159
S1-42982362	S2-602687601
S1-17312244	S3-681489104,S3-997170790,S3-790235733,S2-849904354
S1-46597407	
S1-696549979	
S1-670236716	S2-855535637
S1-971578067	
S1-993910935	
S1-579460194	S3-620359581,S2-355797856,S2-610085700
S1-232091344	
S1-850580483	S3-465420372,S2-910079324
S1-939418954	
S1-96566023	S2-150353257,S3-888243892,S2-706616912
S1-63965870	S3-286481024,S2-992744096,S2-35126438,S2-147046138
S1-14795909	S3-70589614,S3-553237517,S3-265929801
S1-231599094	S2-574948288,S3-12583044
S1-307202664	S3-521963623,S3-906691985
S1-795629228	
S1-958304359	S3-158797212,S2-226749949
S1-424698962	S2-363629133,S3-28281804
S1-157529845	
S1-748869180	
S1-370484783	
S1-789787536	S2-608662197,S3-30740569,S2-188297296,S2-238250019
S1-384626260	
S1-295061962	S2-965537861,S2-579077360,S2-322097379,S2-806253624
S1-829526291	S3-98128581,S2-568310170
S1-68383621	
S1-477484556	S2-83917861,S2-635483151,S3-939847000,S2-109690861
S1-593312110	S2-134049508,S2-947390530
S1-360780226	S3-512560983,S3-175710766,S2-978372893,S3-925270145
S1-864744287	S3-191148493,S2-692439472
S1-608590162	S3-654260527,S2-528058899
S1-188960073	
S1-720945399	
S1-378129774	
S1-136672760	S2-744297396,S3-805555935,S3-832945766
S1-857296876	S2-854800400,S3-605379316
S1-253537265	
S1-842605953	S2-772127901,S3-134093094,S3-596057590
S1-234307383	S2-794113210,S3-254427490,S3-815619963,S2-153203872
S1-238312746	S3-513894138,S3-214196083,S2-769805018,S2-195578486
S1-170280235	
S1-381259574	
S1-407800659	
S1-1697914	S2-84859020,S3-430283752,S2-60225210,S3-691182389
S1-4061844	S3-35551278,S2-917798874,S2-831707612,S2-3131423
S1-138539867	S3-87265140
S1-355740724	S3-924562233,S3-328554185,S3-820842457,S2-343965810
S1-937543364	
S1-523004203	
S1-525293260	
S1-919620057	S3-265669443
S1-562903025	
S1-212222316	
S1-900939687	
S1-794855537	S2-250055675,S3-606564529,S3-482579993,S3-262633324
S1-77805211	S3-419894331,S2-278118750,S3-554075535
S1-280815895	
S1-513982266	
S1-936963016	S3-290361428,S3-938227918,S2-986596431
S1-658002803	S3-641479336,S3-960940670,S3-13897816,S3-903250168
S1-936021211	S3-859750064,S3-261137091
S1-128041677	S3-350322990
S1-742876663	
S1-216279217	S2-402822038,S2-371925692,S3-634338302,S2-330726056
S1-961965135	S3-363835546,S3-307387990,S3-399507364,S2-619636424
S1-851116120	S2-747493716,S2-11767887
S1-715886468	S3-9750392,S3-788129501,S3-96444681
S1-329399191	
S1-639010399	
S1-976934306	S3-287855340
S1-794788845	S2-100449696,S2-434380724,S2-913252311,S3-626503513
S1-607330120	S2-367264769,S3-995962386,S3-932576516,S2-323569537
S1-413665268	S3-421378513,S2-502027095
S1-203453204	
S1-573066992	
S1-126640710	
S1-957890300	
S1-200024278	S2-354337494,S3-494395299,S3-303776971,S3-615659702
S1-442419148	
S1-598474156	
S1-359519845	
S1-410528518	S2-991697576
S1-661770155	S3-589491371
S1-581990013	
S1-564186151	
S1-697097365	
S1-767950994	S2-643700867,S3-415242770,S2-985082437
S1-425085774	S2-189521298,S2-844462396,S2-951905535,S3-324084266
S1-443373934	S2-509323086,S3-52967198
S1-778483376	S2-587367364
S1-74216799	S2-343331715,S2-446522730,S2-541000455,S2-193789435
S1-910350331	S3-538533430,S2-774194939,S2-674131833
S1-883797089	S3-623030563,S2-749637181,S3-850133764
S1-622067693	
S1-87942214	
S1-854175757	
S1-488048030	S3-67969927,S3-431460985
S1-401623191	S2-86591065,S3-312717531
S1-895742998	
S1-973313870	S3-890584090,S2-720119957
S1-481774713	
S1-624290723	S3-484793424,S2-248743931
S1-455112705	S2-704313483,S3-182702193,S3-753479852,S2-875160892
S1-458650210	
S1-264693946	
S1-141621312	S3-832009212,S3-637836553,S2-223430033
S1-156139063	S3-728244268,S3-874960422
S1-212765400	
S1-103723405	
S1-567836546	
S1-263909959	S2-587018714,S2-337256732
S1-884113798	
S1-670294378	S2-948588746
S1-151776963	
S1-107868204	
S1-870729931	
S1-351075047	
S1-15769627	
S1-498291122	
S1-11303977	S2-232119527,S2-125700062,S2-411462423
S1-661510955	S3-46878232,S2-621231174,S2-565017646,S3-866765618
S1-531400206	S2-492749322,S2-372751738,S2-484958614,S3-509627597
S1-691648201	S3-750975248,S2-298549627
S1-878467561	S2-834610141,S3-808303465,S3-774642549
S1-410604164	
S1-497330939	
S1-346352894	S3-898209910
S1-308650655	S3-606480351,S2-80942784,S3-703761924
S1-511986731	S2-916427261
S1-579526019	
S1-430691770	
S1-137984726	S3-73551800,S2-913327128,S3-374901203,S2-124894114
S1-714099503	S2-187124866,S2-430855585,S2-397147710
S1-314517150	
S1-748023916	
S1-414766948	
S1-532517415	S3-575766684,S2-482890202,S2-904312834,S3-93875118
S1-29269312	
S1-684955194	
S1-975013076	
S1-661807190	S3-182045112,S3-106044387,S2-240792458,S3-306328111
S1-941198942	
S1-852334085	S3-718083040
S1-18848385	S3-306489334,S2-133412647,S3-680770908,S3-308577365
S1-115900714	
S1-811430946	S3-147269435,S3-568438716,S3-295967835,S2-319044069
S1-10153258	
S1-350287170	S2-967036578,S2-944642036,S3-393648821,S3-407648764
S1-576933260	S2-654457357,S3-95163468,S2-564137996,S2-197767359
S1-342189528	S2-425189403,S2-734739695,S3-588515056
S1-665597488	S2-498153930,S3-947060541
S1-701878941	
S1-243324000	
S1-466509865	S2-93011187,S3-943014374
S1-816274170	S3-60375466,S2-86884435
S1-468669235	S3-259746564,S2-388924261
S1-911629920	S3-271973238,S3-667851508,S3-521902591,S2-721543058
S1-64996958	S2-787214266,S3-51228609,S3-520797782
S1-606585567	S3-92154499,S3-172977942
S1-388385719	
S1-738682146	S3-826712742
S1-887041138	
S1-193887686	
S1-22737235	
S1-625937692	S3-845251603,S2-295654267,S3-616422290,S3-380855815
S1-929771031	S2-749819870,S3-769673641,S2-657810401,S3-175058521
S1-347704743	S3-328240068
S1-680824851	
S1-514178766	
S1-711344614	S2-658780785,S2-503300061,S2-343897288
S1-657892299	S3-50477065,S3-423605714,S3-15109613,S3-143564018
S1-249476307	
S1-595458855	S2-73385072,S2-447214466,S3-45735479
S1-522064735	
S1-435412212	S2-388004608,S2-936443980,S3-623995290,S2-818171239
S1-113448181	S2-37836022,S3-555795146
S1-6531507	S2-853064782,S3-260532105,S3-78817417
S1-626714525	
S1-589903308	
S1-826241427	
S1-702261110	
S1-954299608	
S1-329683035	S3-489151004
S1-957375678	
S1-446369787	S2-726369766,S2-435653447,S3-744699054
S1-999237985	
S1-429362889	S3-474500754,S2-643590672,S3-363519785,S3-750335060
S1-422748467	S3-697655596,S3-241605010,S2-379432176
S1-409138309	S2-482944102,S3-870865412,S3-415147718,S3-169486812
S1-756394416	
S1-825415110	S2-499698145,S3-409603164
S1-838724147	S2-986020812,S3-525004988,S3-78311942
S1-71152932	S2-308720435,S2-116552037
S1-233629773	S3-843092414,S2-552011341,S3-499358089
S1-56071180	
S1-377985479	S2-417743567,S3-222454569
S1-782929971	
S1-213382081	
S1-101336916	
S1-511840400	S2-739638084,S3-345782504
S1-730318020	
S1-536060688	S3-771519344,S2-737693092
S1-331316883	
S1-543623233	
S1-107762214	
S1-625647222	
S1-358393413	
S1-732762599	
S1-137479910	
S1-937064726	S2-209295461
S1-291904837	
S1-979496909	S3-898986299,S2-325726598,S3-827227322,S3-923943709
S1-730544538	
S1-653244046	S3-698713261,S2-920383179,S2-744183718,S2-452678530
S1-923626577	
S1-9880738	S3-537979594,S3-765830215
S1-647913548	
S1-289892677	S2-493944685,S2-354319761,S3-247280524
S1-807590124	S3-132401560,S2-580054089,S2-50297039
S1-347900880	S3-949465119
S1-402575333	S3-974030908,S2-112339454,S3-506357567,S3-874948421
S1-15300191	S3-61606261,S2-766336527,S3-852329743
S1-856403569	S3-390253758,S2-273915966,S3-47891246
S1-475970970	
S1-555999173	S2-149905563,S3-142310703,S2-454470458,S2-323391806
S1-743231798	S3-447136425,S3-86021795
S1-819558756	S3-79897641,S2-143111127
S1-96980527	S3-20728859,S3-432177856
S1-285733639	S3-380218507,S3-869040092,S3-714804757
S1-551392317	S3-35847644,S3-379604314,S2-269109686,S3-979526431
S1-996457991	
S1-1364934	
S1-200420574	S3-163870333
S1-486258822	
S1-744449160	
S1-993442407	S2-169614134,S3-738428950,S2-505418800
S1-554428569	
S1-794771959	S3-928666650,S3-930123669,S3-94176307,S2-691611799
S1-791090387	S2-708278061,S2-665517636
S1-39696977	S3-620629587,S2-953643947,S3-831069072
S1-197296980	S2-323574076,S3-187419044
S1-138484947	S3-707009367
S1-881870935	
S1-939616179	
S1-227923615	
S1-826656481	
S1-61784076	S2-886017636,S3-47297676,S2-754103836
S1-957369340	
S1-255435117	
S1-466462253	S2-319807808,S3-16380447,S2-411825702,S3-503137939
S1-865448205	
S1-227447502	
S1-347391291	S2-556892953,S2-774264073
S1-721598202	
S1-413594556	S3-3270260,S2-341005141
S1-629046413	
S1-307412007	S3-662222727,S3-164461980,S2-940772248,S2-284038631
S1-708155097	
S1-733389117	
S1-334859225	S2-636192670,S3-729055503
S1-710614723	
S1-972825115	S3-120496774,S2-543258040
S1-453219848	S2-675463691,S3-404109472,S3-467729724
S1-851371085	
S1-164023154	
S1-355495770	S3-583370537,S3-294286067,S2-154007331
S1-500083823	
S1-265241331	S2-759941099
S1-826085565	S3-96577433
S1-679774901	S2-792735678,S3-625168313,S3-820293694,S3-872414684
S1-159301002	S3-558547848,S3-103500595
S1-408959679	
S1-131426949	
S1-820242338	S2-858613012,S3-104941483
S1-337806162	
S1-114805071	S3-819642203,S3-329709241,S2-823654185,S2-685660227
S1-908542661	S3-166155901,S3-817927051,S2-908858351,S2-31137191
S1-812029104	S3-751681106,S3-41857148,S3-476231134,S2-786064420
S1-713078330	S3-116680834
S1-383592845	S2-570486807,S3-523877426,S3-235667235
S1-94594546	S3-791292824,S3-886727138,S3-563284550,S2-281254954
S1-761842895	
S1-113084811	S2-816695766,S2-293731909
S1-297941117	S3-176327291,S2-8198823,S2-588234611,S3-372317043
S1-976566912	S3-551928065,S3-298532343,S3-562334399,S2-876262314
S1-638924298	S2-203140736,S3-327653373,S2-333965026
S1-165597741	S2-31094804,S2-858831771,S2-403299026,S3-406141042
S1-830359717	S2-54940217,S3-374894914,S2-206343173
S1-665066194	S2-862252241
S1-492641941	S3-905199926
S1-51940440	S3-248331954,S3-48912710
S1-394570090	
S1-585913990	S2-316037624,S2-452220937,S3-271440653
S1-200352674	S2-136858499,S2-20900301,S2-615641187
S1-313210595	S3-489666631,S3-350644662,S2-590697756
S1-873028345	
S1-131415342	
S1-642102447	S2-493576799,S3-927226381,S3-344252275
S1-887468851	
S1-670117311	S2-813986359,S3-591554954
S1-571340098	S2-395498756,S2-412992862,S2-703549911,S3-627593900
S1-832081836	
S1-44470227	
S1-902366012	S3-72268216
S1-426074650	
S1-923304367	
S1-485410847	S3-895875628,S3-695616279,S2-486164468,S2-354988636
S1-866916635	S2-226784288
S1-381483837	S2-849596401,S3-265012828,S3-320764819
S1-733046142	S3-558336243,S3-729995464
S1-579607912	
S1-231869453	S2-392723852,S3-161970090,S3-339898429
S1-496839392	
S1-478656786	S3-92193529
S1-791478265	
S1-658218992	
S1-871696961	S3-522821362,S3-736198029,S3-279149204
S1-79922629	
S1-277154042	S2-896479265,S2-299896734,S2-160639013,S3-525764930
S1-439069973	
S1-487336597	S2-635932323,S3-342827740,S3-690183317,S3-574503938
S1-868302622	S2-444979364
S1-513672694	
S1-269807069	
S1-910723122	S2-181404611,S3-101376636
S1-368142388	
S1-304470191	S3-918901318,S3-494928492,S2-234238441,S2-756711369
S1-973065618	
S1-940439235	S2-466068841,S3-25899982
S1-498672443	S2-86024899,S2-167236762,S3-150862470,S3-765312031
S1-641649866	S3-925820981
S1-744014862	S2-740912131,S3-550263569,S3-109710829
S1-547778479	S2-912815767,S2-136366177,S3-900920408
S1-981341151	
S1-731905607	S2-248477807,S3-624187057,S3-642394887,S3-820480466
S1-144749725	S2-173055310,S3-28564676,S3-455827014,S3-108472085
S1-543274832	S3-730524398,S3-469790205,S3-619941003
S1-933576794	S3-345541874,S2-831491534,S2-728842552,S3-81814838
S1-686508428	
S1-334320275	S3-590109520,S2-939845611,S3-543821857,S3-459140026
S1-556080857	S2-142239123,S2-640681588,S3-974310382,S3-958824762
S1-847230816	
S1-584893528	
S1-547693169	
S1-813330769	S3-999448165,S2-271021609,S3-745213977
S1-749406012	S2-717044489,S2-812993643,S2-566939594
S1-170497159	S2-310338351
S1-614172347	S3-519202770,S2-31393099,S2-506207701,S3-835005889
S1-301319773	S3-295416883,S3-488330112
S1-603932670	
S1-576331020	S2-391250366,S2-195306865,S3-673204176,S3-439857870
S1-57656368	S2-781325586,S3-939143699
S1-602068879	
S1-49799982	
S1-235898897	
S1-676726520	S2-590541527,S3-598300739,S3-75790375
S1-472724393	
S1-605526181	
S1-19525485	S3-673696896,S3-146285935,S2-557938353,S2-919749975
S1-288472905	S2-417510226,S2-125006244
S1-58582837	
S1-309321387	
S1-56078001	
S1-851545781	S3-813351233
S1-290477074	S2-184117678,S2-897155365,S2-48275917,S3-914039615
S1-660872300	
S1-407901996	S2-806546167
S1-955793474	
S1-37668751	S2-230975281,S2-180514424
S1-722427970	S3-860933140
S1-314830127	S2-254246196,S2-102503353,S3-549785183,S3-922857977
S1-50829827	
S1-665715425	
S1-718736338	S2-122261229,S3-110012100,S2-79097561
S1-984860654	S3-435757055,S3-148797270
S1-611562643	
S1-180128210	
S1-679213388	S2-673745092,S2-70891394,S2-497527347,S3-778414859
S1-726491373	S2-796106135,S2-365696785,S3-827066710
S1-437387623	S2-153124059,S3-649841566,S3-553025394,S3-546167378
S1-390484794	S2-481339686,S2-659732700,S3-825637056
S1-160549632	S2-793477058
S1-321731341	S2-568854505,S3-615519539,S3-986138054,S2-640774029
S1-268672858	S3-862740394,S3-276591801,S3-426623489
S1-306776309	
S1-171618581	S3-92512534,S2-815630139
S1-90389833	
S1-417774715	S2-745801805,S3-286332343,S3-85482785,S3-39868117
S1-951427378	S3-129817369
S1-910320520	S3-678793299,S2-956253955,S3-771592593
S1-280999881	
S1-295941699	S2-950752724,S3-415577461,S3-247067236,S3-131703303
S1-62061810	S2-304062064,S3-113981099,S3-191215883,S3-508901967
S1-794877789	S2-220758654,S3-687700213
S1-519683408	S3-335199371
S1-234048573	S3-351904780,S2-198892796,S3-664529541,S3-392331971
S1-265662023	
S1-957419462	S3-305808448,S3-388811042,S2-36225431,S3-830425105
S1-451005207	
S1-170175056	
S1-823933990	S3-346766587,S2-997325838,S3-81228505,S2-64308397
S1-924967626	
S1-43917476	S2-299761289,S3-931682964
S1-840801826	
S1-959648738	
S1-623625722	S2-127043611,S3-678020650,S3-37402341,S3-234571919
S1-622201979	
S1-811319270	
S1-415507632	S3-118325447,S2-573856045
S1-26774738	
S1-770402023	S3-573322239,S2-991035043,S3-542406636
S1-946330931	S3-255656494
S1-129526108	S3-678932249,S3-625772732
S1-595068256	
S1-758666116	S2-575610312,S3-385221314,S2-119300976
S1-44839286	
S1-324959248	
S1-985361513	S2-599889167,S2-308592473,S3-91715363,S3-320416707
S1-218090455	
S1-955915254	S3-19305551,S3-71281512
S1-469609652	
S1-127532929	
S1-783256021	
S1-717881373	S3-552136950,S3-642831376
S1-730709241	S3-864392512,S2-182337093
S1-408548012	S3-140027776,S3-930730930
S1-842668530	S2-830529900,S2-348681140
S1-256896327	
S1-218939997	S3-380343582,S3-850834067
S1-626023312	S2-507469730,S2-363828278,S3-915014240
S1-868103677	
S1-402291949	S3-95331181,S2-597309255,S3-122320189,S2-962097104
S1-521897094	
S1-40352153	
S1-14208607	S3-281739770,S2-501418645,S2-999754575,S2-142811661
S1-601905012	S3-15645487,S2-482134712,S2-883398880,S2-421504668
S1-128771629	S2-757629481,S3-316184086,S3-946796039
S1-357634337	
S1-257387409	
S1-577919170	S2-346040569,S3-864302781,S2-957495734,S2-489034599
S1-50125621	S2-540664762,S2-841617523,S3-945220188,S3-286842855
S1-234358494	
S1-969676499	
S1-648078103	
S1-510632147	
S1-423914008	
S1-293069316	S2-642424455,S3-428165594,S3-395916968
S1-913880868	
S1-116113687	S2-239971681,S3-580782199
S1-789319171	S2-341277123,S2-64012041,S3-471130496,S2-47361835
S1-832350123	
S1-27262837	S3-308776495,S3-919316038,S3-684585726,S2-464929555
S1-49527993	S3-823278830,S2-39902340,S2-860744957
S1-971949728	S3-409889008
S1-706592189	S2-242922446,S3-249390648
S1-712020386	S2-453408521,S3-643397014,S3-770746194
S1-371469666	
S1-50729802	S3-979885122,S3-924969813,S3-893643656,S3-868996138
S1-232636475	S3-109055255,S3-102592560,S2-964209604
S1-305478524	
S1-276921743	S3-851750541,S3-723881412
S1-982593007	S2-273146344,S3-153727470,S2-772189566,S2-563207701
S1-892352204	
S1-86416368	
S1-998008142	S2-220541775,S2-205086710
S1-345833198	
S1-104327495	
S1-424694474	S3-845171438,S3-100415734
S1-787174535	S3-924651582,S2-417460213,S3-675976727,S3-633427161
S1-400207084	
S1-900000956	S2-594184099,S3-391784951
S1-192715670	S2-186149833,S3-766137258
S1-746363565	S3-95878486,S3-421174344,S3-909186152,S2-325839533
S1-4418487	S2-335680774,S2-835292069,S2-932653710
S1-306939949	
S1-21978301	S2-438234773,S3-721789678,S3-115260950,S2-560716520
S1-848952985	S2-74959858,S3-572800334,S3-36718026
S1-319644979	
S1-552456640	S3-730075134,S3-407720751,S2-779181202,S3-758972821
S1-136393247	
S1-519028458	S2-258879357,S2-493524093
S1-511207809	S3-54766992,S2-414475818,S3-74683496,S2-949784611
S1-940948899	S3-331639766,S3-472675533
S1-595459749	S3-366868449,S2-896652161
S1-496065794	S3-674950647,S2-721358926,S3-821216199,S3-815867000
S1-290588441	S3-476523750,S2-767831720,S2-691777807
S1-839622820	
S1-14981577	
S1-99565737	S3-148623987,S3-946719897,S2-674282339
S1-41943607	S2-821719925,S3-648369390,S2-167154758
S1-551812868	
S1-248416018	
S1-406241572	
S1-545362468	
S1-205333968	S3-352306753
S1-734001273	S3-341430456,S2-995061802
S1-42011484	S3-544612294
S1-419099531	S2-678965799
S1-587782720	S2-191408963,S2-987007802,S2-101169393,S3-344285344
S1-885016250	S3-439424663,S3-897573905
S1-246262725	S3-281326572,S2-655187421,S3-340047658
S1-218523808	S3-232821311,S2-199512924
S1-118410620	S3-940511477,S2-351901202,S3-779206764,S2-544151119
S1-502113269	S3-617095442,S3-948213062,S3-333156680,S2-748598923
S1-648576451	S3-107478147
S1-605671332	
S1-758602260	
S1-278826316	S3-347171906,S2-326957066,S2-954470784
S1-190406848	
S1-698677530	
S1-64045554	S2-457678950
S1-757134826	
S1-306115437	
S1-523528206	
S1-637599988	S3-402319626,S2-650759792,S3-620892808,S3-398027828
S1-282858158	S2-47639121,S2-675989634,S3-758366251,S2-402532582
S1-835046751	S3-893282649
S1-233784696	S3-554359322
S1-981029362	
S1-513374256	S2-991507878,S3-676386497,S3-252390603,S3-643993192
S1-163931589	
S1-77326975	S2-691201908,S2-223632521,S3-854819483,S2-594356209
S1-934928447	S2-966823259,S2-423910805,S3-805233939,S3-580885021
S1-104247440	
S1-59323470	S3-823019852
S1-280449629	
S1-901026730	S2-968743170,S3-950624451,S3-210709105,S2-694269525
S1-48726956	
S1-878319004	
S1-848235324	
S1-121778038	S3-973136991,S2-222978553
S1-296219587	
S1-360791242	S2-271732676,S2-73767247,S3-359484798,S3-297802632
S1-816543634	S3-670412825,S2-511943244
S1-91771098	S3-427863240,S2-27247157
S1-834512254	
S1-813825124	
S1-47822162	S3-906653971
S1-305206360	S2-912789210,S3-636188751
S1-384944997	
S1-60437258	S2-172793296,S3-12323816,S2-663340944,S2-20664807
S1-472266207	S2-139079993,S3-499617069,S3-207718760,S2-862649575
S1-697019244	S3-897225811,S2-489985395,S2-379923138,S3-121056320
S1-897062272	S3-631740135,S3-67899504,S2-231577072,S2-308945645
S1-161266331	S2-632221158,S3-780484130
S1-801231498	
S1-334401658	S3-758407904,S3-13708058,S3-148699334,S2-31637398
S1-484493084	S3-82543348,S3-334672507,S3-732242615,S2-139028038
S1-501191491	S3-828097996,S2-529436448
S1-84776460	
S1-695683577	
S1-770565385	S3-786625453,S2-288794956
S1-558082270	
S1-508748181	
S1-724051797	
S1-278880558	
S1-689795863	
S1-37615591	
S1-97760589	S2-486094301,S2-672484788,S3-683674678
S1-185085762	
S1-239861349	S2-624847471,S3-463486972,S2-260224875
S1-75498240	
S1-315453592	
S1-103668732	
S1-849797063	
S1-316520721	
S1-586247133	S3-159962520,S2-851879817
S1-478694303	
S1-5292292	
S1-891375991	
S1-232736381	S3-992106985,S3-102347803
S1-760236624	
S1-680288461	
S1-413154587	S2-541516143,S2-512062657,S3-428094295
S1-294280581	S2-113534378,S3-872475481
S1-286005331	S2-150277523,S2-111959257,S3-491144668,S3-702019443
S1-962449154	S2-490854321,S3-988589831,S3-656056091,S2-918667461
S1-403853352	
S1-255085362	
S1-829584332	
S1-484411665	S3-832728606,S3-114119140
S1-960255661	
S1-596121856	S2-290161185,S3-943770415,S2-893216859,S2-879695630
S1-816057438	S2-837260606
S1-291869087	
S1-185751759	S3-648785268,S3-176365643
S1-278107976	
S1-829089466	
S1-234437212	S3-74143605,S2-771971071
S1-431892628	
S1-944022352	S3-120810328,S2-798009639,S3-969844514,S3-776846845
S1-516005970	
S1-912671127	S3-173343321,S3-929354825,S2-231471110
S1-592388086	S3-225797493,S2-343926000,S2-588223392
S1-148010291	S3-766565141,S3-657525859,S2-890223390
S1-876341828	S3-265163251
S1-757330430	S3-20020744,S2-588434362,S2-194065189
S1-106050770	S3-381759908
S1-948139568	S3-416869575,S2-749489018,S2-992362789,S2-225216444
S1-558132523	
S1-844066886	
S1-263637018	
S1-262485094	S3-873800136,S3-447499113
S1-447339173	
S1-838899101	
S1-363391853	S3-251329269,S3-439015747,S3-347580161
S1-637633883	
S1-709268581	S2-637545561
S1-293439237	S2-106541320,S2-750191423,S2-946432641,S2-148505134
S1-214502545	S2-564370177
S1-814031340	S3-635285163,S3-640676160
S1-932959290	
S1-860998561	S2-533392838,S3-67799854
S1-628737755	
S1-339602798	S3-750066822,S3-91396710,S3-252415057,S2-194108885
S1-632259857	
S1-139428673	S3-588182478,S2-448454365,S3-110683885
S1-793177865	
S1-515112970	S3-455607375,S2-634967351,S2-151054069
S1-525194708	S3-884652445,S2-817534156
S1-940614558	
S1-277254984	S3-952389213,S3-938040834,S3-65239325,S2-123563656
S1-187275631	
S1-227181717	S2-170614140,S3-857018179,S3-957255746,S2-999876733
S1-396825543	
S1-970935799	
S1-285887152	S2-851036213,S2-220712105,S2-729642115,S2-384913305
S1-392774708	S2-969758192,S3-844481335,S2-206481832
S1-423134350	S2-610190509,S2-369034856,S3-990555221
S1-533656514	
S1-914621962	S2-884967383,S2-232933444,S2-421281695,S3-979053252
S1-376615600	
S1-960349888	S2-721778833,S3-801471213,S3-793511479,S2-480991985
S1-665402840	
S1-859294726	S3-364478294,S3-784659834
S1-925803309	
S1-89282797	S2-891402553,S3-7372333,S3-285566225,S3-375539033
S1-950465219	
S1-533326345	S3-402712148,S3-495746314
S1-632768335	
S1-759194394	
S1-123201648	
S1-862645564	
S1-465895679	S2-944430612
S1-356302507	
S1-578377767	S3-311415093,S2-83644509
S1-901812586	
S1-233959225	S2-494633228,S2-729238440,S2-399668858,S3-728444782
S1-889676953	S3-464869082,S3-352640665,S3-749297005,S3-328030237
S1-507737796	S2-857307063,S2-808330545,S2-340378342,S3-899330716
S1-470985146	S3-121322092,S3-776625974,S3-251587753
S1-448907913	
S1-187004737	
S1-215814912	S2-885238524,S2-442776785
S1-998896389	
S1-850938145	S3-351214465,S3-125531892,S3-215170064,S3-390271417
S1-250300124	
S1-290904795	
S1-326768119	
S1-895704718	
S1-981221654	
S1-837935979	S3-659266185,S2-119486164
S1-728915255	
S1-967334485	
S1-312902228	S2-774753603,S2-339251002
S1-483242553	S3-894725977,S3-702894856
S1-435090635	
S1-732383035	S2-70207002
S1-855319108	S3-22606948
S1-685421211	
S1-300112137	S3-901448478,S2-204883575
S1-799984000	S2-758005225,S2-601524958,S2-339087167
S1-681801060	
S1-494600092	S2-302915745,S2-363732199,S2-538144640
S1-856351039	
S1-445232459	
S1-333320878	
S1-686127180	
S1-864119136	S3-527443574,S3-300511238
S1-221485634	S2-58185039,S3-746335327
S1-301317343	
S1-812250173	S2-598202086,S2-443928108,S2-233639815
S1-276674993	
S1-137343345	
S1-765994005	
S1-602397038	
S1-389166814	S2-616219407,S3-286120275,S3-455966354
S1-236999208	
S1-939216419	
S1-423945843	S3-796471916,S3-919422724,S2-692575019
S1-570947290	S2-53493083,S2-26195368,S3-788587112,S3-163745384
S1-471227039	S3-936466736,S2-684167313
S1-229514977	S3-788445755,S2-804825772,S2-311235998
S1-599486125	S2-780780287,S3-301092859
S1-669236022	
S1-347151075	S2-995926060,S3-84371284,S2-286985986
S1-71239273	S3-423342373,S2-253880368,S2-171409678,S3-466681103
S1-312458078	
S1-544126213	
S1-632223476	S2-292414070
S1-959215035	S2-496706741,S2-41157386,S2-991629222
S1-585249058	S2-198920078,S3-662398186,S3-305500909
S1-487037107	S2-280882598,S2-850138787,S3-941691790
S1-908099113	
S1-615332914	
S1-560431944	
S1-562398377	
S1-632082235	S2-734025074,S2-735976105,S3-533148967
S1-731790977	S3-596274892,S2-585055114,S2-821812015
S1-774824933	
S1-913683143	
S1-124476324	S2-873271130,S3-273952436
S1-987860861	
S1-796736156	S2-615428878,S2-226848431,S3-872251579,S3-728252575
S1-119443360	
S1-451074578	S2-59398053
S1-160805154	S3-118085878,S3-961941874
S1-743237548	
S1-824384269	
S1-195115058	S2-697971397,S3-55457323,S3-455532831
S1-593462179	S3-865176700,S3-707055105
S1-476496460	S2-920742638,S2-455164253,S2-520429098
S1-778661154	S2-325106589,S3-657471149
S1-396876945	S3-801233053,S2-65716106,S3-781419208,S2-293338354
S1-774728628	S2-730696253,S2-259982035
S1-471880656	
S1-535026071	
S1-207611463	S2-753566380,S2-296780455,S3-311098180
S1-481897571	S2-838296009,S3-666934122,S2-165731449,S3-480348067
S1-417298752	S2-615321961,S2-846433098,S3-736194827,S2-236121246
S1-977781104	S2-856858797,S2-458001284,S3-859841544,S3-623508511
S1-514314829	S2-602512427,S3-563267265
S1-547641629	S2-763898185,S3-349365872,S3-138652054,S3-743218621
S1-620147934	S2-237055224
S1-59976040	
S1-222300856	
S1-978283462	S2-968233221,S3-563423801,S3-874169001,S2-296360249
S1-402529117	S3-451465830,S2-174764662,S3-898836491,S2-831386965
S1-691598091	S3-693768082,S2-834605875,S3-331493101
S1-447965369	S2-296147102
S1-769203810	
S1-735145697	
S1-392545265	S2-605616603
S1-667731777	S3-486835050,S2-534592764
S1-429231720	S3-516513888,S2-981340476
S1-983882749	
S1-349594389	S2-585885685,S3-218318852,S2-62668117
S1-590873234	S3-112200186,S2-346745858
S1-235328788	
S1-333685230	S2-839135002
S1-517737855	S2-810528633
S1-117721772	
S1-963476274	S3-779672029,S2-770473067,S3-445597443
S1-453081706	S3-706581117
S1-288797470	S3-666714244,S3-210505404,S2-793626736,S2-14756015
S1-49884958	
S1-359846868	
S1-737547523	S2-130696602,S3-826459231
S1-934765940	S3-797853277,S2-23972438
S1-251703636	
S1-488485030	S2-137623916,S2-340966299
S1-184140168	S2-999243946,S2-91913671
S1-261980117	S3-764878936,S3-309881062,S3-942208271
S1-79071316	
S1-997370847	
S1-220802569	S3-31680000
S1-36744115	
S1-594871360	S3-111064368
S1-355551907	S3-724864117,S3-442156763
S1-630762006	S2-4491739,S3-943847062,S3-690733671
S1-128688463	S3-123672295,S2-686497821,S2-529236738,S2-237368653
S1-70199108	
S1-195766470	S3-968905968
S1-359222367	
S1-353690645	S3-260368442,S3-317319813
S1-744065646	
S1-671833005	S3-221052175,S3-882397426,S3-735454652,S2-253141492
S1-632593595	S2-947089933,S2-668983161,S2-392266188,S3-657150635
S1-103982918	
S1-760380340	
S1-760152949	
S1-229662476	S2-711608274,S3-870363071,S3-845410246,S2-252578716
S1-101161506	S2-627714101,S2-789534746,S2-301669301,S3-842284640
S1-204525698	
S1-387263024	S2-966766999
S1-869858353	
S1-277927901	S3-74266980,S3-172007520,S2-672148463
S1-863084925	S3-331266741
S1-15375485	S3-668448757
S1-345504035	
S1-834561905	
S1-837010279	
S1-297992395	
S1-951480787	S3-754055743,S2-702954224,S3-666558175
S1-884927415	S3-279522536,S3-847476341,S2-350404598
S1-663132490	S3-404366948,S2-30617723
S1-175179007	S2-140961254,S2-763981133,S2-519283715,S2-819991125
S1-327644041	S3-732568561,S3-605816494,S2-638769753,S2-328775483
S1-524245373	
S1-947973140	
S1-43879222	S3-42199744,S3-269447333,S2-870926644,S2-474945929
S1-683020700	
S1-663728675	S2-855377679,S2-162808694,S3-788576430,S3-917358208
S1-356867131	S2-663340436,S2-414069590,S2-957632620
S1-404134381	S2-873960205,S3-858159813,S3-925383612
S1-77994778	S2-330511334,S2-692664772
S1-247465961	S2-43768016,S3-859916494,S3-246599990
S1-465918492	
S1-396476432	S2-698274750,S3-885893882,S3-719886108,S2-326210064
S1-508159305	
S1-326516571	S3-583123800,S2-583447075,S2-137853515
S1-79548228	
S1-293692477	
S1-150520948	S3-165687512,S3-235573928,S2-439141641
S1-854734515	S3-407772622,S3-997716994,S2-170386583,S3-314096113
S1-13520535	
S1-246235498	S3-822766397,S3-764157774,S2-364828935,S3-599976861
S1-542680904	
S1-91013649	S3-911344082,S3-352024241,S2-929678746,S3-135417727
S1-264140193	S3-171527268,S3-86687331,S2-314659492
S1-131914996	
S1-691521662	
S1-860745450	S3-6274161,S2-848201219
S1-396581769	
S1-104037429	
S1-105420468	S2-521493799,S2-345392157
S1-734299058	S2-688005975,S2-288513570,S2-304724307,S2-808412602
S1-825797273	S2-394766619,S2-539400931
S1-533039931	S3-257334118
S1-704254281	S3-955363258,S3-163712491
S1-453872143	S3-407475323,S2-703834454,S2-347315511
S1-284543343	S2-50619112,S3-346659906
S1-767088874	
S1-648045604	
S1-7755995	
S1-495089287	
S1-746095429	S2-572661909,S2-665345488,S2-209248276
S1-452570117	
S1-479491726	S3-434303214,S2-330300639,S3-345437669,S2-254404556
S1-502417969	S3-225331068,S2-891604866
S1-122531338	
S1-961135720	
S1-696650162	
S1-438819408	S2-52972375,S2-238983432
S1-463365813	S2-951569022,S2-813135885,S2-460610165,S3-620237290
S1-329502542	S3-685708884,S3-168048189
S1-995773036	S3-64936338,S2-758513523,S3-187221456,S2-615206665
S1-120031163	S3-992635793,S3-91801856,S3-163382431,S2-73174218
S1-946447803	S2-575944515
S1-803020738	
S1-110699228	S2-547365158,S3-239458482
S1-652714660	
S1-938750193	
S1-446537006	S2-180045194,S3-921920827
S1-905406316	
S1-123793112	S2-220636648,S3-14772141,S3-132439291
S1-158785609	S3-667095426,S3-37902793
S1-631351280	
S1-692817646	S2-15418598,S3-308341366,S3-710682080
S1-345642290	S3-133568997,S3-382676909
S1-270524369	
S1-416359861	S2-69715454,S2-681499079,S3-68633941,S3-937842667
S1-847381332	
S1-581774702	
S1-472403862	
S1-120360531	S3-382103126,S3-416532576,S3-669256370
S1-594942089	
S1-245541794	
S1-573535306	
S1-688256756	S3-533228839
S1-351596561	S2-440983037,S3-948730593,S3-95186817
S1-897067946	S3-344745758,S3-459243103
S1-58262059	S2-172433460,S2-931492433,S3-264106100,S3-730036987
S1-884536600	S2-397467673,S3-506216573
S1-309280882	S3-577092411,S3-238530446,S2-872354649,S3-129595250
S1-287121872	
S1-796444849	S2-43884709,S3-541045923,S3-436477575,S3-666284919
S1-170379773	
S1-500612102	S3-291142592,S3-769885266,S2-716267523,S2-732724892
S1-330156614	S3-816231833,S2-990310369,S2-831172155
S1-585152834	
S1-89730639	S3-531886770,S2-220408730,S3-52082868,S2-318851552
S1-232350936	
S1-475773962	S2-995433268,S3-12334201
S1-921144925	S3-225393602,S3-653377514
S1-417060241	
S1-150204998	S3-95249500,S2-475473907,S3-325940811
S1-991342447	S3-976199080,S3-748651820,S3-349249591
S1-828373503	S2-919197669,S3-459818898
S1-317437374	
S1-761656370	
S1-913331207	
S1-37505716	S2-27397078,S2-802808580,S3-838623987,S3-888189703
S1-704040417	S3-779602160,S3-877604971
S1-188407532	S3-533138317
S1-997641401	S3-340072328,S3-922531909,S3-562629498
S1-753884867	
S1-858282620	S2-827831582,S2-368171942,S3-255675757,S2-140632170
S1-931962231	
S1-246840143	S3-178380728,S3-797909284,S2-974878124,S2-967282410
S1-543253810	S3-719294818,S3-821847640,S3-5252178
S1-292896990	S3-444521972,S2-824198300,S2-485031216,S2-274335053
S1-544785058	
S1-75035294	S2-61779101,S3-207103521,S3-192630646
S1-952806007	
S1-730567752	S3-747718230,S3-580814409,S3-267521652,S3-2954009
S1-91985813	
S1-358723735	
S1-374195642	S3-384635000,S3-521233951,S2-599951653
S1-258628616	S2-354135566,S2-661287590
S1-327482808	
S1-206293869	
S1-410815375	
S1-525679854	S2-64467024,S2-802105553,S3-879941739,S2-556307104
S1-752887155	S3-396983630,S2-287496520,S2-854768370
S1-251075824	S3-730972522,S2-560936991
S1-831817167	
S1-864737256	S3-916160675,S2-945375370,S3-452110435
S1-353841677	S2-319131080
S1-679077559	S2-295669498,S3-59323189
S1-754426723	S2-228662049,S2-522412789,S3-961293410,S3-805708048
S1-624525530	S3-981196627,S3-919421552
S1-219061257	S3-560599079
S1-54813056	S3-517471172,S2-488681388,S3-629157631
S1-512592054	S2-206056358,S3-239017320,S3-743514802,S2-46560003
S1-407355271	S2-752302271,S3-594654116,S3-182675721,S3-922265936
S1-765089533	
S1-211645907	S2-158617115,S3-680827270,S2-873467866
S1-593675409	S2-550437445,S2-702139553,S3-985608021,S3-393352319
S1-59405721	S3-503835881,S3-792189659,S3-307548392
S1-249964363	S2-674947917,S3-21747253,S3-129731688
S1-796636786	
S1-195262138	S2-415147019,S3-224183737,S3-32078980,S3-301688253
S1-360701087	
S1-8323103	
S1-963383767	S2-556888225
S1-464183404	
S1-263700052	
S1-444181499	
S1-16349560	
S1-548199678	S2-456997256
S1-554864690	S3-45565501
S1-131630891	S2-69526259,S3-509888203
S1-372461989	S2-14900494,S2-52854137
S1-516760558	
S1-671474435	S3-311179238,S2-470894531
S1-504660574	S3-788239269,S2-26203505,S3-421205061
S1-855871750	
S1-195541994	S2-714567303
S1-704181510	S3-549540002,S2-909792736,S2-813931641,S3-994322841
S1-567218876	
S1-868338797	S3-12369604,S2-573515112
S1-116191461	S3-128512016,S2-82972702,S2-784404723,S3-757293208
S1-523485402	S2-725666486,S2-332900925
S1-689184317	
S1-154463878	S3-389525893,S2-696551023
S1-543658046	
S1-747613705	S2-4046991,S3-542979539,S3-926369760,S3-89968099
S1-826021228	S3-752400194
S1-633662061	S3-435798926,S2-228269466,S2-77599472
S1-757014973	
S1-477577367	S2-52998776,S3-825462583,S3-482258255
S1-739071249	S2-695354819,S3-780739602
S1-228258817	S2-922155003,S2-765318695
S1-409588193	
S1-525590092	S2-494555586,S3-559890745,S3-947528515,S2-993257622
S1-486211667	S3-797811370
S1-524896950	
S1-113075565	S3-407301711,S2-346984846,S2-160145349
S1-914439703	S3-216763039,S2-449316992
S1-126842070	S2-425781342,S3-727714587
S1-857609082	
S1-573513140	
S1-921789514	
S1-506891536	S2-569215672,S2-655016268
S1-649956891	
S1-84147103	S2-38219733,S3-694821422,S3-226872444
S1-813444299	S3-132513477,S2-833102881,S2-467352446
S1-747361277	S3-915356922,S2-795464444,S2-252762934
S1-964061525	S2-48150903,S3-610678565
S1-542125357	
S1-639357181	
S1-765038038	S3-282876687,S3-634343644,S2-609474828,S2-403346832
S1-802860153	S2-475054870,S2-138392024,S3-470907363
S1-919110640	S2-113747979,S2-922814930
S1-704329065	S2-861680866,S2-88781948
S1-918716907	
S1-64416936	S2-746562399,S3-444931688
S1-800782776	
S1-289535623	S2-698935027,S2-56655,S2-854221424
S1-354879776	
S1-461707783	S2-546837903,S2-88031638,S3-178065959
S1-459017314	S2-218289639,S2-257219252,S3-412515275,S3-101234544
S1-990594918	S3-798842688,S2-923941974,S3-303440700
S1-8092572	S3-862162421,S3-269904322,S2-753575347,S2-747450505
S1-415306550	S2-817391455
S1-974459690	S2-760577555,S2-495527033,S2-109803369,S2-938186082
S1-764722343	S2-835809909,S3-757078051,S3-952711067
S1-530134464	
S1-773305228	S2-989350133,S3-252895891,S3-248998981
S1-655327207	
S1-438231935	S2-657789762,S3-736506804,S3-569289769
S1-355028650	
S1-114116915	
S1-117133427	S2-205692440,S2-408401296,S3-336308743
S1-219230955	S3-627774944,S2-895473690
S1-854433848	S2-724389803,S2-139057949,S3-960044628,S2-358483192
S1-160255790	S2-733268755,S2-714250256,S2-406317010,S3-465617457
S1-26710981	
S1-22124568	S2-847561404
S1-547571810	S3-560920560,S3-427895351,S3-194125213
S1-557672324	S3-603146233,S2-18177006
S1-430590699	S3-876186018,S3-679699682,S3-628661556
S1-679885028	
S1-446907966	
S1-274444970	S3-992642348,S3-768850287,S2-46627567
S1-276408830	
S1-898399876	S3-923544812
S1-188842033	
S1-599860443	
S1-326404376	
S1-571765970	S3-182743301,S3-543573370,S3-492524774
S1-422686436	S2-187678907,S3-504754592
S1-459160953	S3-392964977,S2-53122448,S2-963064337,S2-518619114
S1-288858872	S2-276319804
S1-895234121	
S1-400072404	S3-803683245,S3-225539512,S2-574918358
S1-990650142	S3-538593543
S1-676747580	
S1-69413687	S3-843132844,S3-117613122,S2-314433151,S2-112903844
S1-61131095	
S1-236559463	S2-709551329,S3-416673864
S1-260322525	
S1-594700925	S3-439467766,S2-913400746,S2-515166002,S2-447362122
S1-735983694	
S1-159585098	S2-631521120,S3-379078070
S1-27867070	S3-947147708,S3-822134027,S2-474651150
S1-926086853	
S1-407208003	S3-164751354,S2-43011531,S3-800237852,S3-311136221
S1-246840893	S3-460479571,S2-95120219,S3-566379338
S1-667262381	S2-223710700,S3-68074162,S2-529876388,S2-7728437
S1-244720724	
S1-76236091	
S1-838259110	
S1-536466676	S3-907818340,S3-799825779
S1-941739116	S3-8937224,S2-473698334,S3-943051462
S1-32738887	S3-990996560,S3-878999553,S3-859274083
S1-792434938	S2-339382944,S3-630538740,S3-386236883,S3-36725325
S1-992348048	S3-930547480,S3-366686657,S2-574989333,S2-274245439
S1-906935157	S3-980536186,S3-496158024,S2-348842653
S1-14547432	S2-274937151
S1-46647933	S3-828809114
S1-385055787	
S1-82447016	S3-233742219,S2-592397654
S1-151072048	S2-235469953,S3-877976199,S3-255825820
S1-931049186	
S1-649838219	S2-412128554,S3-261608146,S3-257972551
S1-62527132	
S1-687220047	
S1-811865077	S2-599445885,S3-519417200,S3-376429063
S1-610862858	S3-813158735
S1-860761156	
S1-278848323	
S1-209814518	
S1-677752871	S2-8346565,S3-585802481,S3-644090197
S1-480317597	
S1-187359212	S3-300511238
S1-806044383	S3-808362846,S3-478892927
S1-274650719	S3-611799403
S1-453968333	S3-731428765,S2-562658305
S1-300426613	S3-288162532,S2-60397949,S3-619178241
S1-78963063	S2-922819280,S3-645359010
S1-629391489	S2-853572444,S3-996767637,S3-462958886,S3-510024458
S1-358153191	S3-309335353,S3-148431676
S1-965330317	S3-574826891,S2-339875126,S2-583262581
S1-736473871	S3-306943023,S3-141989195,S2-973683803,S2-635372737
S1-756106655	
S1-446217810	S3-523236688,S3-686742355
S1-426768240	
S1-310427407	S3-351205519
S1-804645826	S2-403643072,S2-169377622
S1-377767306	
S1-434695237	
S1-504611839	S2-71796850
S1-580545703	
S1-373577117	S3-179218948,S2-577122827
S1-845154424	S2-460554752
S1-903301130	
S1-871450812	S3-764614887
S1-926147490	
S1-752991527	S3-131056756,S3-232618806,S2-659528679,S2-942816725
S1-10325535	
S1-572387683	
S1-589388435	
S1-434998255	S2-865002329,S3-127643126,S3-900283331
S1-446503141	S3-701173009,S3-263581,S2-934179402
S1-156880711	
S1-846826469	
S1-524999018	S3-831296470,S2-878541169,S2-509308965,S3-22201343
S1-956912979	S3-398914936,S2-604562786,S2-877878931
S1-876233815	
S1-915047994	S2-189779906,S3-218442943,S3-511001874,S2-762792459
S1-669864122	
S1-798347045	S2-640580240,S3-965380184,S2-548239936,S3-254429253
S1-40003273	S2-301106101,S3-506371359
S1-720614254	S3-543291092,S3-674674273,S2-785235078
S1-850097932	S3-889075315,S2-983267381
S1-560810047	
S1-211526771	
S1-65913629	S2-26996730,S3-190122379
S1-576101172	S2-846975058
S1-26096101	S2-728410142,S2-735279438
S1-629135281	S3-752115029,S3-452730970,S3-449887716
S1-705354535	
S1-885466586	S3-177777645,S2-341119286
S1-415558337	S3-793082748,S3-638590857,S2-973017852
S1-384629419	S3-693892513,S2-294128981,S2-584928924
S1-93144733	S3-336552925,S2-427556480,S3-528256548,S3-602399337
S1-911175828	S2-287533618,S3-901158165,S3-264765541,S3-965160347
S1-759012640	
S1-189817922	S3-424470026,S2-69621362,S2-450534152,S2-884187106
S1-324625399	
S1-660339012	S2-637062472,S2-603860539,S3-559003878
S1-90518339	
S1-395614721	S3-380883186,S2-439157622,S3-764973113
S1-720322440	
S1-214786635	
S1-53162750	
S1-423598870	
S1-664232486	S3-695464680,S3-444866953,S3-657464792
S1-888224347	
S1-238333381	S3-378144702
S1-24957772	
S1-323414155	
S1-384733974	
S1-686175171	
S1-238844396	
S1-214717915	S2-856943991
S1-65589851	S2-708783758,S3-355550138,S2-605691572,S2-515839856
S1-436211185	
S1-611547202	S3-309368283,S3-753708908
S1-306208414	
S1-355589870	
S1-669111095	
S1-28087945	
S1-647524889	S2-894351409,S2-4740923,S3-275449835,S2-85737181
S1-638762247	S2-795634964,S3-357977909
S1-605392022	S2-703355821,S2-828655769,S2-700567756,S3-573682555
S1-971676467	S3-175741742,S2-61608839,S2-18289783,S3-735470177
S1-234975935	S3-966315299,S3-461064751,S2-59038979
S1-95512720	S2-308502007,S3-157421450,S2-201586162
S1-367716891	S3-991195083,S2-996454698
S1-547913703	
S1-911342186	
S1-527936685	S3-285699210,S3-84468042,S3-570830067,S2-626851073
S1-18263955	
S1-173082882	S3-661187041,S2-394346923
S1-55294781	
S1-511974955	
S1-659165777	S3-500435052,S2-303705698
S1-243563265	S2-284633418,S3-909056284,S2-971173999
S1-212523175	S3-249575459,S2-46021812,S2-839189804,S3-20343774
S1-90363165	S2-572407405,S3-902349602,S3-866580584,S2-776694786
S1-679971878	
S1-797947864	
S1-194511830	
S1-294946124	S2-10333495,S3-777422671,S3-778293980,S3-92990218
S1-617919606	S3-193143962
S1-978154064	
S1-809582648	S3-830645669,S3-82402675,S3-530200135,S2-933936735
S1-559336462	S3-945499584,S3-397261093,S3-548335306
S1-952678798	S2-406501869
S1-785289424	S2-646715848
S1-751744913	S2-272128804,S3-321555946,S3-278468028
S1-621218707	S3-705351784,S2-625364979
S1-203908570	S2-851620720,S2-512518275,S3-825720283,S3-350446401
S1-331014952	S2-807756866,S2-661391513,S2-563238799,S3-766697873
S1-698984755	
S1-891166409	
S1-612596278	S2-157047868,S3-475023058,S2-275366863
S1-385376191	S3-801427697
S1-735771848	
S1-639340412	
S1-470789787	S3-312483529,S2-709760837,S3-961063551,S2-506958723
S1-888093663	S2-370995182,S2-240376554,S3-890812463,S3-287655755
S1-162079352	S3-629826692,S2-505413342,S2-838669253
S1-106680441	S3-414713838,S3-988295026
S1-68403212	
S1-2507028	
S1-708800691	
S1-486181984	
S1-134464584	S2-338416766,S3-771427797
S1-676922318	S3-7799263,S3-699589907,S2-181937857,S3-859676753
S1-753049756	S3-574141900
S1-747778705	S3-516235875,S3-366405807,S3-645933507,S3-775783938
S1-630946478	
S1-93363225	
S1-931650753	
S1-836884047	S2-304152089,S3-843052547,S3-19630718,S2-923029579
S1-512108103	
S1-556501544	
S1-220647365	
S1-814727812	S2-934296042,S3-79300565
S1-767608232	
S1-409291579	
S1-84948491	S2-66076182,S3-574476121,S2-989670712,S2-475230442
S1-667644136	S3-875185651
S1-837759764	
S1-815974826	S3-790240255,S3-983691822,S2-652957589,S3-343021537
S1-891010415	
S1-682036716	
S1-219137231	S3-144567732,S2-465898281,S2-55042242
S1-399510774	
S1-78862532	S3-319675658,S3-227741377,S2-948393114,S2-285408575
S1-685692893	
S1-951506534	
S1-529972056	S3-986878099,S3-666211973,S3-885857473
S1-597473059	S2-263974848,S2-699383357,S3-734746302,S2-945550294
S1-91249816	
S1-192962685	S2-27752683,S3-204273531,S3-784708020,S2-196905393
S1-944926070	
S1-678594466	
S1-635892273	
S1-242911110	S2-219453597,S2-39182067,S2-692353763,S2-67649105
S1-338311063	S3-894288855,S2-523953206,S3-462799277,S3-200908180
S1-133036255	
S1-115367003	
S1-225262783	
S1-49910772	S3-523241886,S3-916405031,S2-709063459,S2-41662694
S1-361099203	
S1-240773981	
S1-785184684	
S1-115925650	
S1-392026323	
S1-995066831	S2-769214527,S2-435880557,S2-114886339,S3-921084895
S1-753467671	S2-967010024,S3-713626654,S3-310992806
S1-164447889	S2-883350428,S3-106314156,S3-9136117
S1-794965738	S2-757755137,S3-322395387
S1-934122711	S3-730193784,S3-129654671,S2-940793344
S1-168270886	S2-401011932,S3-587778257
S1-396325194	
S1-583295661	S2-255545470,S3-652791110,S2-895577535
S1-717412143	
S1-441744427	
S1-486562267	S3-660910676,S3-810461131,S3-711077090,S2-267284041
S1-645418822	
S1-993141368	S2-458615660,S3-913203069,S2-522996074,S2-733143038
S1-528554561	S3-351422176,S2-339766066,S2-944281523,S2-615922012
S1-390540104	
S1-35692690	
S1-324245023	S3-754605827,S2-713150364
S1-868051200	
S1-447722897	
S1-267215618	S3-726225540,S3-301844887,S2-708791766
S1-84456178	S3-617102300,S2-225015393,S2-301376939
S1-312359940	
S1-103350343	S3-873438081,S3-474432988,S2-658971766,S2-169508192
S1-156883220	S2-468451164,S2-98360387,S2-205548298
S1-190939712	
S1-631789783	S2-311869649,S3-289341782,S3-923979638
S1-670990498	S3-211977929,S3-909425534
S1-603712575	S3-745428,S3-336145413,S3-399057839
S1-397225263	
S1-723891968	S2-401927228,S3-412820814,S3-939271069,S2-878829463
S1-691824260	S3-390078855,S2-786614296,S2-93324670
S1-428957529	
S1-969811732	
S1-796934880	
S1-920323032	
S1-582699941	S3-192605302
S1-361116949	
S1-48106874	S3-460773722,S3-810259347,S3-960798345,S2-509824220
S1-466340586	S3-352125208,S3-431175769,S3-372019140,S2-736353670
S1-263102408	S3-512305104,S3-165572715,S2-391893625,S2-945563767
S1-91551301	S3-842561560
S1-413672422	
S1-471975021	
S1-543679647	S2-646632764,S3-398227994,S3-68000544
S1-952066266	
S1-680507518	S2-27345180,S3-367653676
S1-742525891	S2-790328112,S3-960821866,S3-387641157,S3-316259989
S1-53043547	
S1-749007037	
S1-776006748	S3-75500969,S3-465742893
S1-947107056	
S1-470053535	
S1-460137220	S3-770907072,S3-2845891,S3-939965998
S1-502756583	S2-258378219,S2-76063935,S3-744649562
S1-553566677	
S1-584371072	S2-317659003,S2-358819235
S1-400067242	S2-85024273,S2-143650782
S1-32093021	S2-886375104,S3-64760056,S3-135460445,S2-77909402
S1-635943400	S3-36689520,S3-746572077,S2-188650625
S1-626497823	
S1-869360534	
S1-917607666	S2-703655075
S1-826803521	
S1-576064477	S3-78851354,S3-732805188,S2-269780068
S1-115715274	
S1-906958292	S3-107174887
S1-760389992	
S1-625416714	S3-829528469
S1-371363293	S3-35326403
S1-338816979	
S1-34757853	S3-717457734,S3-173770950,S2-457069941,S2-401288156
S1-135575648	S3-984397867,S2-370602267
S1-608538796	S3-657842470
S1-778031827	
S1-69659604	S3-924300655,S3-561707457,S3-487076520,S2-788056285
S1-967790518	S3-133127612,S3-906276675,S2-926039087,S2-932406005
S1-918990433	S2-451818647,S3-294786057,S3-367388402
S1-897574442	S3-95765301,S3-563658996,S2-825581670
S1-429456101	S3-97209556,S2-493475432,S3-242225758,S2-633676620
S1-122033358	S3-206946329
S1-330243811	S3-255579388,S3-144215242,S2-391556471,S3-662749593
S1-248907331	
S1-7378774	S3-644037234,S3-730739591
S1-874350866	S3-313586783,S3-704834069,S2-631523807,S2-2460085
S1-810926935	S3-290088273,S2-890403229
S1-192788779	S2-695197939
S1-914771418	S3-306219921,S2-392556717,S2-233566070
S1-554022731	
S1-2445005	S3-197706588,S3-969520700
S1-4853708	S3-771415269,S3-916140682,S2-783116560,S3-789587257
S1-964512539	S3-125284141
S1-289625414	S2-951783168,S2-570165624,S2-714042829,S3-121085141
S1-336946583	
S1-308650575	
S1-851589826	S3-287050734,S3-408550208,S3-197195571,S2-934842189
S1-531356217	
S1-338484974	
S1-322436007	S2-778249439,S2-339819640,S3-819877711
S1-101279653	S2-425146848,S2-145754241,S2-185220019
S1-917141534	S2-872851150,S3-309398741
S1-436170608	
S1-459488906	
S1-541319179	S3-223808681,S2-612823607,S2-458425719,S2-552435939
S1-406921516	
S1-867180399	S2-779654628,S2-311855310,S2-808538670
S1-54298518	S2-925295371,S3-905679805,S3-312284046,S3-85153516
S1-426828172	S3-897390210,S3-380918524,S2-605303993,S3-275677357
S1-482864874	
S1-842176449	
S1-462459708	S3-162834900
S1-449259041	S2-839913397
S1-365497360	S2-83876100,S2-377227564,S2-411837067
S1-192887821	
S1-516656600	S3-554981596,S3-92727475
S1-135072691	S3-796265243,S2-678098959,S2-277875750,S3-617916219
S1-519834315	
S1-487964277	S3-82132948,S2-912569670,S2-511995522
S1-31212168	
S1-358823368	S3-157193513,S3-728037888,S2-900357332
S1-709805926	S3-664956543
S1-740198546	S3-117978944,S2-766660561,S2-785496219
S1-664067963	S2-500189451,S2-838406814,S3-364846657
S1-769798370	S2-143319257
S1-224994663	
S1-702265376	
S1-416347072	S2-337468971,S3-518446650
S1-325914083	S3-313781422,S3-169913880,S3-896389312
S1-784840323	S3-923530969
S1-581385266	S3-361766264,S2-631547495,S3-683926150,S2-325905340
S1-570425340	
S1-889763053	S2-117250764,S3-639977231,S2-594460603,S3-646529894
S1-280321245	S3-875675855,S2-585268179,S2-481080030
S1-127536029	S3-317818149,S2-85697276
S1-822127742	S3-96753497,S2-406375075,S2-110196276
S1-221551735	
S1-350243312	
S1-568244300	S2-797706724,S2-16357674,S3-171690278,S2-589775180
S1-645574163	
S1-797422207	
S1-251265356	S2-157676549,S2-111608633,S3-641516642
S1-344111107	
S1-490702985	S3-967862438,S2-747777062,S2-947165128
S1-839770292	S2-60432279,S3-487713204
S1-325149451	
S1-877221834	S3-39480493,S2-874970289
S1-415890823	
S1-814788658	
S1-225406009	S3-40550497,S2-458237743,S2-840536375,S2-502717361
S1-642832130	
S1-933720643	
S1-784178944	
S1-598603667	S3-956233440,S3-517002047
S1-613091087	S3-838406716,S2-171659463,S3-836472265,S2-119463639
S1-489518799	S2-362276434,S3-430464861
S1-343368671	
S1-731529530	S3-978330190
S1-987920952	S2-591147539,S3-490505133,S2-825666473
S1-867434801	
S1-991021698	
S1-878082259	S2-978886430,S2-107893653,S3-321331021
S1-161451865	S3-634434240,S3-373506055,S3-244661009
S1-302768168	
S1-270304105	S3-867372284,S3-5818293
S1-55646313	S2-571087855
S1-478414739	S3-65157447,S3-91950018,S3-762159778
S1-126493767	
S1-932328626	S2-585445047,S2-996762595,S2-432435865
S1-562555424	S2-619651619,S3-610237665
S1-494903584	S3-774790478,S2-54602811,S2-618407447,S2-457687692
S1-424299367	
S1-114044261	
S1-381915878	S3-262950957,S2-39639490
S1-106609935	S3-335995031,S3-905574378,S3-794022567
S1-515169256	S3-296273394
S1-783681419	
S1-528424041	S2-414893007,S3-35919647
S1-758017479	
S1-46959843	
S1-63686802	
S1-40995918	
S1-974418077	S3-563480096,S2-927698343
S1-551993818	S3-678196490,S3-148769667,S2-299418168,S3-976764924
S1-866792874	S2-293684347,S3-474919436
S1-71005008	S2-870983071,S3-919362194
S1-68223659	
S1-227896149	S3-391609470,S3-80303708,S2-816727884
S1-554383152	
S1-380002205	S3-851162884,S3-630167817,S2-918345136
S1-425742707	
S1-587807258	S2-962314217,S2-365009483
S1-249765994	
S1-619768419	S3-24371505
S1-262324779	
S1-12470757	S2-74327279,S2-549140122,S3-13691620
S1-215828262	S2-712616453,S3-695074022,S3-902340707,S3-102597948
S1-598067557	S3-867105453,S2-454841772,S2-878792659
S1-127097661	
S1-583825186	
S1-389145979	S3-574306510
S1-334531381	S2-831905575,S2-280538219,S3-548626544,S3-304494039
S1-565769242	S3-313980005,S3-60815516,S3-78702309,S2-530754681
S1-847872479	
S1-571514965	
S1-633620252	
S1-855061301	S2-610744775,S2-815348840
S1-800226109	
S1-430519359	S3-268196927,S3-619984364,S3-813432473,S3-925160841
S1-762585708	S2-340898632,S3-841371706,S3-523159072,S3-901341225
S1-425262300	S2-809271529
S1-156812738	S3-914471427,S2-746225022
S1-408341450	S2-46878217
S1-319634046	
S1-763480267	S2-877764997,S2-996507293,S3-502462722,S3-544064420
S1-2762303	
S1-510023645	S2-438638777,S3-962971708
S1-601214998	S3-202336267
S1-308350480	
S1-133944448	S3-681147053,S3-26818374
S1-241780803	
S1-597465597	S3-930766310,S3-509358609,S3-208191924,S2-285279282
S1-164596171	
S1-370737224	
S1-70755471	S2-640339879,S2-728282096,S3-26513587,S2-596151289
S1-509128282	
S1-813802626	S3-752651949,S3-580468408,S3-150929710,S2-847872069
S1-256469964	
S1-90895327	
S1-564728501	S2-155054110,S2-2271944,S3-659257066
S1-889235311	S2-387347588,S3-761681560,S3-877053038
S1-581237132	S2-211226802,S3-191505742
S1-159652675	S3-815331168,S2-145749910
S1-353542547	S2-78776500,S3-506461478,S3-631057521,S3-132608449
S1-803783446	S2-24178386,S2-404091297,S3-149180378,S2-845778006
S1-535700041	S3-958756236,S3-525892225,S2-711149669,S2-77997474
S1-840679433	
S1-775796409	S2-743102652,S3-919800711
S1-170324291	
S1-550787181	S3-862884678
S1-905055389	S2-431333587,S3-483012269,S3-552465322,S3-640325621
S1-860645045	S3-273112806,S3-737219285,S2-127902685,S3-164967405
S1-230490781	S3-879945278,S2-226651475,S2-395552396,S3-649358595
S1-311030527	S2-997705948
S1-424505775	
S1-500151913	S3-503089864,S2-598791675
S1-356066859	
S1-220253377	S3-466097776,S3-901938459,S3-25014690,S2-886741195
S1-697130221	
S1-138331958	
S1-398935590	
S1-971246302	
S1-564787843	S3-424046336,S3-376613494,S2-551287441,S3-185092429
S1-933076975	S2-960893054
S1-689429602	S2-870932034,S2-379625055,S3-896714467,S3-445989396
S1-245585224	
S1-304741742	
S1-682126483	
S1-210863997	
S1-362001210	
S1-222016935	S3-401615352,S3-907929186,S3-863958735,S3-384769219
S1-495977294	
S1-531377457	S2-958890077,S2-18791039,S2-136556031,S2-134081663
S1-137229663	S2-848885032,S2-354106400,S3-924165740
S1-801055117	S3-961113905,S3-84692827,S2-628238100,S2-191652664
S1-382326791	
S1-876264130	
S1-751337681	S2-238104781,S2-337852151,S3-28323251,S3-357935368
S1-123550495	S3-961207211,S3-942342088,S2-547715663
S1-990046208	
S1-650256951	S2-684890483,S2-192074323,S3-942263843,S3-966951551
S1-437432308	
S1-159418553	S2-995029469,S3-424642661
S1-933893674	S3-211069374,S3-118632982,S3-819036920
S1-204308292	
S1-543455810	
S1-375068386	
S1-913168116	
S1-565194634	S2-966159742
S1-273045900	S2-70643055,S3-753961591
S1-768635789	
S1-818344273	
S1-151100473	S2-686867508,S3-905194292
S1-524705726	S3-664830860,S2-983236462,S3-43975966
S1-667864050	S3-288524513
S1-88208858	S2-973750752,S3-189792130
S1-127074913	S2-229399751
S1-337429191	
S1-851404217	S3-964221329,S3-645313079,S2-722653606
S1-476951517	
S1-484186711	S2-307094901,S3-84603465,S3-712562805
S1-950792992	
S1-365738027	S2-356799770,S2-946531820,S3-374339383,S3-537229589
S1-506363743	S2-590245655,S2-226173620,S3-884511227
S1-842041416	
S1-478094235	S3-642628193,S2-661578962,S2-340270080,S2-281621210
S1-791028862	S2-88191606,S2-724732890,S3-704059504,S3-572860875
S1-707748852	
S1-708878722	
S1-672751606	S3-244989163,S3-987006818
S1-946254087	
S1-442203680	S2-333575755,S3-642625167,S3-563943639
S1-405412180	S3-909942054,S3-985485366,S2-536244191
S1-281328326	
S1-979110175	
S1-400394407	
S1-959230852	
S1-778323963	
S1-957590312	S2-672603345,S2-320615448
S1-160169290	S3-318611708,S3-660427189
S1-535953736	S3-589110317,S3-68684521,S3-416258858,S3-259999131
S1-670365913	S3-836193534
S1-814385886	S3-312066966
S1-795379292	
S1-92105856	S3-681312702,S2-408563449,S2-363520703,S2-970519845
S1-68456025	S2-564575070,S2-146356231,S3-384557007,S2-223642156
S1-248751291	S3-854225696
S1-578423287	
S1-334646752	S2-970365749,S2-175002703,S2-280140748,S3-813072629
S1-848233635	S2-275010613
S1-350030884	
S1-981395280	S3-249174316,S3-202505959
S1-809966424	
S1-496547303	
S1-212595274	S3-18968588
S1-420729790	S3-200050179,S2-416611830,S3-868293028
S1-805328901	S3-888497135,S3-610917394,S3-949071047,S3-385322853
S1-468460231	
S1-702400004	
S1-360454656	
S1-13629248	S3-662863070,S3-986116487,S2-784420320,S2-603808071
S1-687062315	S3-192584213,S2-664146713,S3-765517620,S2-694090634
S1-609094582	
S1-462745642	S3-526547366,S3-891350134,S3-963437602
S1-677240441	S3-765411036,S3-944311187,S2-299176597,S2-271058858
S1-572134195	
S1-522037743	S2-976683463,S3-152815523,S2-123048612
S1-522914584	S2-387133666,S2-774967370,S2-650935895,S2-246994293
S1-773121823	S3-194784928,S3-642088701
S1-518407230	S3-245520514
S1-216885555	S2-467745755,S3-259355036,S3-245726502
S1-751833173	
S1-956992801	S2-259049972,S3-712701290,S3-387207972,S3-319251507
S1-104089367	
S1-679043410	
S1-625173414	S3-789774034,S2-596787822
S1-76120121	
S1-304432657	
S1-933469046	S2-454582394,S3-236688279,S2-862687639,S2-883874320
S1-23673064	S3-157449512
S1-239384782	S3-918653575,S3-578093079
S1-985367752	
S1-870963987	S3-529307172
S1-529012333	S2-869054545,S3-381722462,S2-892168406,S3-853531321
S1-804520605	
S1-3096293	S3-643372658,S3-438855267,S3-16027946
S1-638912722	S2-814949698,S3-511004097
S1-402235090	
S1-737342258	S2-17509012,S3-158666616
S1-99703126	S3-871499217,S3-341509804,S3-446802201
S1-939640646	S2-613545565,S2-96125145
S1-825289979	S2-259456241,S2-337389826,S2-496262588
S1-653766510	S3-634901966
S1-112049400	S2-900330601,S2-643762042,S3-476076461
S1-876582814	
S1-34641086	S3-231437766,S2-671651406,S2-458667456
S1-285004461	S2-458466222,S3-526362981,S2-455752140,S2-16320922
S1-340767619	
S1-743820164	S2-111428083,S3-462142121,S3-149140492,S3-15604408
S1-902001756	
S1-703299186	S2-522727089,S3-465358700,S2-511194571
S1-61391185	S2-411693120,S2-54225089,S3-450209615,S2-22255227
S1-434090175	S3-118218874,S3-557918571,S3-917267146,S3-878774224
S1-989684225	S2-95457040,S3-289065191
S1-299616919	S2-292145840,S2-923309245,S2-674812477,S3-709972479
S1-187315663	
S1-786674796	
S1-717172954	
S1-114104458	
S1-800166353	
S1-65450988	S2-75414038,S2-305213121,S2-388181560,S2-530648307
S1-372838458	S2-889077446,S2-380783129
S1-280123622	S2-406207568,S2-875995800,S2-268220915
S1-534207198	
S1-139980924	S2-208069479,S3-870523958,S3-360840150,S2-666618601
S1-80099139	S3-963175536,S2-380803390
S1-994329769	
S1-44445869	S3-817191916,S3-97817532,S2-172045294,S3-615101209
S1-899047676	S2-532382092,S3-416625546,S2-602947310,S2-271168133
S1-637270791	S3-373613918,S2-851962180
S1-993799208	S2-846766514,S3-323858093,S2-755046274,S2-497484011
S1-910726693	S2-887613456,S3-751783597,S2-130997962
S1-448057643	
S1-7570749	S2-59433423,S3-936526557,S3-528124971,S2-213840765
S1-23525294	S3-699268660
S1-761338125	S3-143832185,S3-742274740,S3-603563812,S2-214457
S1-812474237	S3-184603735
S1-766227985	
S1-55206071	S3-877040205,S2-260706418,S3-249628768,S3-483817513
S1-302829362	
S1-290430104	S3-627604385,S2-341708239,S3-867574926
S1-993699083	S3-297590848,S3-701152569,S3-363553770
S1-530446001	S3-176833078,S3-695916033,S3-378698541,S3-717488756
S1-843877507	S2-721300468,S3-308775457
S1-903810934	S3-304996875,S2-92981733,S3-852932659,S2-792297882
S1-838818805	
S1-159102793	
S1-998054253	
S1-493754288	
S1-147750861	S3-953883858,S3-74577795,S2-844109767,S2-146861698
S1-982796730	S3-661140494,S2-145949690
S1-266885169	S3-772894416,S2-609521059
S1-87478236	S2-122119940
S1-242486645	S2-670492090,S2-19995416,S3-858431282,S3-695865218
S1-181467297	
S1-721886809	
S1-15993859	
S1-348238280	S3-146483758,S2-226316138,S2-169659207
S1-366520441	
S1-4686446	
S1-311136159	
S1-288102670	
S1-647513683	S3-471513213,S3-411483665,S2-10559938,S2-662999688
S1-733711982	S3-325781413,S2-555942233,S2-375935017
S1-534902259	S2-372522162
S1-28229494	S3-424491112,S2-165985011
S1-554512616	S3-846578213,S2-37243153,S3-516064373
S1-50464671	
S1-918777162	
S1-803430969	S3-996704085,S3-447899534
S1-907992363	
S1-627285279	S3-201304468
S1-89416526	S3-838624621,S3-982187507,S2-142893631
S1-68389931	
S1-465201301	
S1-604866709	
S1-291244033	S2-936294740,S3-147004663,S3-866828859
S1-80806414	
S1-66300435	S2-813126518,S2-402780,S3-751693908,S3-466548098
S1-39413104	
S1-336455565	S2-581665152,S2-107629582,S2-405257657,S3-667819524
S1-709603114	
S1-412658097	
S1-414412988	S3-565917712
S1-69981039	
S1-342787736	S3-423432661,S3-940708383
S1-417338309	S3-931063941
S1-543651764	S2-329891426,S3-467803880
S1-569193611	
S1-548762934	S3-41339246,S3-154667300,S2-357715513
S1-558048584	S3-176810655,S2-443820587,S3-173254888,S2-568604054
S1-877820162	S3-773233901,S2-503760462,S3-611893480
S1-23525707	S2-275669069,S3-878169869
S1-313625615	
S1-386469766	
S1-395113927	S3-292188166,S3-303214913
S1-948736151	S3-381807438,S3-130178265,S3-747380607
S1-729834496	
S1-872441841	S3-369380648,S2-691190806,S3-977378483,S3-653499250
S1-607272270	S3-919827088,S2-309320546
S1-77749966	S2-268138594,S2-257563890
S1-488463932	S2-112888949,S3-908305529,S3-764468032
S1-472640340	
S1-707928144	
S1-594156352	S2-213631239,S3-651588136
S1-112167152	
S1-5326894	S3-418932597,S2-698699047,S2-959731804
S1-293226225	S3-411487473,S2-146281547,S2-843946641,S2-227009111
S1-359674860	S3-943200977
S1-312630603	S3-173296731
S1-250633885	S3-42673293
S1-285100111	S3-845280762,S3-21541914,S2-567955361,S2-375521558
S1-505484059	S3-515606934,S3-489255183,S2-914968171,S2-448818070
S1-497428780	S3-991521767,S2-433279822,S2-245704889,S3-551240448
S1-706465992	S3-400027002,S2-799647557,S2-968632600,S2-507896502
S1-690409966	
S1-225918521	S2-90229775,S2-954351610
S1-676007060	S3-971704185,S3-141801659
S1-751213404	
S1-927938436	
S1-210729245	
S1-688070923	
S1-928995070	
S1-985383472	S2-360337382
S1-453375375	
S1-362580591	
S1-569282690	
S1-734796449	S2-242222503,S2-145504207
S1-457091251	S2-368095051
S1-275884729	S2-26944941,S2-896249540,S2-328881702,S3-67980565
S1-479792674	S3-821597381,S3-355414192,S2-181616762
S1-757922180	
S1-747795550	
S1-553102633	S3-928201039,S3-303122794,S2-856614644,S2-121079244
S1-603596071	S2-21435871,S3-584714809,S3-110338764,S2-840793854
S1-19367420	S3-214865284,S2-134808923
S1-193189157	
S1-861676514	S2-536124940,S3-25983249,S3-21881326
S1-240441474	S2-181236970,S3-848854615,S3-927372078
S1-284891438	
S1-288194551	S2-146052239,S3-849672791,S2-616942016,S3-163196519
S1-3010190	S3-155090413,S2-437669828,S3-129092448
S1-164865588	S3-516635124,S2-456682480,S3-368012378,S2-710713681
S1-947771360	
S1-973168859	
S1-355061383	S3-368908570,S2-559392653,S3-262687967
S1-737318287	S3-284836605,S2-527976552,S3-498511559
S1-973909998	S3-937169390,S3-577873141,S3-801297226
S1-547871540	S2-963987841,S2-817772536,S3-981236580,S2-270421792
S1-267900411	
S1-904075892	S2-12388005,S2-937912674,S2-107656071,S3-701201666
S1-156549428	S3-902908724
S1-771645246	
S1-334395562	
S1-66240752	S3-851258967,S2-849181047
S1-311264216	
S1-324572280	S2-833713615,S2-787235130,S2-898396453,S3-946700473
S1-377607426	
S1-554874049	S2-579797273,S2-892632743,S3-813183368,S3-468220378
S1-654186869	S3-292377292,S3-213288584
S1-640419489	S2-777505834,S3-819930931,S2-930268584
S1-999426569	
S1-335992494	S2-944260272
S1-155901154	S2-848030150,S2-51687607
S1-558450917	S2-188237617,S3-582917488,S2-506833452
S1-78089478	
S1-780932747	
S1-866464915	
S1-846792354	S3-846975111
S1-122069023	
S1-814208330	S3-336059739,S3-756288122,S2-426949994
S1-351594689	S2-54741750,S3-580207820,S2-199673876,S3-986429275
S1-942984753	S3-569257291
S1-938241925	
S1-204173420	S3-2412327,S3-795020627
S1-467566778	S2-194563898,S2-114822006,S2-495609278
S1-663889712	
S1-246155912	S3-541825122,S3-4372238,S2-60744220,S2-33632274
S1-700222462	
S1-834591517	S2-871074753,S2-422640321,S3-971468209,S3-4435167
S1-246818338	
S1-867654473	S3-902529363,S3-600482999,S2-141652241
S1-583732118	
S1-300575731	S2-181032260,S3-638236691,S3-350670721,S3-18692567
S1-851566792	S2-955823861,S3-372557113
S1-833632391	S2-309549915
S1-230604897	S3-299466155,S3-409711055,S2-33977428,S3-220546565
S1-281449502	
S1-25669505	
S1-654347800	S2-735876843,S3-524741348,S3-459629267
S1-313447749	S3-850331048,S2-53633197
S1-218944653	
S1-677930115	
S1-925009265	S3-746262724,S2-971030746,S2-55309271,S3-191222631
S1-101897812	
S1-401398178	S2-514898039,S2-103287286,S3-18578444
S1-91953469	S2-422251832,S2-546269969,S2-101189595
S1-385966908	S3-429108184,S2-409089929,S3-395065880
S1-602022287	S2-772692366,S2-336350422,S3-324560621,S3-885855634
S1-635789462	S3-587027218,S2-763307859
S1-978839959	S2-789834661,S2-150832091
S1-794312036	S2-726311008,S3-925533936
S1-193268789	
S1-468302201	
S1-301009894	
S1-372093959	
S1-953119836	S2-823957348,S3-455143749,S2-853977047,S3-281353047
S1-289152573	
S1-355225721	
S1-613113880	S2-148154531,S3-859561808,S3-881055592
S1-481286167	
S1-685102562	
S1-804766334	
S1-397813026	S3-732868121,S2-166804458
S1-954845536	S2-206091756,S3-575065595,S3-815437234
S1-58746898	
S1-630371404	S3-445533540,S2-114979875
S1-198384741	S3-129157200,S3-330064778
S1-970535584	S3-617581082,S3-511046443,S3-771142226,S2-590424763
S1-21858917	
S1-534710169	S2-583441605,S3-33174144,S3-489087542
S1-654432671	S3-698934934
S1-451927357	
S1-386397922	
S1-60337669	
S1-415292952	S2-708197606,S3-338469685,S3-102335111,S2-606154490
S1-630332594	
S1-701689488	S3-705627894,S2-902467392
S1-535361877	
S1-823013821	S3-204459283,S3-346296008,S3-412983151,S2-915218425
S1-862297138	S3-717673215
S1-675774955	
S1-444170117	
S1-401643642	S3-812944809,S3-188776588
S1-719048839	S3-183538815,S2-270450292
S1-704194415	S3-162041985,S3-563373483
S1-872747142	
S1-497645925	S2-598753013,S2-398516885,S3-932785487
S1-888202611	S3-475913760
S1-256828902	
S1-962853299	S3-553461946,S3-264380896,S3-9720306,S3-739081557
S1-448818496	S3-875710148,S2-584831367,S2-935502981,S2-467620030
S1-807808065	S2-430606328,S3-967695442,S3-131767415,S3-661538286
S1-903310495	S2-23323815,S2-678612542,S3-889020068
S1-795905973	
S1-510285844	S3-157650119,S2-112426612
S1-953887337	S2-342301083,S3-940615156
S1-122090766	S2-893570218,S3-273076169,S3-475596472
S1-757762609	
S1-12346281	S3-651775703,S3-553656679,S3-508922640,S2-694404933
S1-943344866	
S1-926638913	S3-359336033,S3-189981508,S3-39195867,S2-544059933
S1-581322344	S2-548617698,S3-980891929
S1-458035603	S3-929078188
S1-909132549	S2-125848432,S3-423543341,S3-176725630,S2-56113577
S1-473691999	
S1-18950753	S3-738100865,S3-267954212,S2-925413939,S3-326456498
S1-259814901	S3-571297818,S3-27434997
S1-170925064	S3-274877539,S3-260278974,S3-981229531,S3-429140045
S1-537532415	S3-693877084
S1-687376899	
S1-414512088	S3-50224811,S2-9835988
S1-878827381	S3-950366030,S2-360770257,S3-872233479,S3-740692929
S1-163076975	S3-149763425
S1-31638650	S3-433930114,S3-354473018,S2-360458839,S3-523568865
S1-815236017	
S1-789019540	S3-38800623,S2-579740353,S3-623686701,S3-653497052
S1-610872645	S3-975901724,S3-598028761,S2-363434538
S1-193084418	
S1-628788776	
S1-143919307	
S1-110636228	
S1-643443638	S3-220174380,S2-347892797,S2-526735158
S1-29560997	S3-195077192,S2-952266017,S2-887276137,S2-54758016
S1-58371736	S3-107901534,S2-305020141,S3-579322792
S1-378015504	S3-150646060,S3-140690278,S3-795697865
S1-278996903	
S1-546450544	
S1-58369339	
S1-820787039	
S1-843610197	
S1-431732114	S3-442994584,S2-88708298,S3-112496698,S3-643703207
S1-20315406	S3-897345190,S2-188491396,S2-600245974
S1-284932881	
S1-991852088	S3-271314406
S1-986538242	
S1-613292921	S3-220396293
S1-130879272	S3-553080298
S1-422939612	
S1-795938347	
S1-180891072	S3-99183204,S2-385675725
S1-609006455	S3-862874842
S1-599482129	
S1-259388742	
S1-22367142	S3-553830857,S2-560514264,S2-991715208,S2-791759792
S1-161057332	S2-895374610,S2-28674744,S3-346728228,S3-452674068
S1-404960289	S3-79902002,S3-224633204
S1-258889802	S3-874249021,S2-873978966
S1-490828475	
S1-619592311	S3-237572040,S3-51814235,S2-383676314,S2-691465814
S1-298057804	
S1-796594227	S2-551053002,S2-161096850,S2-248138033
S1-848609183	S3-352478875,S2-736457190,S2-746755936,S3-671300737
S1-107704459	
S1-52064818	
S1-358225135	
S1-857749147	
S1-919164889	S2-567445212,S3-276606908,S2-994573320,S2-582120355
S1-414287439	S3-531627863,S3-680118957,S2-213486933
S1-167461272	S2-710484879,S2-8153822,S3-356272574
S1-139702971	S3-277818973
S1-338967980	S2-317981733,S2-613284346,S3-362928343
S1-593827246	
S1-473003454	S2-89022291,S3-299022355,S3-239867793,S3-644793433
S1-639704878	S2-358321082,S2-299652988,S2-570587180,S2-234536777
S1-640111808	
S1-998510657	
S1-626624851	
S1-435279541	S2-125627574,S2-426914813,S3-403288379
S1-368661441	
S1-920173984	S3-754863138
S1-235523523	S3-369563128,S3-936121246,S2-691885527,S2-495361325
S1-12597538	S2-692951137,S2-588645089,S3-170336982
S1-866339781	
S1-710925274	S3-81865861,S2-604864513,S2-217456762
S1-637512251	S3-761624670,S2-765724156,S3-22382223
S1-270809310	
S1-633144545	S3-283651478
S1-127985569	
S1-693483825	
S1-976320186	
S1-825811729	S3-621237771,S2-380964605
S1-376706590	S3-542644623,S3-887656831,S2-766893952,S2-531488717
S1-723082722	S2-614647177,S2-563843442,S2-277212950
S1-253882059	S3-147579675,S2-610071395
S1-931249828	S2-342909363,S2-838853631,S2-548429544,S2-216978271
S1-440653184	S2-151090081,S3-754291538,S3-984546277,S3-493069367
S1-830053142	
S1-931612555	S2-907294002,S3-334409633,S3-391655830,S3-389092939
S1-865813626	
S1-283287006	
S1-584745105	S3-635211369
S1-130613447	
S1-382539635	S3-791682607,S2-61854858
S1-625093210	S2-219668819
S1-456874729	
S1-597883804	S3-898820114,S3-848610714,S2-664702169
S1-754674445	S2-825863360,S3-199116138,S2-395513489
S1-254966876	S3-510031468,S3-442067488,S3-181512614
S1-743215041	
S1-481812174	
S1-468055834	S3-484161358
S1-609534227	
S1-510004931	S2-752062709,S3-889142144
S1-524173916	
S1-32723802	S2-707354404,S3-998015998,S3-788088366,S2-938566722
S1-835134419	
S1-604459774	S2-88631797,S2-778873978,S2-514830971,S3-211184039
S1-586908834	S3-694241505,S2-510741414,S3-144555127
S1-709271131	S3-999965530,S2-401277898
S1-637930454	
S1-842515373	
S1-400066789	S3-437480429
S1-460040292	
S1-747119934	S3-940034578,S3-205020798,S2-411146855,S2-595101282
S1-286432560	S3-591707843,S3-769205258
S1-644010795	
S1-565607573	S2-3649915
S1-103144798	S3-825480197,S3-315345026,S2-891234110
S1-740653166	S2-304931356,S3-551211349,S2-508261673
S1-638694960	S2-441261340,S2-148197041
S1-520056688	S2-650781581,S2-612587299,S2-558400626,S2-49026318
S1-685523246	
S1-348524464	
S1-888030293	
S1-629354231	
S1-918964409	S3-344823788,S2-355327424,S2-895240930
S1-378733534	
S1-957919925	S2-470267135,S3-6561669,S2-645257333,S2-640414998
S1-382510193	S3-226200563,S2-248797378
S1-53702027	S3-407486465,S2-73911634
S1-762409444	
S1-608913152	
S1-320516877	S2-154056719,S2-661132569,S3-600093687
S1-54730326	S3-852787028,S3-37306798
S1-807758362	S3-475650667,S3-224174782,S2-440396934
S1-954509663	S3-653583970,S2-691522092
S1-708714008	
S1-97920502	S2-825100719,S3-353641089,S2-366540972,S3-25754031
S1-544616723	S3-825451470,S3-956799100,S2-640472443
S1-309290195	
S1-84068677	
S1-598028015	S2-4957520,S3-747935402,S2-570274702
S1-250600047	S3-516066818
S1-954763537	S3-743657484,S2-407182540,S2-439915760
S1-247985456	S3-309786553,S3-368706328
S1-590047774	
S1-1125893	
S1-681147933	
S1-104417655	S3-359487866,S2-55377949,S3-166698459
S1-779032970	S3-920526620,S2-501784863
S1-475813619	S2-688772457,S3-315924258,S2-948914836,S2-610697167
S1-262909686	S2-173550401,S3-673131120,S3-652350927,S2-755990183
S1-972710860	S2-415535128,S2-364757827,S3-826497947
S1-405708027	
S1-928898988	S3-902290276,S3-463957100,S3-485860218,S3-962305284
S1-421630447	S2-129433101,S2-444626955,S2-108016974,S3-588925015
S1-788141772	S2-132728602,S3-873509300,S3-544326906,S3-547273207
S1-645178563	S3-508686805,S3-27364949
S1-286903146	
S1-747492871	S2-636557063,S3-724363442
S1-439820053	
S1-11749533	S2-20406874,S3-685333019,S3-291793714
S1-76123770	S2-858588373,S3-863068014,S3-897325108,S2-943604268
S1-261300776	S3-462999372,S2-198186885,S3-85202384,S2-166603131
S1-233105954	
S1-888093993	S3-863961781,S2-713808396
S1-202953391	S3-987190883,S2-615914341
S1-80663229	
S1-941519948	
S1-112033759	S2-8865561,S2-422618326,S3-674162939,S2-32603460
S1-226041451	S2-299993074,S3-912882485,S2-344658830,S2-465312390
S1-724388623	
S1-408011245	S3-93735648
S1-608935550	S2-821965339,S3-62506091,S2-154913370
S1-79707003	S2-216287518,S3-674062177,S2-567900306,S2-390173019
S1-238478941	S2-854658651
S1-741418176	S3-723435511,S2-313354301
S1-148887182	S3-736355313,S2-128097805
S1-75995963	S3-751681139,S3-65987168,S3-817361922
S1-583126326	S3-361793770
S1-826180678	S3-483592402
S1-874317104	S3-409695883
S1-597828961	S2-280117807,S3-887287780
S1-724111325	
S1-122016318	S3-830722181,S3-578511039
S1-796553093	S2-717417797,S2-502512066,S3-142043403
S1-947575692	S2-627304148,S3-338361750
S1-928303117	S3-916942103,S2-585556395
S1-500656415	S3-569756033
S1-478182466	
S1-340438562	
S1-436452651	S2-973134435,S3-509893038
S1-599622423	S2-224095258,S3-711555460
S1-545907622	S3-11614878
S1-742814589	S2-834272250,S3-841282186,S3-192509091
S1-76670019	
S1-835947112	S2-939567755,S2-126800747,S3-337180470
S1-641909012	S3-329962681
S1-94023503	S2-217854276,S2-381482568,S2-627362407
S1-668382404	S2-775749796,S3-623459137,S2-892095966
S1-356341066	
S1-602527551	S3-654757235
S1-472307711	
S1-682864847	S3-14580907,S2-378391897,S2-965251225,S2-89682094
S1-181660011	S2-676218606,S2-858693841,S3-401601908,S3-11736582
S1-543903713	
S1-785120001	S3-720263480,S2-789622297
S1-580490220	S3-727676233,S3-526872316,S2-596441862
S1-406072356	S2-461641844,S3-415177293,S2-405906956,S2-795953997
S1-945367456	
S1-701829779	S2-982482952,S3-716706448,S3-199350823
S1-448666465	
S1-897934369	
S1-755106240	S2-278413177
S1-179671356	S2-911997429,S3-660110126,S3-40200374,S2-213382230
S1-545572109	
S1-358693396	
S1-476565781	
S1-434144964	S2-23294828,S2-951202037,S3-753021127
S1-782300716	
S1-173014656	S3-791497679,S2-700871396,S3-211875736,S3-191223737
S1-402858407	S3-417064940,S2-943596339
S1-10312049	
S1-200813583	S3-161480600
S1-873220313	S2-964972442
S1-605054752	
S1-219126888	
S1-627703154	
S1-436934292	
S1-956275203	
S1-86716331	S2-574724422
S1-569327231	S2-897548764,S3-108063931,S2-501642710,S2-304263053
S1-596513040	S3-870493257,S2-45597558
S1-413288909	
S1-596659423	S2-677413146
S1-763380035	
S1-42733705	S3-578069498,S3-212110705
S1-270737244	S2-734457344,S3-530349315,S2-364887330,S3-217780480
S1-541073044	
S1-177067954	S3-450317809,S2-962539872,S2-602736483,S3-395421779
S1-979727799	
S1-131490975	
S1-719958080	S3-29988014,S3-86777790,S2-746228152,S3-977292386
S1-409529628	S2-765362621
S1-594751939	S3-565550201,S3-479621777
S1-523746968	S2-940342597
S1-184936018	
S1-563503138	S3-434163705,S2-257820769
S1-552574373	S3-454547565,S3-308806560,S2-264601953
S1-281803196	S2-819243710
S1-488059122	S2-682361387,S3-36158630,S2-815181611,S2-348593303
S1-133792633	S3-565879233,S2-2445121,S2-887043813
S1-961226068	
S1-188261169	S2-852331591,S2-224985511,S3-628843261,S3-477136294
S1-636931062	S3-431205261,S2-665363217,S2-396509700,S2-784587376
S1-389303035	S3-158448021
S1-764898640	
S1-525851510	S2-441412430,S3-350471708
S1-593861648	S3-189274705,S3-521187094,S2-297676390,S3-317076904
S1-939485036	S3-813309091,S2-970178579
S1-150523434	S2-456599791,S3-423902622
S1-60879562	S3-7878469,S3-786578106,S2-289610234,S3-463704332
S1-451124303	S3-778082127,S2-42877042
S1-722527461	
S1-671510738	
S1-710754967	
S1-525431807	S3-194162226,S2-939001279,S3-366762520,S3-514944298
S1-765764785	S3-68755628
S1-783558206	S3-137440323,S2-27460769
S1-579810523	
S1-540426209	S2-266566667
S1-723478107	S3-606947636,S3-91170924,S2-652857086
S1-334070801	S2-940848565,S2-840017341,S3-320033639,S3-270138183
S1-202484939	S3-820004082,S2-656076961
S1-341239850	S3-535269539
S1-532754574	
S1-765504965	S3-500675998,S3-356208914,S3-281229738,S2-786979987
S1-769938223	S3-82139674,S3-494912577,S3-428804803,S2-498444042
S1-612269660	S3-30528975
S1-306938401	S3-912567824
S1-248522472	
S1-393082998	S2-685042378,S2-101017945,S2-363155416
S1-695949444	
S1-311325814	S2-579501466,S3-340216632
S1-394771744	
S1-432233792	
S1-168545225	S3-491332532,S3-230875922,S2-294205201
S1-911693506	S3-329794128,S2-598458409,S2-477499255
S1-258980981	
S1-363088668	
S1-520142290	
S1-256310802	S3-111704845,S2-573328596
S1-378659216	
S1-355493944	S2-705032305,S3-605800708
S1-579795060	
S1-542191743	S3-41164683,S3-597585209,S2-848277882,S2-235158164
S1-790277013	S3-422191806,S3-945668237,S2-357900639
S1-334738706	S2-603911596
S1-81821939	
S1-213790564	S3-180318414,S2-340573517,S2-262685158
S1-643269819	S2-884750398,S3-61219270,S3-598994612,S3-53305981
S1-17380328	S3-774523430,S3-320146516,S3-832321676
S1-776025536	
S1-835084814	
S1-67062708	S3-869696740,S2-901895000,S3-63639408
S1-970869679	
S1-465906545	
S1-797155215	S2-40768003,S3-295525912,S3-270064022
S1-863943277	
S1-391233040	
S1-966118284	S3-698444063,S3-228124718,S3-604296403,S2-754025747
S1-517583776	S2-568305970
S1-896587930	
S1-699226450	
S1-598385728	
S1-46476721	S3-579534077,S2-936652400,S3-961832280
S1-933283751	S2-269933139,S2-823354731,S2-60185104
S1-311365469	
S1-711140225	S3-873667814,S3-527588562,S3-522893234,S3-340252515
S1-358473657	S2-566062138,S2-285528565,S3-988551910,S2-210293068
S1-313030222	S3-540336304,S3-767822183,S3-804941837
S1-253936211	S3-543775630,S2-607874547,S3-128028818
S1-946450897	S3-893161343,S2-917403415,S3-687837121
S1-95040651	S2-296348034
S1-268010580	S2-366795909
S1-636110595	
S1-251500183	
S1-273755911	S3-201938003,S3-438037225,S2-970966872
S1-161396799	S3-420849088,S2-916961998,S2-530082928,S3-824573196
S1-400417388	S2-640862728,S3-704003099
S1-485336851	
S1-281671241	S2-78619771,S3-347545814
S1-150865947	
S1-575389996	S3-827614819,S2-860010625,S2-236683080,S3-693252714
S1-591700894	S2-416350161,S2-42733439,S3-448696710,S3-820428318
S1-667933817	S2-340797399
S1-79932759	S3-912390726,S2-470623337,S2-930271291,S3-473405742
S1-460128620	
S1-38549672	
S1-799644995	S2-37318011
S1-467225759	S3-924415776,S2-949668106
S1-265342214	S3-126676750,S2-504648782,S3-958921412,S3-180233493
S1-138509951	S3-384378743
S1-764867519	S2-634397579,S2-282416648,S3-331195925,S3-43672552
S1-50609929	S2-293439304,S2-420901317
S1-681314291	S2-910160707
S1-793428530	S3-437454800
S1-463497488	
S1-381177564	
S1-844112338	S3-570029419,S2-45628901,S3-138083478
S1-318960833	S2-763818497,S3-924011721,S3-891895248,S3-749752854
S1-595398191	
S1-162981942	S2-630273942,S2-217357640,S3-256653390,S3-850199761
S1-787318544	
S1-176754657	S3-68900803,S3-392545378,S2-823435533
S1-930985557	S3-113269893,S2-762768612,S2-447253590,S3-723685940
S1-938679654	S3-59832344,S2-197305525
S1-671160398	S3-550738688,S3-514667012,S2-128982846
S1-723329770	S3-944384690,S3-678100666,S2-993252441
S1-610457950	
S1-190217329	S3-517233693,S2-975611879,S3-795341328
S1-954948321	S3-971472906,S2-389106090,S2-995413922,S3-167264547
S1-689532263	S2-224044832,S3-969310503,S3-950248391,S2-783283794
S1-791269855	S3-650081432
S1-768542434	S2-861924707,S3-411938119
S1-46940787	S3-43070258,S3-150892413,S2-4689468
S1-403108483	S3-394977361,S3-413527156,S3-385559535,S2-406678387
S1-187414282	S3-96843578,S3-856800319,S3-606761874,S2-645800844
S1-250107934	
S1-399747519	
S1-455251321	S2-524337563
S1-589020402	S3-901047222
S1-15730126	S3-16057963,S2-404711057
S1-563779473	S2-859781424,S2-316052622,S2-119898083
S1-145079546	
S1-140897116	S3-981776739,S3-478562052,S2-918049716,S3-965920852
S1-510350611	S3-156773105,S2-450976275,S3-761298840,S3-674463429
S1-38384008	S2-150907487,S3-938590109,S3-636718971
S1-418398085	S2-724493686,S2-854636782
S1-866162031	S2-616714990,S3-93021382
S1-866544288	S2-861759024
S1-790901854	
S1-710513649	
S1-54583585	S2-890969962,S3-891509916
S1-642371937	
S1-102569394	
S1-546784724	
S1-306785545	
S1-312818580	
S1-351337054	
S1-263982507	
S1-406801702	S2-994380037,S2-612985866
S1-761755184	S3-811318076
S1-843989350	S3-967889112,S2-80634112,S3-462950844
S1-307959590	S3-866521627,S3-46159344
S1-614694079	
S1-274598535	S2-891434560,S2-859970292,S3-523075321
S1-434454245	
S1-186659860	S3-228082636
S1-472361766	S3-620417363,S3-803971340,S2-349534897,S2-834305219
S1-967129484	
S1-482816834	S3-983369298
S1-925647313	S2-814316379,S3-939877529,S2-874496813,S2-543209748
S1-887373987	S2-772253428,S3-810021545
S1-445137196	S3-16787840,S2-279999191,S2-777841577,S3-368162059
S1-339304593	S2-163530326,S3-488827776,S3-406162429,S3-181279698
S1-738736989	
S1-582626473	S2-38480517,S3-579338653
S1-56480096	
S1-193166292	
S1-997401443	S3-51911330,S3-412911213
S1-214575503	
S1-421827109	S3-956024006,S2-704175331
S1-254515818	
S1-959628733	
S1-382152442	S3-368176278,S2-768291100,S3-411479486
S1-909905192	S2-676314535,S3-216475081,S3-100584727
S1-316677306	
S1-65258304	
S1-175517478	S3-440477589,S3-978094043,S3-438128150,S3-117424241
S1-51141119	S3-545087960,S3-463900491,S3-436187023,S2-505735404
S1-598242649	S2-808581697,S2-628149860,S2-605132860,S3-454996177
S1-441966605	S3-802081059,S2-806381058,S3-554262643,S3-901209063
S1-605059885	S2-232324111,S3-617924630,S3-462933460,S3-640432655
S1-416555843	S2-433202198,S3-94035,S3-232986819
S1-760923570	S2-486853235,S3-279354742,S2-67366641,S2-836075495
S1-995283864	
S1-899166707	
S1-938010711	
S1-868383674	S2-648693989,S3-323169046
S1-606466394	S2-201695348,S3-761735312,S3-348832776
S1-941456536	S2-15435564
S1-20146602	
S1-240483323	S2-831765600,S2-686266167,S3-382939501
S1-42653629	
S1-969622957	S2-597879221,S3-245041694,S3-965880794
S1-951801638	
S1-982612346	S2-739867386,S2-850384912,S3-91842598,S2-227176947
S1-978717802	S3-449555239,S3-946949116,S3-748735004,S3-208656030
S1-849993658	S2-451877046,S3-663132555,S2-572365830,S2-410139983
S1-747123242	
S1-934093038	
S1-848713668	S3-53195737,S3-411337006,S2-408395850
S1-338859452	S2-931815045
S1-441470524	S3-469676435,S3-857886916
S1-674176181	
S1-391706603	S2-443182717,S2-167806002,S2-215943045
S1-545289939	S3-357365470,S2-795309831
S1-330747621	
S1-734655074	
S1-403178677	
S1-366942294	
S1-307595802	
S1-940184903	
S1-612044079	
S1-87581482	S2-632753013,S3-393999977
S1-246230239	
S1-281795303	
S1-617240558	
S1-106474498	S3-434401317,S3-933313727,S2-819414337
S1-2151791	S3-769279369,S2-690769679
S1-59151917	S3-702567301
S1-553913569	S3-704537188,S3-26943439,S2-140429704
S1-554498507	
S1-831184393	S3-217512477,S2-522208628,S3-323657448,S3-542929732
S1-359258674	S3-819212149,S3-316653618,S3-483045842,S2-58064329
S1-429468661	
S1-50752291	
S1-387596875	
S1-913670211	
S1-927034905	
S1-315552471	
S1-481982029	
S1-739723330	
S1-171626927	
S1-291555820	
S1-589853484	
S1-524261959	S2-395914296,S2-92411391,S2-248515753
S1-471846086	S2-681035140,S2-980799362,S3-648989906,S3-286967321
S1-309618955	S3-827335000,S2-620110904,S2-254350333
S1-402597319	S2-173578002
S1-33246537	S2-410889390,S2-82897214,S2-246350514
S1-750713833	S3-375747568
S1-869233568	S3-640031762,S2-963278400,S2-454780592,S2-853505388
S1-552111098	S2-951860220,S3-681733440
S1-924716240	
S1-912542609	S3-858719302,S2-594402359
S1-341452471	S3-569626575,S2-138370435,S3-857603857,S3-285706249
S1-210254674	
S1-21680953	S2-409439471,S3-995539316
S1-706041782	
S1-244056220	S3-290582827,S3-338657762,S2-517488342,S2-893720600
S1-842245681	S3-323479531,S2-504651398
S1-425368648	
S1-444736564	
S1-387200577	S3-714985902,S3-226063743
S1-126717985	S2-820579166,S3-654209911,S3-963032525,S3-977015741
S1-796969548	S2-770545944,S3-971008131
S1-429161573	S3-665390217
S1-2286564	
S1-308656758	
S1-633544958	
S1-634931830	S3-209542489,S2-614772693
S1-200723243	S2-621477890,S2-788224506,S3-153417633,S3-234128350
S1-819466937	S3-304813015,S2-33977119
S1-671017110	
S1-422168787	S3-623786063,S2-948264997,S2-672259563
S1-903617740	
S1-923697495	S3-820042100
S1-717228899	S2-480983090,S3-343853742
S1-612354739	S2-586180133,S3-390512609
S1-387597970	S3-237344551,S2-827280946,S2-244457221,S3-621843211
S1-586840667	
S1-810978720	
S1-564408198	S2-268558932
S1-134933296	
S1-113892277	S2-412419080
S1-262445800	S2-807052274,S3-533445976,S3-36083368
S1-784677734	S3-77382142,S2-585185503,S2-422469225
S1-776183613	S3-741120477
S1-766509615	
S1-587287791	S2-457050233,S2-611258069,S3-44379802
S1-519653815	S3-451888833,S3-985315676,S2-787139155,S2-102725966
S1-527983780	S2-8192913,S3-56569730,S3-9634955,S2-74264444
S1-432370153	
S1-337969232	S2-68170215
S1-191995380	
S1-560984647	
S1-935915809	
S1-603506163	S3-985744416,S3-223901822,S3-109123534,S2-328934996
S1-1512444	S3-177996785,S3-134458407,S3-143077866,S3-359498844
S1-508012803	
S1-379037471	S2-64159053,S2-606889464,S3-229618690,S2-975153376
S1-300356038	S2-766229785,S2-61529263,S2-272218724
S1-561662703	S2-891729939,S3-36489617
S1-791480747	
S1-391571771	S2-659811108,S2-681944412,S2-539852053
S1-690782024	
S1-409448250	
S1-600472301	
S1-29168503	
S1-412852364	S2-723097236
S1-869188005	S2-49124268,S3-339680751,S3-484050689,S3-993771723
S1-118557789	
S1-105483884	
S1-630005247	S2-91941245,S3-443488922,S2-698576297,S2-279669918
S1-146189647	
S1-545455831	S3-248913664,S2-253321502,S2-437493095
S1-66280521	S2-564172001
S1-938391523	S3-272378219,S2-719022523,S2-314393625
S1-706760258	S2-419314330,S2-619625763,S2-355984933,S3-773028035
S1-502461347	
S1-914710882	
S1-26963609	
S1-65212889	S2-270698824,S3-95127321,S3-842128402,S3-307682991
S1-869172539	S2-967020134,S2-24909559,S2-214086896,S2-145208707
S1-3713502	
S1-545202881	
S1-994335436	S3-91094079,S3-342949860
S1-777791306	
S1-993792993	S2-974751174,S3-496305149,S2-262167410
S1-39852970	
S1-369464940	
S1-651073888	S2-197639927,S3-312613943
S1-454565029	
S1-592309190	S3-7459340,S2-221936638,S3-457653775
S1-421733178	
S1-942073147	
S1-679783190	
S1-459845103	
S1-805013672	S3-483271456,S2-620025055,S2-88034562
S1-361796292	S2-869106311,S3-885776737
S1-528733784	S2-828594118
S1-562004076	
S1-48685685	S2-268716157,S3-815109578
S1-184258502	
S1-645267862	
S1-605685206	S3-82776338,S3-829854524,S3-991313033,S3-898139550
S1-921638145	S3-847266087,S3-552954306
S1-42379814	S2-947087095,S2-72627579,S3-891010611,S3-710576702
S1-167762814	
S1-75762358	S3-575317959,S2-979507648,S3-563294581
S1-884751295	
S1-124082917	
S1-448642074	
S1-722387583	S3-539062844,S3-146151843
S1-129311073	
S1-334569728	
S1-751165390	S3-92742958,S2-615039509,S2-447044898
S1-291579133	S2-220968322,S3-48157814,S2-217730043,S3-848564347
S1-582557807	S3-937378937,S3-802155051,S3-418170050,S2-775731006
S1-826692919	S3-598225378,S3-825979917,S2-202036734
S1-427525699	S3-79634501,S3-784917781,S2-666221320
S1-239086845	
S1-773222206	S2-166791721,S3-859500538
S1-311577019	S3-798603902,S2-224562941,S3-874116761
S1-458642998	S2-880177406,S3-452307246,S3-649718465
S1-661475452	
S1-477058915	
S1-945373318	S3-158909712
S1-596154748	
S1-444698822	
S1-575671254	S2-679632380,S3-139766722,S3-54350575
S1-45549017	S3-282967178,S3-479278276,S3-838171979,S2-284911376
S1-433821317	S2-860476254,S2-675510418
S1-877706683	
S1-354184343	S3-966978478,S2-318611446,S2-335932732,S2-432163940
S1-980469516	
S1-480980768	
S1-559932898	S2-491854574,S3-191626938,S3-817610108,S3-463368176
S1-655396087	S2-297138767,S3-347733074,S3-960166960,S2-423723567
S1-153873031	
S1-810782502	S3-336611696,S2-98651159
S1-854547437	S3-949355478,S3-73922686,S3-584255348,S3-151016158
S1-574530246	S3-686534391
S1-864446934	
S1-184837248	S2-353583770,S3-94598228,S3-140685652,S3-245466781
S1-582919019	S2-89956939,S3-970003990
S1-458584166	S2-12645652,S2-569147469,S2-664205316,S3-243247189
S1-916273615	S2-418201228,S3-71455462
S1-532818324	S3-875720172,S2-699687756
S1-510145693	
S1-974130247	S3-349611046,S3-556590308,S3-7012536
S1-15095681	S3-354846154,S3-77951734
S1-437850055	S2-833971837,S3-349375696,S3-456454312
S1-773677779	S2-664125540,S3-838476089,S3-153884340,S2-555531396
S1-631757716	S3-858931167,S3-342414382
S1-650389986	S3-271365489,S3-900175070,S2-469695434,S3-883336890
S1-100439711	
S1-367179476	S3-41100277,S3-523863937,S2-948805739
S1-995975299	S3-448375200,S2-370096622,S2-334505230
S1-811972607	S2-155472485
S1-810720553	S3-655137200,S3-68076711,S2-619027352,S2-160836261
S1-197145034	S3-90502673,S2-39075011
S1-626591851	S3-941505943,S2-27446325
S1-277877334	
S1-331985350	
S1-368288926	
S1-287742639	S3-935686813,S2-355680322
S1-152007901	
S1-801236880	
S1-566683104	S3-637080396
S1-529454205	S2-663537580,S2-985227651,S2-494736676,S2-35210495
S1-651834910	S3-492758250,S2-84100018,S3-111147334
S1-572057264	
S1-22471940	S3-53989845,S3-583197867
S1-219412230	S2-426388647,S3-35539362,S3-416124113,S2-381199194
S1-312469962	S3-902854251,S2-621136354,S3-35404194
S1-75052797	S3-604776443,S3-938310005,S2-294316646,S2-704455480
S1-481344342	S3-318258631,S3-201193660,S2-376190612,S2-399810146
S1-126638079	
S1-385142797	
S1-151871250	S3-844527684,S2-568357719,S3-833935133,S3-610925209
S1-959897426	
S1-993887079	S3-682040707,S3-931769804,S2-514715429
S1-670792464	S3-914335023,S3-679132241,S3-294857318,S2-790326750
S1-38315331	S3-368298694,S2-816704772,S3-563118522
S1-450531872	S3-884416241,S2-289059468
S1-913875470	
S1-348250542	
S1-598084296	
S1-483373750	S2-525652527,S2-352990306
S1-622224422	
S1-78344041	S3-81070509,S2-962961943,S3-437137681,S3-921926267
S1-562909008	
S1-931610783	
S1-884114494	S3-61408621,S3-121038272,S2-63145319
S1-997917971	
S1-261122065	S2-246211639
S1-601761658	S3-183025917,S2-928674976,S2-86837870
S1-428634818	
S1-411727024	S3-804893096,S2-399582360
S1-482077972	
S1-852015325	
S1-756409746	
S1-710632232	
S1-661557464	S2-774107099,S3-243171099
S1-638853384	S3-480587123,S3-611650878,S2-726071210
S1-485373734	
S1-163601767	S3-578837638,S2-739235294,S3-805677431,S2-396236644
S1-814261982	
S1-249664098	S3-992180564,S2-230750375,S2-652827317,S3-144307051
S1-816884715	S2-967559991,S3-764361770,S3-611657386,S3-249528947
S1-366001754	
S1-267117100	
S1-84411057	S2-677746324,S3-590166556
S1-873386492	S3-185095189,S3-853259308,S3-988211818
S1-476799977	S3-663350204,S3-440703541,S2-616176186,S2-493164046
S1-936644370	S3-366940736,S2-400885031
S1-706275485	
S1-417466312	S3-428788367,S2-749237142
S1-362246182	S3-686729065,S3-950283038
S1-368076974	
S1-892169758	S3-149914437,S3-802489866,S2-870493115,S2-81202041
S1-154222789	S2-533146321
S1-117760231	S3-212380719,S3-68169504,S2-732664598,S3-276939260
S1-103954581	S3-995922739,S3-785398232,S3-220226682
S1-718502599	S3-558633186
S1-550598686	S3-189065254,S2-260514437
S1-889929326	
S1-731178694	S3-298132806
S1-65172613	
S1-249931051	
S1-519095347	
S1-643057189	S3-199100901,S2-514638348
S1-916542392	S3-897143503,S3-961712303
S1-208581735	S2-330117703,S3-349595739,S2-639093610
S1-153222175	
S1-475160693	
S1-479597285	
S1-250057551	S3-615610550,S3-635457054,S2-328447382
S1-303396463	
S1-57790206	
S1-459754458	
S1-954363550	
S1-895388003	S2-537305798
S1-151843078	S3-438702759,S2-932192541,S3-420487688,S3-159057761
S1-336282663	S3-90508210,S3-198580001
S1-490053958	S2-685133223,S3-40604370,S3-213334934
S1-954831080	
S1-906863797	S2-722611864
S1-827948922	
S1-820392321	
S1-948946528	
S1-505163534	S2-827111124,S3-832825703
S1-405537027	S3-572960592,S2-127010618,S2-788894796,S2-247265239
S1-793486854	
S1-858571446	S3-431120016,S2-962338510,S3-723246296,S3-666565877
S1-998026639	S3-888639470,S2-461698919,S2-663718686
S1-193319536	S3-607307368,S2-43958508
S1-996609941	S3-728080416,S2-796484605
S1-788270327	
S1-115184051	
S1-56950357	
S1-393285000	S2-958802618,S2-302982456
S1-648859525	
S1-253067326	
S1-433154380	S2-837474324
S1-830374350	
S1-391456644	
S1-319671151	
S1-336325644	S3-880958877,S3-625724916
S1-143018597	S2-318778767,S2-212720776,S2-449902337,S3-249147926
S1-557817054	
S1-872672685	
S1-707477906	S3-779673825
S1-588341734	
S1-261894342	S3-527211697
S1-821503349	S2-589753460
S1-963671241	
S1-3386510	
S1-801579627	S3-387968629,S3-854873054
S1-986711336	
S1-968661560	
S1-285917103	
S1-900276066	S3-950616221,S2-92520621,S2-766469860,S3-789757048
S1-61562521	S2-962640679,S2-84909901,S2-269089337
S1-363344556	S2-564565842
S1-382688077	S2-433821370,S2-305869482,S3-426770262
S1-461375905	
S1-49686960	S2-12749602,S3-762973911,S3-170708934
S1-724115700	S2-686907047,S2-412613937,S3-439908214,S2-198235127
S1-794062419	
S1-710808951	
S1-1640509	
S1-593811323	
S1-839008512	S3-365127684,S3-460913103,S3-775676435
S1-699319604	S2-732589103,S3-859568941,S3-205208365
S1-551250169	S3-37443077,S2-118487325
S1-342968928	S2-671892085,S3-613816560,S2-860568795
S1-406115907	S3-428595580,S2-796471719
S1-750190790	S3-933944638
S1-104893222	S3-646297640,S2-422966944
S1-874777650	S3-877054287,S2-876164272
S1-33976712	S2-132867836
S1-110378799	
S1-826683807	S2-561180068,S2-940511788,S2-47195105,S3-656306886
S1-899800831	
S1-351674525	
S1-665498816	S3-218732113,S2-516674761,S2-376593050,S2-129138883
S1-138053073	
S1-63317867	
S1-501727733	
S1-267384699	
S1-460967682	S2-893000319
S1-75770413	S2-713588680,S3-958581688,S2-918941423,S2-83811320
S1-768326518	S2-467157647,S2-194796695,S3-534659034,S2-807075204
S1-870575751	
S1-330992310	S2-821304229,S2-393778446,S2-353901573,S2-972060205
S1-341029455	S2-311239462,S2-531252723,S3-545049809
S1-781395531	S2-851138709,S2-164945185,S3-923317295
S1-256733401	S3-85500189,S3-830599155,S3-323258789,S2-810087087
S1-175602726	
S1-602610904	S2-414660011,S3-901789765
S1-404326243	S2-433397590,S2-252225847,S2-567551173,S3-826098047
S1-39164411	S2-80561804,S2-645834016,S3-696984945,S3-360870467
S1-61125776	S2-329449174,S3-252055627
S1-290043778	S2-781864153
S1-410151407	S2-100248831,S3-85173160
S1-835201245	S2-643030049,S3-595417661,S3-419306762,S3-999938784
S1-414997999	
S1-181204313	
S1-94725891	S2-200920713,S3-814270826
S1-389173445	
S1-743302098	S3-546625161
S1-71240396	
S1-475081726	
S1-820509966	
S1-31006198	S2-40291537,S2-611355522,S3-993488293
S1-573546477	S2-250461180,S3-624490985,S3-495789615,S2-23016113
S1-41150427	S2-221727411,S2-640347819
S1-415279529	
S1-397656070	
S1-248455559	
S1-214523010	
S1-124840954	S2-822376944
S1-191200911	S2-373615171,S2-203631166
S1-443239911	
S1-478802514	S3-256456712,S2-699423873,S3-331318482,S3-681480970
S1-515242457	S2-917192846,S3-479473196,S2-245682599
S1-988467806	S3-340629171,S3-241069760,S2-750211362
S1-326556147	S3-515497247
S1-995974634	S2-598128161,S3-893150456,S3-821314329,S3-211916103
S1-280992258	
S1-36974839	S2-260997620,S3-305410163,S2-57696501,S2-148412475
S1-12938677	S2-938056556,S2-793120167,S2-430082367,S3-65253072
S1-214393505	S2-639722053
S1-122212388	S3-687018316,S3-341757457,S3-656447549
S1-611639114	
S1-385329872	S3-954669152,S2-12745157,S2-933488771,S3-721011258
S1-358943403	S3-958606299,S3-256395623,S2-296304711
S1-508677632	S3-367402676,S2-401480583
S1-93543489	S2-101644065,S3-442360557,S3-490189973
S1-567249081	S2-670927604,S2-329202413,S3-160126279
S1-653475910	S3-855099696,S2-593601751,S2-430894519,S3-885857473
S1-595630137	S3-907680646,S2-984396961,S3-624872235
S1-408712521	
S1-51859426	
S1-884071360	
S1-440888534	S3-346700089,S3-977130505,S2-623482109
S1-476882818	S2-321412053,S3-582859816
S1-765607611	
S1-869152848	
S1-704658508	
S1-272256097	
S1-127510231	S2-701677242
S1-963443768	
S1-1878736	S3-843274018,S3-759434071,S3-592355565,S2-597211512
S1-328406794	S3-10262343,S3-520770270,S2-658404206
S1-49274202	S2-955465076,S3-10499319,S2-261811756
S1-688174127	
S1-592470713	S3-314089562,S2-848235849,S3-225292195
S1-734165656	S2-218328721,S3-748374955,S3-216607647,S2-120229019
S1-25736294	S2-582722938,S2-482972160,S2-663926997
S1-887285219	
S1-193520852	S2-437962945,S2-410728524,S3-211563611
S1-151207309	
S1-849262402	
S1-191937467	S3-320924319
S1-966069673	S3-391477955,S2-416377556
S1-237116538	S2-477905655,S2-17470280
S1-601263255	S2-62855885,S2-498718894,S3-966640136
S1-54587640	S3-456561884
S1-999549290	
S1-233516005	
S1-359738314	S2-818383928,S3-764480741,S2-990020791
S1-813080060	
S1-910178460	S3-269770483
S1-136019848	S2-188188543,S2-590075590,S3-954212398,S3-748490505
S1-369532386	
S1-456732969	S3-568929004
S1-207345103	
S1-687103339	S2-608013787,S2-949173221,S3-463924131,S2-341235167
S1-663345240	
S1-957164021	
S1-659898586	S2-712056748,S2-440371235,S3-482703091,S3-193993094
S1-660512302	S3-939185324,S2-32075664,S3-193258857
S1-461210049	
S1-664143112	S2-800465463,S3-317369443,S3-949803814,S2-62181749
S1-475447242	S2-422045774,S3-715599596,S3-725903515,S2-868042549
S1-939737744	
S1-142450790	S3-308692673,S3-637635424
S1-58881362	S3-906568119,S2-801972162,S2-312705956
S1-934383532	S3-109558102,S2-742112336,S2-435452241,S2-547994521
S1-181814892	
S1-921871456	S3-261950890,S2-484536898,S2-565018817,S3-737941737
S1-92310102	S3-772035663,S2-534429532
S1-773902433	
S1-850109065	S3-435871633,S2-545732680
S1-114481349	
S1-742538744	
S1-453604639	
S1-857298077	
S1-956370009	
S1-485205860	S2-902685957,S3-943411367
S1-43088356	
S1-212328657	S3-500867289,S3-490778373,S3-500692983
S1-981580427	
S1-922082365	S2-852242665,S3-391365718,S2-539665942
S1-980887238	
S1-15520988	
S1-575018487	S3-313915735
S1-1858645	
S1-257767370	
S1-772266272	
S1-462738013	S2-739757486,S2-640480410,S3-925688793,S3-841750148
S1-53249354	S3-546292781,S3-671548568
S1-392437904	
S1-75923395	
S1-386828307	
S1-158672406	S3-180620927,S3-608338091
S1-552104902	S2-990265534,S3-467845895,S2-668982676,S2-583513122
S1-432604544	S3-349166522,S2-886249655,S2-44644203,S3-984203348
S1-256107226	
S1-866226684	
S1-821114505	S3-75398169,S2-878975657,S2-616940359,S3-565026344
S1-587465772	
S1-443523751	S2-322652141,S2-362875802,S3-68091475
S1-80956715	S2-443520155,S3-983268108,S3-147884558
S1-289542051	S3-517720626,S3-659771597
S1-945071918	
S1-458125684	S2-76743623,S2-439979401
S1-386249083	S3-280324207,S2-65424726,S2-762733012
S1-44147811	
S1-112679625	S2-123449458,S3-188899194
S1-453906812	
S1-472380886	
S1-454148699	
S1-224027312	S3-944959240,S3-773364875,S2-190199978
S1-361227081	S2-576163492,S3-874429967,S3-145292225
S1-416818777	
S1-941961080	S3-996519726,S3-540041328,S2-910908956,S3-219524723
S1-118273594	
S1-255353761	
S1-65441994	S3-480467360,S2-584198023
S1-428437686	S3-218148162,S3-462903751,S2-829812631
S1-119038018	S2-509225075,S2-101747831,S3-590899769,S2-14284306
S1-786594784	S3-744408409,S3-73566616,S2-471740166,S2-188929721
S1-314627220	S2-62431538,S2-480259451,S3-268592351
S1-614949220	S3-420587811,S2-96308780,S2-297299960
S1-500457836	S2-837760276,S3-811605292,S2-713867268,S3-990375745
S1-922695776	S2-231926861,S2-796602608,S2-521457443,S3-614882820
S1-318640455	S2-263871122
S1-941634924	S3-776663596
S1-840874837	S3-945877042,S3-403030043,S2-926694349,S3-175481183
S1-548512256	
S1-474874323	S3-902496978,S2-904312224,S3-544381562
S1-702988627	
S1-154189499	
S1-290222067	
S1-473499203	S3-896346862,S3-209893754,S2-661470592
S1-883568227	
S1-301946207	S3-767633917,S3-9720306,S3-739081557
S1-663859979	
S1-126865937	
S1-377185781	
S1-506071701	
S1-457321807	S2-401341309,S2-174683912,S3-894067276
S1-151205335	S2-501351355,S3-540310422
S1-855704424	
S1-255643543	S3-918821486
S1-168432445	
S1-248306898	S3-756837548,S3-34368153,S2-788006379,S2-81566569
S1-718002122	S2-744031848,S2-990160752,S3-290884689
S1-28242606	
S1-228254011	
S1-593816409	
S1-694278114	S2-71660805,S2-214296497,S3-42221779,S3-420077786
S1-586200134	S3-63258753,S3-959817107
S1-400262715	
S1-149472200	
S1-220241734	S3-197853565
S1-260521327	S2-277345398,S2-14723199,S3-88443018
S1-341845974	
S1-727972467	
S1-204658307	
S1-888478745	
S1-313717541	
S1-882912538	S3-455361629
S1-399391508	S2-709526984
S1-223461241	
S1-50145960	
S1-746482579	S3-277775124,S2-253610169
S1-136032061	S3-744638119,S2-801590209,S3-305155365,S2-751512197
S1-183354029	S3-778810634,S3-660446256,S3-449332082,S3-662082016
S1-74130448	S2-327701073,S3-166924996
S1-908496098	S3-390306290,S2-93035721,S3-502232898
S1-209812858	
S1-545604360	
S1-284029242	S2-825624843,S2-667690922,S3-125074568,S3-300504305
S1-258700351	S2-313411143,S3-739034434
S1-730901538	S3-394005535,S3-357995072
S1-993540284	
S1-643264294	S3-603715794
S1-632427297	
S1-916991788	S2-869511463
S1-759890421	
S1-66851392	S2-821344991,S3-432273354
S1-829575020	S3-365976995,S2-884769141,S2-674704590
S1-261206747	S3-979170374,S3-895851841,S2-836461141,S2-140328910
S1-283077768	
S1-788374040	
S1-831256117	S2-855323466,S2-165457548,S3-753682120,S3-450993808
S1-18295453	S2-961728990,S3-576403616,S3-321689672
S1-26685107	
S1-197250398	
S1-658160491	
S1-331450876	S3-608163282,S2-503945289,S2-316971332,S3-322227171
S1-133274923	S2-360279358,S3-598273679
S1-641064902	
S1-865332056	
S1-424373905	
S1-62294795	
S1-418375005	S3-842761731,S2-964725986,S2-233403076,S3-613472345
S1-418127248	
S1-806108461	S3-62452759,S2-891568892,S3-363750899
S1-428712129	
S1-62787266	S2-53403864,S2-905693637,S3-128184042,S3-585004816
S1-792440318	
S1-701949576	S2-214180026,S3-525844530
S1-307124255	S3-198886283,S3-354204203,S2-310823236,S3-887114560
S1-646596521	
S1-351117429	S3-620469458
S1-765483408	S3-165160069
S1-452454851	
S1-245514676	
S1-913058611	
S1-796957522	S2-408568226,S3-653541067,S3-128988016
S1-167823780	S3-684620037,S2-682904278
S1-532057987	S2-156974916,S2-263921086,S3-609311903
S1-954471776	
S1-345358219	
S1-969275805	
S1-580746245	
S1-687922709	S3-689451002,S2-693741355,S3-338123498,S2-132937534
S1-129922120	
S1-236902227	S3-249547161,S3-140314603,S2-634668856
S1-169570227	S2-154419
S1-369711192	
S1-494353582	
S1-928038781	S2-321936388,S3-661399333,S2-873004275
S1-337711258	
S1-674779015	S2-897484670,S3-124818506,S2-961778566,S3-916476079
S1-84498079	S2-616921186,S3-490915595
S1-888434118	
S1-790435112	
S1-140156132	S3-990207666,S3-733917082,S2-491891643,S3-545270198
S1-646625751	S3-453660042,S3-488749455,S3-645831157,S3-364029795
S1-357456457	S3-302034545,S3-975639713
S1-618751713	S2-787960435,S3-810495476
S1-355365367	S2-845827777,S3-396586359,S3-967444448
S1-218125207	S3-388444762
S1-744438989	
S1-836345226	
S1-646080809	S3-870516664,S2-77599472
S1-831418690	S2-950073424
S1-515716542	S2-155821079,S2-525479826,S2-932628637,S3-867044260
S1-293007658	S2-875019421,S3-281768689,S3-927938244,S3-759897425
S1-207277064	S3-78575936,S3-983762597,S3-325790553,S2-456355238
S1-665749414	S2-617402228,S3-579859059
S1-933020166	S2-944221152,S3-795412170
S1-198290543	
S1-800089746	
S1-318414998	
S1-275803855	
S1-964462679	
S1-668684081	
S1-64549914	S2-52273666,S3-6577075,S2-869348150,S3-2214642
S1-790895979	S3-518630578
S1-662585279	S3-981728863,S2-415536710
S1-215414155	S3-889842250,S3-297811820,S3-267535362,S3-395589777
S1-340267327	S2-91395497,S2-967308217,S3-160139466,S3-144991199
S1-213140564	S3-551577943,S2-866608855
S1-788680844	S3-146666200,S3-846089438
S1-951038563	S3-877957082
S1-490097851	
S1-747311523	S3-634646257,S2-830590625,S3-103669108
S1-484250863	S3-933483459,S3-746853103
S1-326393456	
S1-740929491	
S1-209330138	S3-35691553,S2-540417321,S2-691904907,S2-542040188
S1-632969636	S3-429357235
S1-30761891	
S1-793889815	S2-957074918,S3-722410638
S1-758360412	S2-878172572,S2-136342433,S2-922329845,S3-403575467
S1-758241573	
S1-965062597	S2-354561739,S2-995678358,S3-69655675,S3-723574286
S1-385441476	
S1-528747100	S2-443981724,S3-676793409
S1-629620895	
S1-843712176	
S1-300783761	S2-764303452
S1-691336942	S2-455459535,S3-936325567,S2-814727852,S2-697598472
S1-151953883	S2-825246495,S3-732274888,S2-147468512,S2-100965613
S1-598025623	
S1-814200703	
S1-230582031	
S1-828945508	
S1-73581077	
S1-324051662	S2-781909897,S2-367472422,S3-572335550
S1-798294336	
S1-138818527	
S1-425077542	
S1-839111081	
S1-103719427	
S1-681129936	S2-952152297,S3-892072543
S1-654997884	
S1-406088276	
S1-997107881	S3-288035700,S2-437488026
S1-393744161	
S1-159765884	S3-773280395
S1-350186990	S3-326927881,S2-820741748
S1-696399290	
S1-902667118	
S1-69567480	S3-452283977
S1-154713793	
S1-203216645	S3-133463378,S2-743092506,S3-352798346
S1-945030841	
S1-291280879	S3-435515690
S1-145314773	
S1-775251603	S3-501420371,S3-326596497,S2-311567174,S2-712543926
S1-177606986	S2-815366389,S3-62599146
S1-315166611	S3-925328573,S3-865883762,S2-677419791
S1-995494699	
S1-8984618	S3-86682237,S2-630376550,S2-40903337,S2-22932806
S1-81057077	
S1-480043693	
S1-491407460	S2-782908905
S1-388759589	
S1-951641852	S2-535201370
S1-674843744	S2-566397314,S3-753897484
S1-776701860	S2-485499574
S1-961080691	S3-609712303
S1-115604950	
S1-582264853	
S1-734145720	S3-672421030,S2-827594192
S1-150364139	S3-327834874,S3-343012677,S2-267648403
S1-260569325	
S1-317911391	S2-515795744,S3-694034354,S2-822539842,S2-369910583
S1-779334075	S3-773768882,S2-375945223,S2-108473207
S1-111270002	S2-829593906,S3-883742086
S1-837243633	S3-450816804,S3-326886757,S2-351301903,S2-73393563
S1-131953872	S2-523349663,S2-643370131,S2-239252407,S3-979862016
S1-498307780	
S1-504352074	S3-496007368
S1-268036460	
S1-585158783	
S1-245033057	S3-227647395,S2-693718774,S3-621378405,S2-808273170
S1-52195399	S3-614642307
S1-519997683	S3-408591418,S3-748945976,S3-747875255,S2-856901626
S1-560372196	S2-705988850,S2-204526215,S3-111227231,S3-618773880
S1-585815616	
S1-3423023	
S1-911899379	S3-432941333,S2-993433799
S1-132574423	
S1-582948204	S2-732857415,S3-728765748,S3-433037811,S2-229156140
S1-620474815	
S1-875347098	
S1-389445528	S3-790060666,S2-841887004,S2-251567785
S1-398445396	
S1-523028052	S3-145311758,S2-618631137,S2-566973192,S3-615849384
S1-4059782	S3-611675170
S1-12600943	
S1-318406268	
S1-112596270	
S1-342886770	S2-453955780,S2-908217368,S2-202059255,S3-514333473
S1-700482409	
S1-196116521	
S1-371726517	
S1-981170204	
S1-338039917	S2-240840296,S2-90062307,S2-364855869,S3-250293688
S1-879233033	S2-739734492,S3-783811891,S3-772099752
S1-434901871	S2-880482776,S3-310048790,S2-985088886,S2-323150363
S1-557892900	S2-141253873,S3-707426644,S2-202997976
S1-688324732	
S1-678874884	
S1-613270295	S2-905243741,S3-771137130,S3-855173138,S2-298906167
S1-19231515	S2-226505825,S3-36180975,S3-787246311
S1-370242641	
S1-738444113	S2-807617331,S3-549271025
S1-251730437	
S1-665103941	S2-237894929,S3-213422490
S1-164854655	
S1-629626845	
S1-414180412	
S1-141125905	
S1-176597003	S2-77121634,S2-61299526,S3-743293014,S3-282516983
S1-814240315	
S1-5431965	
S1-94182416	S3-635690537,S2-727741284
S1-466182154	S2-794377106,S2-438814945,S2-895817452,S2-335804723
S1-328326001	
S1-116512497	S2-960655060,S2-740621425
S1-584272965	S2-16728045
S1-609495677	S2-511409481,S3-527754272,S3-365767367
S1-49848975	
S1-734983892	
S1-662289750	S2-219395101
S1-229532226	S2-69302023,S3-46156884,S3-873454384
S1-748559098	
S1-563577518	S2-581576117,S3-98705294,S3-647197958,S3-824400576
S1-323786453	
S1-951707526	S3-555679855,S2-539660626,S3-473834081
S1-86057052	S2-999934400,S2-105085415,S3-516716549,S3-293626785
S1-533554756	
S1-491426068	S2-857307047,S3-818968600,S3-322996816
S1-847595704	S3-202592517
S1-49813993	
S1-372971822	S2-714022110,S3-310463353,S3-385746020,S3-384920344
S1-299542405	
S1-837460815	S3-145772158,S3-70977931,S2-642578395,S2-41082716
S1-953882821	S3-976868791,S2-22734685,S2-110990364,S2-266524016
S1-625892594	
S1-750131245	
S1-331904641	
S1-63215292	S2-30741812,S3-151463439,S2-469819741,S3-504098888
S1-847418689	
S1-515258702	S3-510306235,S3-267013109,S3-161790170,S2-508814227
S1-495759983	
S1-599012676	
S1-65579960	
S1-793847145	
S1-687992909	
S1-926077111	
S1-229344357	S2-88697244,S2-884188133,S3-132308715,S3-708777848
S1-578765942	S2-294248607,S3-538392683
S1-744391189	
S1-287208950	
S1-846310817	S3-710073020,S2-340748465,S2-972134414,S2-452401599
S1-349186871	S2-705845106,S3-794888017,S2-770919918,S3-923695198
S1-3241251	S3-985918049,S3-370152335
S1-318726014	
S1-528380891	
S1-720245494	S3-529853287
S1-96969675	S2-960835796,S3-990823404,S2-839202984
S1-801592223	S2-38048281,S3-632589812,S3-364488526
S1-601727044	
S1-241055940	
S1-93102963	
S1-786900549	
S1-140897796	
S1-156511541	
S1-458494978	
S1-330010534	S3-330247487,S2-421528934,S2-74778952
S1-941800711	S2-896822532,S2-134989396
S1-704736562	
S1-255776774	
S1-36778922	
S1-367173480	
S1-323707769	S2-1750905,S3-308775748,S3-675692828,S2-463020632
S1-11594541	S3-947872935,S2-222977589,S2-321549423
S1-914351219	
S1-932083960	S3-991197208,S3-981423935,S2-792150700,S3-897895474
S1-214666126	
S1-243560817	S3-795867452,S3-644696548,S3-69610536,S2-6800983
S1-847102428	
S1-661885368	
S1-2908831	
S1-515702770	
S1-122642726	
S1-698190350	S3-133014558,S3-148737785,S2-796484605
S1-733836962	S3-88294026,S3-701922122,S2-536128874
S1-690282030	
S1-354071106	
S1-532804716	
S1-53476204	S2-476765494
S1-979813380	
S1-206195224	
S1-897817277	
S1-907025037	
S1-567079723	S2-430516507,S3-796468971
S1-69487683	S2-445741917,S3-768023682,S3-274037113,S2-747938044
S1-16224912	
S1-814871536	S2-513630124,S2-203077234,S3-983452093,S2-190314531
S1-432826996	
S1-871064057	S3-562014234,S2-879596324,S2-555219228,S2-679930336
S1-733035777	S3-21675306,S2-836157492
S1-873838977	S2-988724314,S3-289635737,S2-905391313,S3-215571706
S1-173975476	S2-358522929,S3-383737393
S1-331639430	
S1-758751375	S3-925295361,S2-93149794,S2-280694087
S1-319620631	
S1-212621203	
S1-971426774	S2-554557869,S2-147289739,S2-594499536,S3-845898591
S1-603341091	S3-900044350,S3-866765254
S1-993778861	
S1-694737938	
S1-413422696	
S1-558508525	S2-555428411,S3-414008165
S1-536325410	S2-739883376,S2-232818876,S3-93222652,S3-803716556
S1-73388185	
S1-257244760	
S1-986684055	S3-830266530,S3-379126268,S2-727587469,S2-245872488
S1-925511215	
S1-828217138	S3-105902893,S3-303831395,S2-781947614,S2-510073264
S1-254193778	S3-823299053,S2-423844979,S2-383725877,S3-654854299
S1-127428949	S3-518291180,S3-378024363,S3-541243937
S1-530626531	
S1-67753585	
S1-157068220	S2-266949320
S1-843618796	S2-195763129,S3-542200086
S1-692993172	
S1-873955625	
S1-611545663	S3-402806816,S3-394907502,S3-69194590
S1-279246477	
S1-9578436	
S1-368414464	
S1-584467293	S2-121510296,S2-35347150,S3-697812328,S2-475342412
S1-622836632	
S1-608134357	S3-900306134,S3-676048617,S3-498127601,S2-599976668
S1-264023997	
S1-773696322	S2-537916998,S3-301053476,S2-818405788
S1-133407086	
S1-465863553	
S1-576297164	S3-925415199,S3-112369169,S3-586976363,S3-2483501
S1-908401834	
S1-916493385	S3-719346041,S2-924495695,S3-99805346,S3-658510260
S1-93926066	S2-55167449,S2-348416163,S3-608862225,S3-350448069
S1-192657030	S3-552495594,S3-241833219,S2-561907223
S1-149725418	
S1-263448520	S3-595498823
S1-677061981	
S1-850018118	
S1-721594682	
S1-200000094	S2-386978885,S3-175239938,S3-217262064,S3-947747947
S1-646670833	S3-901252916,S2-87137977,S3-67098866,S3-470609554
S1-226401341	S3-525255713
S1-166207361	
S1-157605118	
S1-814208450	S2-275589852
S1-64109578	
S1-535104011	S3-481754448,S2-900904127,S2-427207778,S3-182752016
S1-765037363	
S1-616238114	
S1-498405327	
S1-206686063	S2-809519037,S3-839928913,S3-228442213
S1-879185088	S2-392674013,S3-147273201
S1-861858115	S2-634778493,S3-674912800
S1-641484914	
S1-339771439	
S1-427550574	S2-422637681,S3-7618851,S3-122552629,S2-73998176
S1-450610712	
S1-730766955	
S1-341670072	S2-625050879,S2-959314869,S2-115351911
S1-88699365	
S1-737724350	
S1-539384135	
S1-980030307	S2-533983256,S2-359717160,S3-301550933,S3-996203352
S1-517652924	S2-832337309,S2-455529012,S3-914908273
S1-305776819	
S1-774362699	S2-663594774,S3-954805031,S2-826188299,S3-610023197
S1-554427841	
S1-483629187	S2-920987047,S3-392268325
S1-99938138	S3-544116660,S3-356490707,S3-220597062
S1-261292209	
S1-519086851	S2-709551938,S3-929183830
S1-98096639	S3-730298847,S3-964621780
S1-515203386	S2-801869479,S2-49373097,S2-862422353,S3-426371301
S1-638662272	
S1-472258885	S3-271268228,S3-174065159,S2-125533541
S1-275510478	S3-907727641,S3-532501364,S2-918044349,S2-665243184
S1-176722138	
S1-92536578	
S1-950348555	S3-770137028
S1-838415066	S3-827428007,S3-357908548,S3-410361752,S2-310857110
S1-5981447	S2-326095480
S1-244114025	
S1-629877133	
S1-291627646	
S1-533883823	
S1-999780294	
S1-53966474	S3-287345415,S3-712030958,S2-220516296
S1-736654075	
S1-219297155	
S1-755728073	S2-146078778,S3-89489277,S2-77368698
S1-480093343	
S1-677287273	
S1-819233645	S2-327775058,S2-17695793,S3-131625985,S3-131918620
S1-647703520	S2-398373726
S1-121889489	S2-240120405,S3-269699558,S3-539362332,S2-558572668
S1-637129218	
S1-523188673	S3-364693869,S3-68361885,S2-123728413
S1-885798186	S3-758311442
S1-372100386	S3-570745181,S3-292512586,S3-566974601
S1-101392793	
S1-934537418	S3-227152998
S1-993368325	
S1-957412371	
S1-755355271	S3-734938276,S3-768766050
S1-990054767	
S1-87491278	
S1-629103539	
S1-954400396	
S1-475129765	S2-54621195,S3-161060362,S3-681965780,S2-7517278
S1-664406280	S2-594225844
S1-355422302	
S1-970146771	
S1-211674972	S2-218744931,S2-693106533,S2-356712690,S3-453012770
S1-703923406	
S1-382272360	
S1-198270762	S2-655284767,S3-78329804
S1-848956790	S2-744443060,S2-419522296,S3-78303081,S3-95719875
S1-535665108	
S1-779656496	S3-247209256,S3-230061403,S3-756178540
S1-492262418	
S1-282721271	S2-351519516,S3-166266623
S1-763692373	S3-599179677,S2-976415413,S3-889050530
S1-892548896	S3-130616239
S1-875084687	S3-231009504,S3-340604516,S3-556066877
S1-466346556	S3-737630368,S2-505848764,S3-917906951,S3-484396916
S1-777210964	S2-407524980,S3-712922821,S3-970714334
S1-598608008	
S1-138897230	S3-784349383,S3-600268924,S2-866666404,S2-138842988
S1-302442424	S3-217754276,S2-811035049,S2-560824323
S1-651378092	S3-739558937,S2-436607528,S2-205411383,S3-890740513
S1-845761336	
S1-94919112	S3-280569739,S2-285652282,S3-764061825
S1-273357633	S3-408251667,S3-84550889,S2-738327236,S2-665231181
S1-910574549	S2-225073829
S1-834206481	S3-619830349,S2-804930590,S3-39522175
S1-255526159	
S1-771182870	
S1-140978536	S3-314829318,S2-218053961
S1-60433605	
S1-393757170	
S1-537103570	
S1-241061021	S2-84453644
S1-995778649	
S1-946123136	S3-721110599,S3-916527810
S1-739813085	
S1-794706188	S2-740246392,S3-555974154
S1-972003565	
S1-793012682	
S1-561044537	S3-691646503,S3-789418215,S3-173049595,S2-134285011
S1-767733354	S3-411386959,S3-599474913
S1-450747228	
S1-196546584	
S1-227971726	S3-195004170,S3-952905137
S1-559211427	
S1-418369854	
S1-352594314	
S1-6115192	S3-20414403,S2-626606594,S2-604934884,S3-363423123
S1-490158986	S2-165000488,S2-357709423,S3-866809606,S3-800270968
S1-645596986	
S1-240223330	
S1-904021915	S2-683250225,S3-598514348
S1-30385270	
S1-835190158	S3-750507205,S3-545662472,S2-36219843
S1-522392546	S3-35692370
S1-342368360	
S1-819664166	S3-970265175,S3-879306887,S2-971218921,S2-439360507
S1-706254387	S3-210314460
S1-160971142	S3-446487024,S3-945302150,S3-179019376,S2-720356958
S1-438579877	S3-645624460,S3-832724064
S1-674647095	S3-408653746,S2-282698500,S2-120957271,S3-664885180
S1-412059206	S3-89675370,S2-67154570,S2-76083805
S1-206097612	S2-934775398
S1-109106144	S3-665175104
S1-691897734	S3-618944660,S2-440612267,S2-622672525
S1-106936475	
S1-839966013	S2-757841321,S3-930964229,S3-481794677
S1-984003067	
S1-882803871	
S1-396078927	
S1-732252654	S2-970849995,S2-412251378,S3-33731945,S2-783535423
S1-285311450	S3-975982377,S2-741025643,S3-13807666
S1-797758823	
S1-983827405	
S1-930260759	S3-650956879,S2-91796807,S3-461776674
S1-419348839	S2-543366638,S3-56679464,S3-72175695,S2-943580772
S1-574761125	S3-242019549,S2-27173550,S3-546644472,S2-358267155
S1-303510471	S2-647788918,S2-6717702,S2-891569566,S3-345321431
S1-49360269	
S1-398222714	
S1-872475870	
S1-241433215	S3-576486198,S3-760916230,S2-885738484
S1-518555452	S2-425038716
S1-256232820	S2-716197923,S2-618021048,S3-192024806,S2-557105456
S1-603525005	
S1-915468808	
S1-749273003	S2-803539155,S3-583927233,S3-926658933
S1-821168411	
S1-749440401	
S1-992118097	S2-675327241,S2-648475017
S1-750224437	
S1-209965991	
S1-946105367	
S1-972734802	
S1-277998139	
S1-293492868	
S1-289173420	
S1-363355109	
S1-380422805	S2-342956152
S1-72471907	
S1-736230076	S3-266500269,S3-691693228,S3-827106876,S3-668801895
S1-888818737	S3-53967754,S2-306213934,S2-761978594,S2-550785228
S1-739262564	
S1-427415305	S2-15754655,S3-274720965
S1-831754161	
S1-150622996	
S1-288018857	
S1-39220081	S3-665382203,S2-905606471,S3-85041246
S1-983887960	S3-937160299,S2-803769848,S2-371605457
S1-668677573	
S1-221464649	S3-985650222
S1-141035836	
S1-999013499	S2-689940798,S2-4702910,S3-283541327
S1-682931386	S3-149263555,S2-968512727
S1-848962611	
S1-562784564	S2-400420771,S3-342633327
S1-864222050	S2-689640730,S3-321184004,S3-599036558
S1-586688032	S3-9395015,S2-907328494
S1-425683220	
S1-951374947	S2-559010531,S2-672860090
S1-515147626	
S1-405527858	
S1-440439288	S3-879846930,S2-326552687
S1-618056942	S2-703106950,S3-657418393,S3-404129789
S1-475082304	S2-374870035,S2-599947763
S1-672253465	
S1-95540687	S3-570908373,S3-134493718,S3-671979438,S2-693255574
S1-513190876	S2-824728795,S2-564836396,S2-801163326,S2-533263133
S1-391122474	S2-997084135,S3-563885227,S3-937263854
S1-560608519	
S1-933598573	S2-952951233,S2-764770432,S3-288658251
S1-282430753	
S1-143043937	
S1-193064942	S3-581453742,S2-968310161,S3-856792409,S3-189516453
S1-857724067	
S1-213130858	
S1-490827962	
S1-542803542	
S1-766500391	
S1-375492991	
S1-766959277	
S1-513977902	
S1-537296427	
S1-877412918	
S1-837259671	S2-811244939,S2-926521561,S2-250058771,S3-497009779
S1-51894424	
S1-215166324	
S1-370914974	S3-384924308,S2-763794509
S1-452150337	
S1-21824882	
S1-169416985	S3-462577603,S2-924713404
S1-708651146	S3-310515429
S1-517218621	
S1-866792950	
S1-268889789	
S1-894488886	
S1-556104792	
S1-613865734	
S1-438125264	S2-382242754,S2-599356939
S1-997529638	S3-184871156,S2-473965459
S1-481711532	
S1-283911934	S2-178224687,S3-129641070,S2-107878058
S1-785739408	S3-138139687,S2-683417766,S3-776631669
S1-74401238	
S1-465020925	S2-221510870,S3-842718644,S3-296160836
S1-973667617	S3-961444648
S1-9668153	
S1-541644741	S2-671166726,S3-675744379,S2-188647483
S1-235873692	
S1-783746547	S2-949688523,S2-356248447,S3-823411527
S1-997986934	S2-51551849,S3-894821276,S3-174815522,S3-778631994
S1-760763018	
S1-567483326	S3-116999495,S2-103409282,S3-63817710,S2-441288906
S1-672530346	S2-140802726
S1-316082354	
S1-366289125	S3-252081808,S2-542735091,S3-860727544,S3-45684235
S1-160829210	
S1-803985455	S2-948556631,S3-707839725
S1-291262408	
S1-708715684	
S1-771452905	S3-364101209,S3-229169339,S3-774166017
S1-3328353	S3-882449723,S2-834978955,S2-422460627
S1-484986417	S3-643222607,S3-496145505
S1-168400292	
S1-308105464	S2-189641113,S2-505317829,S3-881187335
S1-633165867	S2-466417473,S3-678515802
S1-291330794	
S1-567607533	S2-206386670,S3-981592560,S3-531679129,S3-233753017
S1-560295194	S3-528876073,S3-356502772,S2-418177289
S1-247881353	S3-397706379,S2-564813447,S2-968317281,S3-233752499
S1-839496678	
S1-571807881	S3-818387546,S3-108012993,S2-370566547,S3-162902036
S1-117414433	S2-573911399,S3-85170791,S2-65728678,S3-241033651
S1-408490398	
S1-210746548	S2-979962175,S2-468845148,S2-349778492
S1-549047087	S3-539724097,S3-401141131,S2-238752092
S1-751053880	S2-985161523,S3-774482099
S1-208305795	S3-397475687,S2-729628594,S3-698203946,S3-669150214
S1-365482330	
S1-215580940	S3-971612863,S2-839304341,S3-310465683
S1-679994783	
S1-231495369	S2-362296948
S1-550151816	S3-712143776,S2-171603827
S1-584367433	
S1-945001313	
S1-978715332	
S1-486106344	S3-999387747,S3-222894143
S1-223539417	
S1-313761241	S3-691251264,S2-636130785,S3-318983241,S3-4335512
S1-318686538	
S1-694530779	S2-465443851,S3-945411303
S1-493965306	
S1-147228048	S2-599799052,S2-133369197,S3-893896409,S3-656508690
S1-378750462	
S1-66464328	S3-971533793,S2-7094699,S2-330115736
S1-299403237	S3-99137424,S2-866127525
S1-120888413	
S1-449694827	S3-343736714,S2-980929588,S2-15134100
S1-810274215	S2-150551336,S3-700491649,S3-312932448,S3-772011917
S1-454804011	S3-601795603,S2-399974097,S3-338314977
S1-839753062	
S1-374041383	
S1-454436895	S2-499200532,S3-842576107,S2-61425469
S1-266426641	S3-510311373,S2-99061124
S1-902456830	
S1-817927585	
S1-957553257	S2-336838207
S1-523286843	S2-307034019,S2-520501647,S3-70745789,S3-307964671
S1-467423845	
S1-635512426	
S1-947593001	S2-984351603,S2-407792893,S3-876273538,S3-823922389
S1-941281698	
S1-774847877	S3-719229009
S1-620107738	S2-929357759,S3-508341447,S2-511813907
S1-332001455	
S1-354866661	S3-993842176,S2-784546397,S3-821561670,S2-302665011
S1-201627705	S2-311985040,S2-495738706,S3-416736429
S1-854227623	S2-158958386,S3-218536402,S3-508770404
S1-312235137	
S1-401520388	S2-279077230,S2-984071882,S3-308549486
S1-577797817	S2-985729309,S2-30917107
S1-221227966	
S1-853952276	
S1-406758635	S2-559772243,S2-266264597,S3-828105906,S3-42921720
S1-219698504	S2-385710874,S2-515964857,S3-652407046,S3-398649328
S1-154045726	S2-112997186,S3-394652827
S1-4086637	S3-697549919
S1-253298496	
S1-457678221	S2-647984070
S1-843172679	
S1-710562786	
S1-934958441	
S1-326710469	S3-292609939,S2-512768622,S3-275473559,S3-885160498
S1-15645804	S2-118780495,S3-684184417
S1-660473554	S2-982589005,S3-831083140
S1-215187504	S2-939331860,S2-408970721
S1-206133588	S2-593964642,S3-69185117
S1-430213255	S3-463450945
S1-520689942	
S1-824934797	S2-484380418,S3-764803141,S3-654529824,S3-559139080
S1-233059995	S3-352724985,S2-105794148,S2-561358738,S2-599277877
S1-320058324	
S1-643170422	S3-996365767,S3-187468203,S3-164865569
S1-601157112	
S1-243626116	S3-785939964,S2-273146507,S2-229785747,S3-932066242
S1-701613571	
S1-261717453	S3-194706797,S2-895255328,S3-238607407,S2-254163749
S1-372665899	
S1-977436330	S3-641822845,S3-40295523,S3-995523752,S3-677807776
S1-566149884	S2-783013711,S3-280685120,S3-615142744
S1-930512544	
S1-48964376	S3-182263212,S2-894448843,S3-807805614,S3-15061098
S1-852307192	S3-162082573,S2-460590703,S3-164842152
S1-577296896	
S1-420653890	
S1-346411531	S2-798019035,S3-184504053
S1-240819574	S3-763998577,S2-101309508,S3-945231361
S1-280445009	
S1-289971315	
S1-625913328	S3-908371264,S2-334688472,S2-388959006
S1-177696557	S3-446303050,S3-288031638,S2-436498377,S2-256050950
S1-585656517	
S1-512364754	S3-29968761,S3-339567025,S2-416187494,S2-590581
S1-241387444	
S1-633614669	
S1-895060630	S3-421701267,S3-695208047
S1-224311676	
S1-957361554	S2-286485458,S2-320273734,S2-271170277
S1-303017702	S3-705926918,S2-71793887
S1-978201245	
S1-181083675	S3-403803327,S2-300993520,S2-756518923
S1-733827795	S2-303187143,S3-79825361,S3-172916711
S1-266217553	
S1-295437098	
S1-176163678	S3-478173571,S3-240785656,S2-570738306
S1-527148562	S3-602162798,S2-927105480
S1-359596214	S2-208885800,S2-188077957,S3-277251179,S3-854942352
S1-212036638	
S1-826412296	
S1-772471867	S3-626994815,S2-156057638,S2-134195332
S1-559463797	S2-323135740
S1-178225508	S2-384804230,S3-603624267
S1-107203410	
S1-251423400	S3-970749697
S1-433603542	S2-80900576
S1-320955661	
S1-696846763	S2-322662665,S3-283613892,S2-158022730
S1-918183853	
S1-730567959	S2-456404604
S1-805583072	S2-735059596,S2-146129483,S3-424858224
S1-516960874	
S1-579909012	
S1-229642740	S2-93817963,S2-608766886,S3-557311310,S3-266568657
S1-464974641	S3-831485145,S2-153950533
S1-763783039	
S1-93209390	
S1-980638008	S3-875990554
S1-962515036	S2-95589739
S1-845957042	
S1-217865988	S3-254072263,S2-519846318
S1-177926588	S3-100944493,S2-561483314
S1-21903459	
S1-877878422	S2-647325328,S2-33859155,S2-657877656,S3-233359155
S1-188396578	S3-560848808,S3-734450841
S1-504197618	S3-887868033,S2-521701760,S2-236382385
S1-316207951	
S1-101464804	S3-34317502
S1-364092866	
S1-163915847	S3-93992968,S3-969605733,S3-444867035,S2-626256204
S1-891346760	S2-447161819,S2-362690260,S3-595102696,S3-138463534
S1-174312235	S3-777175598,S2-871322504,S2-231598642,S3-744990961
S1-576769233	S3-371536775,S3-922184022,S2-81048682,S2-403479017
S1-139367218	S3-925775558
S1-324332631	S3-805036062,S2-179711409,S3-936648266,S3-963971917
S1-923390677	S3-597441982,S2-835497244,S2-578402430,S2-493153552
S1-120593324	S2-886353945,S3-266080611,S3-896810473
S1-10494997	S2-326371363,S3-171050569
S1-585488182	
S1-57266906	S3-351786219
S1-156830024	S3-546587753,S2-622409060,S2-480968494,S3-989178293
S1-865805832	S3-914539610
S1-624709931	S3-652452302,S2-635037384,S2-76916406,S2-510942172
S1-406010925	S2-740625991,S2-737130442,S2-564929340
S1-932666032	
S1-874812228	
S1-738985825	S2-300832120,S3-611992447,S2-879557082,S2-954341908
S1-604324591	
S1-917098118	S2-913937700,S2-263181872,S2-718255916
S1-199492817	S2-533277697
S1-496456188	S3-458591533,S2-720421169,S2-906294466
S1-802164817	S2-58781239,S3-87324885,S2-901956177,S2-44669149
S1-789992683	S2-677784041,S3-346596382,S3-475469109,S2-743558993
S1-828396544	S3-979508502,S2-140543318,S2-648044997,S3-972662768
S1-51751538	
S1-527149457	S3-128739742,S3-495229894
S1-226148718	S2-313735298,S3-90293250,S3-792195886,S3-860082302
S1-955237816	S3-793238453,S3-910123145,S3-192728397
S1-963266460	
S1-678739051	
S1-101275564	
S1-62642274	S2-851664053,S3-171716565,S3-226624903
S1-711546038	
S1-873507782	S3-341625139
S1-244164467	S2-94584166,S2-731261506
S1-819376014	
S1-195474144	
S1-347475758	
S1-186851893	S3-359014580
S1-862424084	S2-611168012,S2-420086782,S3-738200349,S3-824266431
S1-226965781	S2-942162149,S3-829290102,S3-937885726
S1-324497273	S2-381873481,S2-668696760,S3-165597491
S1-896191650	S3-799341144,S2-232828283,S3-142860236,S2-815423052
S1-109678469	
S1-178023881	
S1-451416977	S3-260424215,S3-353283214,S2-958785343,S2-76678580
S1-33517014	S3-610837998
S1-417093259	S2-372467623
S1-638389492	
S1-958829549	S3-300279352,S3-662870808
S1-188826444	
S1-483518623	S2-525931427,S2-295105977,S2-807840685,S3-965558854
S1-867600846	
S1-644489737	S3-651815992,S3-818142923,S2-709123629,S2-708074679
S1-43447324	
S1-986995538	S2-960672354,S3-640379165
S1-101946867	
S1-212226619	S3-25843186,S2-778127362
S1-824363179	S2-820887070
S1-555480437	S3-821827655
S1-569629471	S3-370383983,S3-163024585
S1-978813966	S2-782322310,S3-908010312,S3-123628708
S1-431931824	S3-607069562,S2-63900869
S1-665791293	S3-601934632,S3-795028291,S2-479755166
S1-380308502	S3-312627427
S1-250977921	S2-44034187
S1-846063541	S2-468293982,S2-997014307
S1-592182976	S3-484133923,S2-458781987
S1-67840954	
S1-96689967	
S1-252855468	S3-929964712,S3-275392680
S1-611492199	S2-510480461,S2-497362259,S3-85793872
S1-391765903	
S1-668853242	S2-852287053,S3-414676726
S1-102756156	
S1-54112116	S3-961617930,S3-185158575,S3-13834229,S2-195969461
S1-391642916	S2-414602654,S3-346709115
S1-805305294	
S1-65816758	
S1-35083057	
S1-762569011	S2-603001886,S3-403386389
S1-981003106	
S1-302084780	S3-118216658,S2-418917937,S3-563492142
S1-778699240	
S1-921931310	S3-763400234
S1-427021763	S2-581051547,S2-797573478,S3-66376511,S3-221231417
S1-944383604	S3-175600340
S1-648315310	S3-799990164,S3-426636835,S2-115502794
S1-735169647	S3-389143133,S2-35738563,S3-233084024,S3-948492002
S1-164899517	S2-610945761,S3-111874366,S3-971706966,S3-861892253
S1-585761445	
S1-870131289	S2-761001678,S2-156630406,S3-280540769,S2-13245260
S1-267870304	S3-505940719,S3-477384178,S2-197199828,S3-439222064
S1-824938142	S2-444605499
S1-529168193	S3-685564171,S3-171827599,S2-557600170
S1-296136582	
S1-433242372	
S1-593313158	S2-365095672,S2-195740601,S3-893190901
S1-93593706	
S1-729162598	
S1-526458480	
S1-438134748	
S1-144473813	
S1-880057337	
S1-8369061	
S1-158534901	
S1-919385857	S3-223337360,S2-841238801
S1-470304966	S3-91581323,S3-781104570,S2-249067359
S1-910344131	
S1-589374647	S3-291796381,S3-193993046,S3-136854286,S2-191452727
S1-95701980	S3-257797667,S2-191419649,S3-518713105
S1-844520589	S3-708476352,S2-344820565,S3-129316002
S1-235015840	S2-755979017,S2-226628758,S3-291554730,S3-140518839
S1-206174541	S2-946799578,S2-273543901,S3-174790499,S3-518691888
S1-291507793	S2-822944779,S2-475308366,S3-410095399,S3-650328546
S1-746497359	S2-709075034,S2-61947324,S2-128506843
S1-334490648	
S1-504459020	S3-965088610,S3-215310960,S2-915301122,S2-658131759
S1-250453620	
S1-940686669	
S1-724744731	
S1-509026858	
S1-387040913	S2-65227597,S2-151094814,S3-989021806
S1-929994499	S3-381774148,S2-42104444
S1-758996329	
S1-125237608	
S1-533979034	S3-985906448,S2-817496993
S1-861497511	S2-360512641,S2-854026013,S2-278345750,S3-177860192
S1-674714007	S3-361433619,S3-85749688
S1-496863430	
S1-917748399	
S1-759827490	S2-892275225,S2-828132717,S3-990946213
S1-899990465	
S1-832764957	
S1-455880395	S3-473988568
S1-924802396	
S1-645656281	S3-332747402,S3-25124910
S1-212023719	S2-112903844
S1-788276138	S3-841254835
S1-379917707	
S1-449197677	
S1-517675151	S3-629112518,S3-60262902,S2-384343390
S1-741875761	
S1-868559245	S2-458045794,S2-535114672,S3-830996366,S3-75365667
S1-744027427	S2-58597250,S2-245863084,S3-454507476,S3-261949255
S1-52472973	S2-580412022,S2-945433817,S3-540927858
S1-560529911	S3-507434810,S2-99987323,S2-597704373
S1-345861127	S2-767396804,S3-337197651
S1-656084498	
S1-107841885	
S1-911461584	S2-110352156,S2-157609232,S2-356696870,S2-639355640
S1-457747147	S3-625697434,S2-846430610
S1-692809693	S3-939081660,S3-451270207
S1-969903293	S3-342224021,S2-59337664,S2-332121456
S1-533076339	
S1-880760547	S3-555716974,S2-771475051,S2-185517319,S3-980598023
S1-71400794	
S1-302366733	
S1-63618814	S2-828772587,S3-410073745
S1-736858824	
S1-761695526	S3-548278340,S2-670237011,S2-714415333
S1-98638325	
S1-240385680	
S1-649672203	S2-76225608,S3-72194323,S2-347377542,S2-187199368
S1-209945900	
S1-542646116	
S1-633073388	S2-766702191,S3-94143716
S1-80854234	S2-106256769,S2-180664800,S3-477430808,S3-57428817
S1-457318158	
S1-984702092	S2-8980030,S2-767994882,S2-96380165
S1-374014448	S2-47033932,S2-7802263,S2-164290770
S1-368009792	S3-559054762,S2-414865667,S2-315494054
S1-453212830	
S1-913653785	S3-454243383
S1-70946847	
S1-841306664	
S1-438783896	S3-553589589,S2-904201943,S3-509247707,S3-135366835
S1-932071433	S2-144221175,S3-953586870,S3-84472259
S1-109150171	S2-423723567
S1-171728325	
S1-226360483	S3-103647973,S2-625996155
S1-510860285	
S1-414158439	S3-958208640
S1-352135304	S3-446137992,S3-630951196
S1-602267237	
S1-565576742	S2-966630820,S3-969415758,S2-43828415,S2-376577070
S1-585647572	
S1-881666223	S2-945552801,S3-793696511,S2-362016002,S3-940358891
S1-691715821	S3-692909581,S3-992512417,S2-524963063
S1-44035087	S2-56710469,S3-133388977
S1-59156240	S2-815306487
S1-810623701	S2-87099971,S3-635534234,S3-879637706,S3-764227358
S1-443879692	
S1-294308078	S2-665926222,S2-117417274,S3-573587525,S2-505185779
S1-625251900	
S1-465213902	
S1-486712732	
S1-590137685	
S1-520837655	S2-369856531,S3-343608623,S3-199990210,S3-599916934
S1-247034808	
S1-445340725	S2-833157720
S1-957609407	S2-252860684,S2-240791289,S3-308820263
S1-867025586	
S1-860375597	S3-962269159,S3-710243994
S1-387219394	S2-949227684,S3-566780668,S3-177160216,S3-353498
S1-770187157	
S1-272086368	S3-32692178
S1-833280448	S3-19020935,S2-274031513,S2-640033670
S1-306139141	
S1-9544753	
S1-378754135	S2-185086668,S3-603842976
S1-977936129	S3-461140665,S2-121969576
S1-590695859	S2-246685541,S2-411842208,S3-893613380
S1-918911827	S2-219705388
S1-830990261	S3-808663218
S1-789657959	S3-416570050,S2-54973168
S1-225027753	S3-647655897,S3-198027442,S3-937888765,S2-511778552
S1-301280516	S3-415704330
S1-525096804	
S1-293941636	S3-652689162,S2-641896416,S2-590968946,S2-585909659
S1-574829804	S3-651416908,S2-773151216,S3-193815188
S1-422209552	S3-256552010,S3-887587099,S2-577262580,S3-427781069
S1-171385744	
S1-603615035	S2-907254337,S3-844212339
S1-599814190	S3-743024904
S1-688583805	S3-774731856,S3-246220009
S1-32330320	S3-996128761
S1-364065485	S2-174369189,S2-19684415,S3-929960392
S1-598809389	S2-763728435,S3-475987559,S3-453201386
S1-45248390	
S1-620071616	S3-671783168,S2-98775942,S2-305017455
S1-981574805	
S1-167068422	S3-355358913,S2-531868145,S2-121918883
S1-355280340	S3-783276126,S2-535867716,S2-786255328
S1-723288140	S2-551082561,S3-919666498
S1-737644968	S2-588780045,S3-416349067
S1-824390780	S3-746888238,S2-963518267,S3-442298184,S2-440708523
S1-241266743	
S1-948297300	
S1-20516527	S2-781982485,S3-850608588,S3-706552925
S1-712546522	
S1-389809855	S3-824983299,S3-668381943,S2-419521395
S1-538819837	
S1-647794474	
S1-210068006	
S1-524343644	S2-176728739,S3-64380091,S3-716082078,S3-128634646
S1-180266400	S3-919590731
S1-975828666	S3-946355236,S3-423137311
S1-972123862	S2-292084451,S2-83026173,S2-126954637,S3-805246273
S1-741534899	
S1-479856681	S3-133662845,S3-881248091,S2-450302948,S2-103570787
S1-679700034	S3-615068807
S1-82749128	S2-275839497
S1-605673452	
S1-204169498	S2-180051850,S2-108273004,S3-128675411
S1-704062179	S3-696281629,S2-802589478,S3-698872538,S3-304574709
S1-991322121	S3-872856217
S1-57880893	S3-878642596,S3-800557862,S3-288304483
S1-42451710	
S1-773139646	
S1-302869473	
S1-653600757	S2-40171547
S1-293366779	
S1-720027974	
S1-582618273	S2-625316491,S3-92816373
S1-897632786	
S1-204755458	
S1-835744600	S2-314322912,S2-283827587,S3-71177329,S3-939767154
S1-558946142	S3-90270207,S3-283438329
S1-927259830	S2-221522319,S3-182493785,S2-523550181
S1-340526584	S3-434731917
S1-487586198	
S1-910330454	S3-909844061
S1-432515595	
S1-572293271	S3-253678359
S1-555668237	S3-158428654,S2-500214314
S1-603687295	
S1-496199295	S2-774285340,S2-236180130
S1-593136744	S2-330316221,S3-794513932,S2-151342066
S1-141903080	S2-521973149
S1-295801565	S2-381319472,S2-779328265,S2-203401529,S3-255022179
S1-323681934	S3-594278058
S1-732984199	S3-369647517,S3-884482893,S2-303576272,S3-203479611
S1-155620832	S2-447771040,S3-671572070,S3-428630448,S2-308243085
S1-122838063	
S1-551528447	S2-961236214,S2-849519692,S3-52542025
S1-898839274	
S1-227284506	
S1-13260637	S2-403357763,S3-371915520
S1-828194075	
S1-864211800	
S1-636009262	S2-563521718,S3-711653901,S3-24724638,S2-145597614
S1-894946994	
S1-976509989	
S1-589435015	
S1-373370157	S3-587176821,S3-950542656,S2-741934763
S1-993999998	S3-842956994,S3-108193562,S3-832966266,S2-515981838
S1-575706096	
S1-790745362	S2-486112444,S3-330777933
S1-170082845	
S1-27344834	
S1-35826622	S2-770558247,S2-671423827,S3-561794966,S3-142501317
S1-29116597	S2-789555156,S3-361403960
S1-334270524	
S1-990497307	S3-238291079,S3-139441336
S1-86393413	
S1-991565812	S2-493990139
S1-381463888	S2-979974084,S2-632389626
S1-907642928	
S1-432659656	
S1-230189963	S3-502988283,S3-238072860,S2-438270512,S3-326290090
S1-354990166	S2-968655570,S2-160592854
S1-439268989	S2-456069627,S2-353741607,S3-97682099,S3-275730023
S1-645626593	
S1-116858963	S3-181244967,S3-174124852,S3-138663378,S2-741554623
S1-679055311	S3-525232311,S3-833716536
S1-469472017	
S1-75245606	
S1-955566828	
S1-594471432	S3-602606016,S3-515267158,S2-588378551
S1-184501662	S2-528726521,S3-623038765
S1-84757342	
S1-479576454	
S1-309337433	
S1-270284532	
S1-568677657	S3-61379574,S2-876761599,S2-875808468,S2-611557143
S1-418335535	S3-811899007,S3-629534951,S3-671853253,S2-281542113
S1-769180408	
S1-416256808	S3-965625715,S2-801681633,S3-809006585,S2-525775428
S1-93766732	
S1-155664420	S3-595724230,S3-227373654
S1-138770164	
S1-677495226	
S1-279422242	S2-174878058,S3-185495939,S3-455959773
S1-85310378	S3-435387531
S1-648616071	S3-555060392,S3-784812174,S2-726657929
S1-43201966	S2-480964330,S2-18559125,S3-605720777
S1-914319020	S3-87857783,S2-519681194
S1-60663293	
S1-893886699	S2-890864034,S3-678625032
S1-572734304	
S1-801655644	
S1-926371257	
S1-642530941	S3-775208964,S2-454858148,S3-445865880,S3-960132491
S1-54123420	
S1-830380072	
S1-654684883	S3-251460510
S1-179450916	S3-775875304
S1-909032849	
S1-433627901	S2-945943925,S2-609875300,S3-609901908
S1-997194154	
S1-296986070	
S1-58386411	
S1-387660381	S2-197856670,S2-757963892,S3-793970550,S3-160152644
S1-14418889	
S1-962540259	
S1-479862383	
S1-546496030	
S1-536315924	S3-96444164,S3-979826065
S1-840921184	
S1-921620044	S3-898750972
S1-547062323	
S1-799781528	
S1-879141595	S2-551629229,S2-932571247,S2-889944964,S3-242543327
S1-996349260	S2-618849370,S2-56443552,S3-613501379
S1-249259924	S3-454856499,S3-849701884,S3-166482980
S1-190003260	
S1-213731501	
S1-76531232	
S1-300982791	S3-941743338
S1-107216619	S3-438404710,S2-108965841,S2-620255335
S1-751986595	
S1-712708889	S3-739718106,S3-634875131,S3-418677516
S1-745160049	S2-905078752,S3-835763021
S1-226325152	S2-192952319,S3-245699806,S3-552299567,S3-268320705
S1-60190495	
S1-791354794	S2-533434822
S1-483977143	S2-469365565
S1-833693240	
S1-956909307	S3-453179029,S2-514700472,S3-665953244
S1-354364494	
S1-388723970	S2-188164469,S2-122492292,S2-36766540
S1-829576345	S3-607733376,S2-275559851,S3-924207911,S2-121402884
S1-251478370	S3-898441576,S2-934859898,S2-480517996
S1-360432268	S3-306514850,S3-431009047,S2-75111597
S1-690718478	S2-367638246,S3-105630600,S2-217581050,S3-13069900
S1-334140880	
S1-531513961	S2-272842939,S3-742235498,S3-615885931,S3-769138599
S1-642219288	S3-892183970,S2-767615534,S2-498126685,S2-761132508
S1-402607609	S2-176559371
S1-853938912	
S1-705238888	
S1-722425904	S2-63499974,S2-530578282,S3-133269372,S2-745052484
S1-621593329	S2-851565175
S1-571602307	
S1-418893596	
S1-290859193	S3-658219614,S3-58275850,S3-402391964
S1-981041321	S3-808173101,S2-385059926
S1-215080179	
S1-23595069	S2-52081446,S2-944419544,S3-694347952,S3-38446901
S1-415749377	S3-820481622
S1-81704402	
S1-587059362	S3-859433979,S3-537071896,S2-586694757,S3-684902766
S1-13805649	
S1-475976990	S2-567453266,S3-776243549,S2-377577016,S3-994759043
S1-11647218	S2-764322915,S3-878555228,S3-360064287
S1-645109748	
S1-473862140	
S1-369611801	
S1-259333096	S2-584517154,S3-760518566
S1-371761202	
S1-979727869	S3-222706503,S3-931223842
S1-528965402	
S1-291400394	S3-47975465
S1-861994402	S2-861933923,S3-968281084,S2-716042121
S1-911352251	
S1-207176069	S2-532987477,S3-385943049,S3-242817310,S2-50048287
S1-810199707	S3-455367386,S3-409902326,S3-594160963
S1-115842098	S2-96753888,S3-382797807,S3-245233996
S1-950155068	
S1-118263169	
S1-500961625	S3-859160253
S1-579509701	
S1-362858467	
S1-795463802	S3-140930593,S2-927183661,S3-242071823,S2-976474903
S1-137736431	
S1-103450551	S3-269589137
S1-132509156	
S1-168540558	S3-499815463,S2-206591534
S1-783127731	S3-671971345
S1-64828874	S3-761841086,S2-2845893,S2-25851454,S2-503840568
S1-498827706	S2-713820501,S3-866205621
S1-507189258	
S1-259957902	
S1-60317612	S3-741025733,S3-142668313,S2-816429496,S2-800401793
S1-340575356	S2-923352554,S3-880882520,S3-608387778,S2-64101210
S1-937819709	
S1-380143444	
S1-556375415	
S1-294865850	S3-502670843,S2-420470739,S3-799402931
S1-558082922	
S1-158187798	
S1-401445698	S2-704469209
S1-306087276	
S1-425949122	S3-695594896,S3-632308934,S2-953775389,S2-209901677
S1-326077294	S2-680485530,S3-872451909,S3-718954514,S3-702452494
S1-526853202	S3-149029592,S3-58157776,S3-291839051,S2-261038769
S1-408178980	S2-334304157
S1-280218136	S3-530355543,S3-795647218
S1-450171112	S3-154783935,S2-599772244,S2-431727816,S3-579809320
S1-45812464	
S1-260242044	S3-805842531
S1-111127362	
S1-160119349	
S1-416307379	
S1-517125810	S3-184295173,S2-890605238,S3-86262715,S3-76219937
S1-96386421	S3-241326990
S1-941214089	S2-801630262,S3-152026185,S3-297555987,S3-459134185
S1-557114121	
S1-426852381	S2-419185072
S1-912077707	S2-277718494,S3-779340936,S3-857602496
S1-522940895	
S1-811593795	S2-833965685,S3-807593715,S2-246448950,S3-932588213
S1-264626065	S3-566301889,S2-241650991,S3-990163046
S1-646316268	S3-90458089,S3-723200916,S3-545957913,S2-273831289
S1-643924771	S3-966682870,S3-891188207,S3-919530848
S1-584001228	S3-503112810,S2-311150640,S3-391508627,S3-230927409
S1-397012839	S3-978629745,S2-912534034,S2-798322301
S1-767837030	
S1-137218292	S3-431439541,S3-669905739
S1-721162408	
S1-786648961	S3-328700408,S3-139717537,S2-193469585,S3-958978216
S1-338385622	
S1-346042682	S2-744605779,S3-176783302
S1-303462980	S3-874207234,S2-191518994,S2-215696717,S2-161249589
S1-514017561	
S1-368089624	S3-209657917
S1-818250328	S3-914190755,S3-3745037,S3-909626040,S3-693986159
S1-119815187	S3-966004459
S1-387417068	S2-928824310,S2-761061239,S2-14805613,S3-423577520
S1-232265806	
S1-282688165	
S1-500420582	S3-921062935,S3-437259259
S1-169277057	
S1-873845871	S3-522235922
S1-325533240	S3-405826508,S3-249053633,S2-688423055
S1-223354086	S3-946435643
S1-656889993	
S1-393304667	S3-620574907,S3-81659481
S1-13606585	S2-334340000,S3-685337391,S3-207767992,S2-677031396
S1-431682374	S2-273941902,S3-242274487,S3-860547659
S1-692116726	
S1-213951654	S2-649528201,S2-700514384,S3-631202090
S1-556380000	
S1-518906031	S2-582268156,S3-270660339,S3-99120398,S3-493004229
S1-533108986	
S1-350214688	
S1-179423242	S3-832631981,S3-874601985
S1-542828369	
S1-610108125	S3-33491880
S1-982451220	
S1-135914986	S2-307825092,S3-752842269
S1-901378359	S3-581369234,S2-700853480,S2-451355378
S1-797254338	
S1-944461353	
S1-334460510	S3-67419694,S2-655935873,S3-348828043
S1-548715497	S3-794268887,S2-87022827,S2-425825393,S2-701297081
S1-540880638	S3-412786940
S1-578031773	
S1-779945416	S2-998993160,S3-880298979,S3-677132458
S1-711470423	
S1-761078623	
S1-270490008	
S1-659562416	S3-936998524,S2-929473606,S2-401119330
S1-302488954	
S1-467839096	S2-402197422,S3-293641083
S1-306712780	
S1-373638246	S3-705258868,S2-456775288
S1-879752002	
S1-971948846	S2-357686855,S3-352716667
S1-2427289	
S1-712258881	S3-902967406,S3-117112861,S3-496300815,S2-69975825
S1-34881321	S2-154640233,S3-105391895,S3-310231174,S3-124154044
S1-493813425	
S1-572026908	
S1-404638036	
S1-691355823	S3-189241587,S3-889899689
S1-961962987	S3-885512265,S2-610543372,S2-511347734,S2-466247299
S1-576952777	S3-755241932,S3-286008073,S3-231895653,S2-869354123
S1-440485356	
S1-267382562	S2-861127781,S3-380201624,S2-733481015
S1-450105751	S3-442718022,S2-726865139,S3-182154417
S1-262838251	S2-596792077,S2-729818707
S1-565614399	
S1-513268727	
S1-735816174	S2-755947415,S2-133465662
S1-268706640	S2-658700514,S2-530964785
S1-401162683	S2-275461150,S2-551004747,S2-249756416,S3-920739211
S1-726141531	
S1-534565034	S3-824176080,S3-453294766,S2-603702414,S3-838518882
S1-548731322	
S1-629594760	S3-772130831,S3-751529013,S2-901415937,S2-252366348
S1-287682229	S3-923121767,S3-543701002,S3-276240962,S2-524654162
S1-496628636	
S1-933058647	S2-362426765,S3-557753037,S2-882940362,S2-584380862
S1-226175467	
S1-16548849	S2-534962374,S2-811935022
S1-791732466	S3-587468246
S1-554085429	S2-364438745,S3-279463539,S2-597123847,S2-686819285
S1-944743571	S2-738889346
S1-255902696	
S1-605991963	S3-440211635,S2-618201506
S1-487553403	S3-462631911,S2-767687465
S1-432558108	S3-96056740,S3-73330398,S2-553831843,S2-562058447
S1-76514400	
S1-13569942	
S1-945077822	
S1-459334038	S3-42758064
S1-582622582	S2-241016789,S3-234464326,S2-394858252,S2-6389359
S1-76291450	S3-696434471,S2-700755648,S2-462641911
S1-117571985	S3-899232887,S3-615220310
S1-931739278	
S1-344887332	S2-526145926
S1-556910618	S3-920226718,S3-699001496,S2-587779227
S1-286449711	S3-132693477,S3-941849419,S2-822433018,S3-583701092
S1-841035694	S2-453940771,S3-988081998,S2-878648165,S2-265323150
S1-650048036	S3-46400153
S1-611282216	S3-747955103,S2-784943981,S2-145715769,S3-789114583
S1-196046125	
S1-5420608	
S1-518914872	S2-491425961,S3-221151155
S1-769283650	S3-498453031,S2-652217241,S3-640509614
S1-292512921	
S1-995685505	S2-518044043,S2-500367356,S2-112642973,S3-7132060
S1-728797060	S2-530402802
S1-67475314	
S1-523117893	S2-861535228,S2-538983195,S3-95900973,S3-361800015
S1-559301267	S3-155120184,S2-193542534,S3-956753634
S1-142891374	S3-219409711,S3-227006382
S1-355150834	
S1-798130227	S2-319288018
S1-72092250	
S1-769679634	S3-288529188,S3-717341859,S2-562663819,S3-803823029
S1-843927105	S2-707292933,S2-806374648,S3-612646946,S3-669536377
S1-531125011	S3-647652510,S2-62138245,S3-83164306,S2-61793739
S1-21445105	S2-897487158,S3-683684991,S3-637369468,S2-775167270
S1-471119899	
S1-313075054	
S1-376650880	S2-753124089,S3-50299743,S3-253617509,S2-513290192
S1-110923669	S3-773987195,S3-813526039,S2-134627318,S2-366787173
S1-772041302	
S1-510847318	S3-452507541,S3-915611997
S1-871028386	
S1-169554798	S2-465496417,S3-267276347,S3-744128931
S1-289809113	
S1-881698917	S2-926083516,S2-471568297,S3-596730546,S3-731306463
S1-923844919	S3-997089292,S2-314652642,S3-588106259,S2-84860636
S1-126324272	S3-611377346,S2-616838391
S1-650310397	S3-881792957,S2-174904516,S2-266048936
S1-118395524	
S1-421431318	
S1-223734056	
S1-451147688	S3-892765833,S3-860272426
S1-5035018	S3-679487330,S3-123198051,S2-105842879,S3-834388684
S1-493521358	
S1-32934710	S2-991562497,S2-586000385,S3-707866556
S1-760099577	S3-407090612,S3-250856144,S3-522145137,S3-199396224
S1-412603452	S3-285167148,S3-602268543,S2-586495380
S1-449125375	S2-304791481,S3-355402862,S3-596952756,S3-482729906
S1-799469029	
S1-295744811	S3-886651848
S1-86719900	S3-222323297,S2-13648082,S2-936452316
S1-774201921	S3-473548903,S2-294096267
S1-300872035	S2-150904442,S2-203871160,S3-489379181,S2-377948970
S1-849849620	S3-816093755,S3-18049720,S3-315500114,S2-239428438
S1-699761192	S2-892075747,S3-448892197,S3-60364851,S3-110021857
S1-941995215	
S1-721971723	S3-492604044,S2-103065549
S1-38676381	
S1-779567196	S3-31516011,S2-946249832,S2-89543355
S1-652045113	
S1-422724693	S2-744676400,S2-634428193,S3-735201653,S3-572515241
S1-524739264	
S1-799760269	
S1-938735914	S2-89882306
S1-793112176	S2-281564528,S3-516104492,S3-701281827
S1-968449873	
S1-264172093	S2-142337124,S2-507824366,S3-779751915
S1-684564127	S2-273296431,S2-303198112,S3-231016619
S1-85548212	
S1-568483103	
S1-41791162	S2-359894661,S3-11407257,S3-92836839
S1-693568205	
S1-157781335	
S1-106150132	
S1-880343764	
S1-509094829	
S1-881261041	S2-294682062,S3-880516745,S3-489151848,S3-260355333
S1-219564056	S2-411520446,S3-209914036
S1-795932272	S2-938935789,S3-810297393,S3-273581732,S2-654508278
S1-647298059	S3-750218581,S2-443491079
S1-421282609	
S1-679942366	S2-794470991,S3-908742342,S3-841335527,S2-720111356
S1-846493693	
S1-664851124	S3-231149345,S2-829185969
S1-232971943	
S1-921830459	
S1-904705776	
S1-747797903	
S1-412087365	S3-88895770,S3-9199395,S3-906491267,S3-670711982
S1-344711646	
S1-123299128	S2-859949858,S3-531611140,S2-596417945
S1-89062229	S2-817894253,S3-406874252,S2-736193140
S1-796208328	
S1-75449157	
S1-722328981	
S1-242669989	S2-494896911
S1-961525767	S2-479828880,S3-383474029,S2-831648150,S3-962159748
S1-557910378	
S1-195036464	S3-539125024,S3-705743654
S1-827003387	S3-787714352,S3-750295065,S2-764546784
S1-675358224	S3-123638422,S2-59913369,S3-859819777,S2-804480388
S1-914678111	S2-801786884,S2-161988664
S1-196950383	
S1-633233150	
S1-999366239	
S1-742705075	S2-676483097,S3-617771998,S3-977281328
S1-431611436	
S1-92494157	S3-611865286,S3-625632795
S1-930214060	S3-308910988
S1-798592206	
S1-380478876	S2-212007247
S1-173773952	
S1-468973071	S3-63298745,S3-416556429,S3-25363201
S1-328720084	S2-536124238,S2-472271372,S3-291759881,S3-165018079
S1-738592083	
S1-9129229	S3-981011255,S3-459846416,S2-427802974,S3-624208880
S1-527237473	
S1-206479303	S2-706127527,S3-874021854,S3-243401299,S3-610207860
S1-883162577	
S1-301089392	
S1-498743506	
S1-113418098	
S1-34566680	S2-249288492,S3-135538263,S2-162099061,S3-64328360
S1-958107450	
S1-266378943	
S1-512261097	S2-649132060,S2-24235684,S3-825672716
S1-122786122	S3-22548950,S2-131985904,S2-954608566,S3-80765780
S1-421640561	S2-394346920,S2-805445985,S3-691958537,S3-691512626
S1-845749412	S2-142674026,S3-493949390
S1-340154732	S3-436052558,S3-676043389,S3-410089440
S1-286745976	S3-896311930,S2-419629957
S1-8301391	S3-266185031,S3-274928706
S1-245169794	S3-338967553,S2-229917676,S2-69379120,S2-921521328
S1-637801827	S3-54484821,S2-497824220,S3-9757902,S3-608126010
S1-716306681	S3-501500660,S3-749631298,S2-616777022
S1-230434557	S2-910184473
S1-673452743	S2-925832697,S3-936835855,S3-531711897,S2-256662533
S1-395149117	
S1-477384246	S3-521738044,S2-976023498,S2-948044399,S2-931624289
S1-461967174	
S1-495072773	
S1-978368774	
S1-485248414	S3-517433112
S1-471633987	S3-263530086,S3-829907065
S1-660038606	S3-893272254,S3-755699323
S1-688631902	S2-623749517
S1-124880228	S2-682569432,S2-150654727,S3-836475323
S1-21646323	
S1-371542922	
S1-218564416	
S1-604994434	
S1-999769347	
S1-270864804	S3-910180106,S3-239690941
S1-145536348	
S1-131657952	
S1-886402894	S3-780756044,S3-788714045,S2-144018514
S1-618809664	S2-69290362,S2-360378750,S3-897667931,S2-651559416
S1-448790994	S2-522580440
S1-511782642	S2-165027713,S3-282258999,S3-664673270,S2-323935828
S1-136731780	S3-267257857,S3-860224230
S1-634961826	S2-200963243,S3-492097041
S1-764361511	S2-277809682
S1-37477686	
S1-900849684	
S1-51228454	
S1-331072870	S2-430317860,S3-720670143,S3-679092908,S3-614428198
S1-49696058	S3-647303123,S2-885568043,S2-761607325,S2-322654934
S1-115258850	
S1-153590299	
S1-20215482	
S1-899563598	
S1-280324362	S3-91980049,S2-801592559,S3-485320406,S3-942984943
S1-641977789	S3-406940179,S3-90013015,S2-127588083,S2-135655850
S1-333476437	
S1-520630575	S2-203650301,S3-491567235,S3-672111655
S1-764108500	S3-702188595,S3-676969989,S3-773093709,S2-993090330
S1-117967319	S2-912559996,S3-804259104
S1-206100395	S3-714422610,S2-503012594
S1-668577740	
S1-594618119	S3-923210547,S2-798176786,S2-703766920
S1-539231621	
S1-442579774	S2-855547712,S2-658054931,S3-989103259,S3-674619229
S1-514805781	S3-63042896,S2-44920402
S1-709077849	
S1-201176505	S2-456599791
S1-431162760	S2-837131219,S3-333015034,S2-727894472
S1-894762639	
S1-492233515	
S1-575480130	
S1-286438553	
S1-519555256	
S1-672402811	
S1-449392783	S3-398596402
S1-273350151	S3-150139218,S2-844191638,S3-602586397
S1-886209034	S2-524882804,S3-161582995,S3-992426215,S3-471302008
S1-582288737	S2-456741149,S2-145637310,S3-969598282,S3-553885292
S1-596683164	
S1-205194743	
S1-398502823	
S1-581578244	
S1-856815976	S3-991123027,S2-88274342
S1-36194622	S3-162561293,S2-109888228
S1-461278831	
S1-166406757	S3-459115912
S1-818430522	S2-295230682,S3-68367272,S3-197208378,S2-476659037
S1-190625496	
S1-280066999	
S1-143538664	S3-45500748
S1-659994758	S3-604597954,S3-196662894
S1-47148778	S2-563164025,S3-17612771,S2-761404392,S3-238556844
S1-39271983	S3-959452798,S2-847492360,S3-990306742
S1-711626331	
S1-258943854	S3-689095984,S2-124829685
S1-227387805	S3-621669149,S3-71479402
S1-43271954	S3-334924945,S3-839861282
S1-802028857	S3-479303567,S2-509568839
S1-391506050	S2-72431805,S3-784973748,S3-409162853
S1-652912337	S2-949390286,S3-862996257,S3-374389834,S3-14961854
S1-691326555	S3-776069501,S3-285111817
S1-511755488	S2-835047380
S1-23164160	
S1-75076940	S2-123026241,S2-583817173
S1-923958456	
S1-627746471	S3-88891846,S2-253888692,S2-810527604,S3-954830234
S1-383913157	S3-325609353,S2-804519322
S1-281610105	S2-749595501,S3-479621383,S2-44014772,S3-561270232
S1-783143325	S2-355318140,S2-782325100
S1-484936979	S3-844330814
S1-367541804	S3-772572914,S2-890773581
S1-689836725	S3-937879704,S3-699234621,S2-571537571
S1-949539022	S2-119608628,S3-526830241,S3-45523231,S3-1526234
S1-823537648	
S1-9101600	S3-102398543,S3-18502086,S3-856407348,S2-354499783
S1-861658996	
S1-332767604	S3-440786429,S3-87785442,S2-394268066,S2-198524157
S1-73588982	S3-709843844,S2-779307400,S2-605104978,S3-42027258
S1-607833177	
S1-74801601	S3-834408868,S3-971535400,S3-127658348
S1-778575498	S2-991518198,S3-926567760
S1-73712138	S3-273899531,S3-868566769,S3-107226209
S1-986235190	S3-820689858,S2-696763105,S3-196475896
S1-978702396	
S1-67672213	S2-994918807,S3-459834473,S3-705751049,S3-820388386
S1-119979065	
S1-324599088	S3-731801376,S2-839631593,S3-312236076
S1-902159973	S2-926655540,S3-408238598,S2-924232756,S2-886999671
S1-363862209	S2-840578493,S2-569077157,S3-60055424,S3-718046690
S1-977262475	S2-276290174,S3-470373400,S2-794168695
S1-933010055	S2-186904281
S1-201056196	
S1-828689949	
S1-553295677	S3-917650302
S1-225970445	S2-888791047,S3-368601754
S1-835751712	S3-915530111,S3-605334619,S2-353283798,S2-308360435
S1-823219966	S3-980159602,S3-473686067
S1-761823239	
S1-656953683	
S1-535313628	
S1-156808084	S2-189156,S3-91240707
S1-50749286	S3-22100033,S3-829154079
S1-304186944	S3-378362507,S2-713378964,S2-230965231
S1-470420826	S2-914092275,S3-542642586
S1-24869771	S2-564816367,S3-923232797
S1-801316158	
S1-986638237	S3-215320223,S2-340787077
S1-9455494	S2-60480307,S2-296135830,S2-576380188,S2-572754238
S1-442473865	S3-606925215,S2-82067251,S3-329072352
S1-358446008	S2-255617938,S3-637399229,S3-556169169
S1-165813983	
S1-316772053	S3-893364068,S2-299215658,S2-530649822,S2-82323208
S1-63121824	
S1-4127653	S3-481119419,S2-828219376
S1-990297398	
S1-927944253	S2-71045928,S3-247940107
S1-941687402	
S1-588080870	S3-313535522
S1-279543656	S3-114502743
S1-892449463	
S1-347696132	S2-690435905,S3-68952521
S1-324959964	S2-147962825,S3-683555639,S2-187259170,S2-465344576
S1-163963199	S2-558753556,S3-566757757,S2-170110043
S1-12887846	S3-426142057,S2-733853593
S1-238534547	S3-80745133,S2-733595132,S3-970934135
S1-141404499	
S1-382265303	
S1-871557364	
S1-946368441	
S1-620242504	S2-757805989,S3-771141631
S1-12304107	
S1-292386096	S2-923973879,S3-785726975,S3-534876734,S3-362552428
S1-816947774	
S1-441162184	S2-52401516,S3-818382526,S3-378795694,S3-275881626
S1-95168661	S2-56951225,S2-896952821
S1-408264410	S3-287695844,S2-887890533,S2-65339302,S3-87560661
S1-826452336	S2-986560008,S2-223207253,S2-754845594
S1-176664205	
S1-546564900	S2-579694348,S3-946840711,S2-830587775
S1-801404573	
S1-991842940	S2-147979619,S2-390599083
S1-558640211	
S1-22530546	S3-517491647
S1-92778339	
S1-621690113	S3-5616089,S2-21068434,S3-190819231
S1-134168940	
S1-61099474	
S1-129461653	
S1-464059661	
S1-530528027	S3-279764136
S1-283611263	
S1-663968794	S2-792007600,S3-522888225
S1-933327692	S3-569173397,S3-802291322,S2-940717612
S1-3932052	
S1-542818159	S2-778545645,S2-70113829,S2-914303592,S3-56102371
S1-517174043	
S1-99943284	
S1-514239292	S2-176025327,S3-55456661,S2-221826246
S1-987949504	
S1-620664514	S3-90032435
S1-19978826	
S1-129370940	
S1-697881951	S2-6627160,S2-676425507,S2-398672412,S3-595256925
S1-744740161	
S1-508426976	S3-876475194,S2-296086557
S1-677906011	
S1-874815623	S2-672951274
S1-992707491	
S1-445642643	
S1-988538683	S2-99440101,S2-917343348,S3-370862122,S3-289375129
S1-215105333	S3-599303798,S3-566421829,S3-158847750,S2-608063803
S1-17698744	S2-932453837,S3-704714479,S3-32634659,S3-744015131
S1-934428648	S2-955466345,S2-883035158
S1-147169549	S2-495116499
S1-844993400	S2-828594933,S3-676159512,S3-366230508,S2-771733529
S1-109041838	
S1-684896211	S2-113470318,S3-407218139,S2-341064607,S2-155792177
S1-910344724	S2-812386306
S1-158984490	
S1-327231936	
S1-629217537	S3-830811143,S3-226967105,S3-650691635
S1-367345499	S2-342551558,S2-450444877
S1-687754783	S3-719560914,S3-764266738
S1-807984227	
S1-327927994	S3-379334990,S2-69880379,S2-609318028,S2-557237574
S1-802012824	S3-61631404,S2-84623968,S3-3360642
S1-60012707	
S1-508042718	
S1-454647131	
S1-694472192	
S1-636766300	
S1-545166494	
S1-374555583	
S1-960104799	
S1-453853482	S2-799821695,S2-872571786,S3-630858343,S3-768425140
S1-328932876	
S1-494738627	
S1-798136782	
S1-262703093	
S1-263002176	S3-586453614,S2-596171861,S3-605882303,S2-37428939
S1-411463859	
S1-146101497	
S1-437809780	S3-299501237,S3-997468255
S1-610592543	S2-5358164,S3-904543073,S3-478768834
S1-903433566	S3-794091254,S3-392610174,S3-869902846,S2-478234719
S1-566757410	S3-203688001,S3-392711845
S1-163732327	
S1-64592136	S2-999606572,S3-341277721
S1-251576996	S2-314943899,S3-687781065,S3-247744543,S3-832448264
S1-888252671	S2-650145703,S3-784934044,S2-6350147,S3-357480038
S1-558460390	
S1-180746976	
S1-541278506	
S1-435524975	S3-792108265,S3-433201741
S1-782723037	S3-617498006,S2-370619738
S1-602043389	S2-957736490,S2-36702784
S1-745846577	S3-166986623
S1-959305846	
S1-692111922	S3-285439588,S3-848890867,S2-365168422
S1-312320919	S2-825798632,S3-804374283,S3-797382882,S2-286800129
S1-633732894	
S1-313271130	S2-914683747
S1-37131100	S3-415085926,S3-885578107,S2-824083943,S3-582923070
S1-37309722	
S1-353643107	S3-110801184,S3-280888733,S2-615239230
S1-319598894	
S1-343733374	S3-604659485
S1-447639119	S3-797690240,S3-81756328,S2-900562499
S1-66046406	S3-730677027,S2-97729188,S2-855307480,S2-612349120
S1-154245596	S3-407753088,S2-44562032
S1-456476598	S2-847707200,S3-856817067,S3-510725239
S1-392780445	
S1-570485095	S2-251527343,S3-71363642
S1-879987149	S3-785585698,S2-86551493
S1-457433814	
S1-82150617	
S1-998335021	
S1-471812952	S3-696778347,S2-642646268,S2-566413433
S1-643529296	
S1-557682049	S3-566952392,S2-90482702,S2-632666142,S3-206380192
S1-930322812	S3-564243114,S3-391316476,S2-503496112,S2-365582136
S1-838787504	S3-513071744,S2-294227563
S1-671718420	
S1-612967473	
S1-108449648	
S1-135395587	
S1-953350143	S3-782335109,S2-808449005,S2-678565806,S2-558077439
S1-504807411	S3-526003399
S1-310785453	
S1-839885727	
S1-249572475	
S1-6462241	
S1-627923781	S3-982804198,S3-982299722
S1-125076915	
S1-286352539	
S1-319190849	S2-53041244
S1-289994622	
S1-427856101	
S1-89141072	
S1-930749109	
S1-698664906	
S1-625823809	
S1-16120645	S3-928530656,S2-429616108,S2-12592965,S3-444571773
S1-878066528	S2-976383970,S3-627164623,S2-417812355,S3-969622896
S1-565100983	S3-393114609,S3-31982898,S2-704286586
S1-802719891	S2-399348039,S2-950977980,S2-278350415
S1-535757430	
S1-248546626	S2-425668991,S2-197938858,S3-104225021,S3-731740762
S1-772737701	S2-127455701,S2-361694539,S2-394573432,S3-451966521
S1-193255918	S3-38185091
S1-121481489	S2-980203257,S3-157271258
S1-545303386	S2-183295495,S3-971319090
S1-346576765	S3-370811726
S1-948543119	S3-371958654,S3-27983943
S1-96994067	
S1-910909551	S3-52610505,S2-46909040,S3-376376620,S2-498321519
S1-549140032	
S1-297976127	S2-18204292,S2-425948044,S3-347422129,S2-217254369
S1-122260072	S3-468045975,S2-450893150
S1-380452762	S3-328362198,S2-725400603,S3-25999546,S2-403299886
S1-210282469	S3-135605486,S3-464794802
S1-782859558	S3-203869025
S1-349497687	S2-405812007,S2-441064619,S3-161278550
S1-544158014	S3-627622759,S3-882499238,S3-606687159,S2-694298024
S1-924761111	
S1-40110653	
S1-963453190	S3-828293704,S2-212700064,S3-365122752,S3-213490455
S1-931746988	S3-171809980,S3-505568017,S3-748382142
S1-931378071	
S1-478511482	
S1-264256220	S3-771083259,S2-783574229
S1-545037175	S3-402005357,S3-493076835,S3-658041879
S1-808455428	S2-527555825
S1-577179621	S3-961433073,S2-506719007,S2-345387900,S2-309017507
S1-219932261	S3-945472629,S2-405501815,S2-151846658
S1-500587750	S2-895360639,S2-423542515,S2-179772481,S3-314293576
S1-23545362	S2-979431978
S1-190388585	
S1-872787571	
S1-236030985	S3-988219058,S3-14241290,S2-561513199,S2-313436860
S1-49868082	S3-737111697,S3-694350005,S2-744188775,S3-765495682
S1-777065253	S3-679406344,S2-660471581,S2-579672711
S1-973740823	S3-295150257,S2-580500703,S2-73638982
S1-562225034	S2-381998521,S3-971585197
S1-220237794	
S1-849833459	S2-409723969,S3-248960095,S2-343260370
S1-107610384	S2-754980000,S2-565078322,S2-450435257,S3-90705948
S1-653597233	S3-956756586,S3-953139215,S3-862802172,S2-129997919
S1-240230205	S2-485780344
S1-376371091	
S1-200315514	
S1-62488802	
S1-642157762	
S1-688096421	S3-573053855,S3-460210037,S2-163994663
S1-140367159	S3-83595778,S3-361447877,S3-629947111,S3-227561745
S1-341634331	S3-452395543,S2-454444888
S1-543145670	
S1-601448608	S3-559174866
S1-649934243	
S1-928012674	S3-103351243,S2-158993375,S3-17202622
S1-575975079	S2-291702252,S2-775149770,S3-591691873,S3-152813790
S1-117463135	S3-724216450
S1-802461545	S2-151220701,S2-563342125,S3-969083723
S1-670831788	S2-975733535,S2-444848886,S3-815012267
S1-312148223	
S1-676908104	S2-599765888,S3-760567289
S1-353968663	S2-19211438,S2-136464069,S2-911104409,S2-782175652
S1-84748297	S2-46930283,S2-202415945,S2-167182169,S2-712400296
S1-657010577	S3-634239288,S2-962662425,S2-557069862,S2-225838629
S1-257227096	S3-257842565,S3-425394827,S3-657023714
S1-727953276	
S1-503802533	S2-767796525,S2-42384948,S2-769013693,S3-649589668
S1-634680252	S3-776466162,S3-56607514
S1-255577503	
S1-725567833	S3-283079455,S2-15768192,S2-480252334,S3-710648316
S1-648443579	S3-795443515,S2-920791446
S1-408771519	S2-183417433,S3-611246580
S1-854066810	
S1-617874691	S2-777829251,S3-267385169
S1-131915714	
S1-132510416	S2-619387919,S2-7780002,S2-726496796
S1-139617109	
S1-55520546	S2-248672462,S2-746837661,S3-46125878
S1-393265484	S2-303761176
S1-296078043	
S1-255160255	S3-891511026,S3-815256427,S2-578509915,S3-795374715
S1-439871669	
S1-497715879	
S1-365919138	S2-740858167,S2-71207587,S2-57594382,S3-875366790
S1-185762436	S3-653047171,S2-372982159
S1-694987402	
S1-368672375	
S1-445169918	S3-235917087,S3-230570518,S2-232505980
S1-152353943	S2-14936193,S3-694195289,S3-346929258,S2-836903716
S1-680830952	
S1-764937878	S2-799211301,S2-167938422,S2-152904910,S2-137131802
S1-265202638	
S1-952152356	
S1-628472733	
S1-370592099	
S1-905586298	
S1-380969748	
S1-348922150	S3-284415552
S1-970909784	S2-818025487,S2-682814654,S3-461222247,S3-874603338
S1-86971447	S3-77995189,S3-722323539,S2-322143057
S1-500176359	
S1-25669749	S3-674247059
S1-574904333	S3-218587615,S2-38416536,S2-448462545,S3-445607723
S1-68370133	S2-797163540,S2-122455983,S3-960276891,S3-195022096
S1-941058290	
S1-871378267	S3-715513859,S3-867006859,S3-626135848
S1-937946329	S3-301336849,S2-115310070
S1-191429866	S3-37348016,S2-887372136,S2-931651076,S2-402605570
S1-811118088	S3-817207684,S3-390242878,S3-969662190,S2-534953463
S1-25373491	
S1-603921450	S2-828859880,S3-103686006
S1-715792007	S2-952224220,S3-562595751,S3-555774499,S3-353946297
S1-465977901	S3-633595931
S1-985624202	
S1-715824926	S3-948466889,S2-563136356,S3-981252704
S1-302361243	S3-942523444,S3-941803822
S1-648337650	S2-874488872,S2-699677496,S3-187531425,S3-198873239
S1-737259836	
S1-708132239	
S1-96640450	S2-809529986,S3-955933867,S3-287693866,S3-153698368
S1-399067134	
S1-494210124	
S1-995895930	S2-615987047,S2-673636232,S3-811795110
S1-124299120	S3-795173295,S3-337859092,S2-18546183
S1-14301301	S2-458139737,S3-459140572,S3-767247716
S1-775930399	
S1-736561755	
S1-822004188	
S1-840652324	S2-309907791
S1-817341090	
S1-529228023	
S1-815742574	
S1-598625334	
S1-69863971	S3-215284029,S2-511320072
S1-465386362	S3-968624781,S3-459137595
S1-663700021	S3-410319009,S3-19884600,S3-175897629,S2-862363372
S1-461820529	
S1-580172382	S3-11424646,S3-918902965,S3-451203067,S2-844348871
S1-710175601	
S1-588123783	S3-1053825,S3-871695720
S1-801251924	
S1-159911707	
S1-687994062	S2-175650161,S3-502949839
S1-958092192	
S1-824315686	
S1-1770788	
S1-884451936	
S1-204554217	S2-623957591,S3-95342675,S3-599118800,S2-778369571
S1-348129212	S3-816851518,S2-282213193,S2-606011807
S1-529060204	
S1-461380420	S3-907235077,S2-526432715
S1-425369869	
S1-275989944	
S1-893608519	
S1-294132572	
S1-796709576	S2-611331035
S1-925765629	S3-410130996,S3-565728605,S2-902867470
S1-273223115	S2-512916812
S1-728103567	
S1-223424468	
S1-641328453	S3-623483570,S3-771142862
S1-970344803	S2-17681063,S3-244971798
S1-727623841	S3-319880648
S1-112288376	
S1-905462565	
S1-978094946	
S1-607148548	S3-38329145,S2-42235900
S1-469834763	S3-638305339,S3-508065531,S2-981505255,S2-2087771
S1-641421053	
S1-714552050	S3-846899978,S2-85389311,S3-826250141
S1-836639502	S3-622792021
S1-392244723	
S1-495337151	
S1-651182384	
S1-291491565	S2-149254846,S2-367712692,S3-751464369,S3-562199509
S1-80214562	
S1-920276386	S2-763644181,S3-40129073,S3-296437098,S2-520613597
S1-504162734	
S1-629984228	
S1-548638107	S2-931962966,S2-515202295,S2-826977841,S3-664726007
S1-318367237	S3-67581419,S2-333146517
S1-776893692	
S1-841014000	S3-170774292,S3-623490692,S2-413765974
S1-160376734	
S1-123182549	S2-280084620,S3-716496300
S1-109213330	S3-202823241
S1-486698744	S3-143210918,S3-542901345,S3-912087785,S2-866395461
S1-538750183	
S1-720662390	S2-111419729,S3-517111312
S1-53232612	S3-969187148
S1-304624322	S3-715877163,S3-973472126
S1-540475391	S3-552913914,S3-937193214
S1-844226052	
S1-739762191	S3-406713116,S3-9115230,S3-506351552,S2-553628641
S1-959622415	S2-610294233,S3-874034961,S3-249685409,S3-948078025
S1-331209523	
S1-730317294	
S1-889642180	
S1-921232929	S2-872662210,S2-673855406,S3-885930588
S1-150950788	
S1-244034621	
S1-999563757	S3-745873598,S2-556569740
S1-470293464	S3-127528219
S1-941471977	S3-807297614,S2-751369342,S2-557641409
S1-457086133	
S1-747848542	S3-361793770
S1-170303602	S3-799865549,S3-562367316,S3-105675342,S2-587948740
S1-722650052	S2-141952510,S3-672557970,S3-674402206,S3-613098018
S1-899910358	
S1-421203020	
S1-180273939	S2-447815296,S3-690624039
S1-858175024	S3-223490075,S3-797545630
S1-634281650	S3-344249773,S2-73873623,S3-301491246
S1-376360962	S3-694318092
S1-369667894	
S1-366676174	
S1-982474035	S3-19528599,S2-539347666,S3-230231271
S1-211193911	S2-429337141,S3-811830423
S1-480993335	S2-106676603,S3-276492175,S3-272118655,S2-951342810
S1-144005965	
S1-341251280	
S1-605587148	
S1-891298981	
S1-356487211	S3-699473450,S2-344052013,S2-74188134
S1-848473074	S3-714845001,S3-442833188,S2-72161333
S1-151558822	S3-710460893,S2-811096787
S1-673305431	
S1-475294601	
S1-447172502	S3-925849186,S3-523281766,S3-219234396,S2-914536377
S1-807106072	S3-351599079,S3-842696306,S2-827166378
S1-263574219	
S1-143336525	S2-358257482,S3-337370983
S1-937963758	
S1-625264150	S2-882152258,S2-721428343,S2-430172056,S2-328331224
S1-809317915	S3-864228470
S1-199061319	S2-937466119,S3-679222617
S1-92500304	
S1-176044831	S3-296271932,S3-293626864,S2-515082290
S1-416213488	
S1-518517103	S2-213009255,S3-410624322,S3-250567675
S1-805374180	S2-636926506,S3-698313205
S1-223262690	S3-316967474,S2-175940275
S1-644091536	
S1-29252144	S3-713896723
S1-85688403	S3-775975108,S3-211516341,S2-104922197,S3-695383592
S1-288536730	S3-208259193,S3-993759247
S1-172935800	S2-254703136,S2-952810233
S1-618312367	S3-784935345,S3-875712140,S3-332864923
S1-276458850	
S1-201199533	S3-191225495
S1-131575680	S2-660475350,S2-17130691
S1-983437346	S2-368517568,S3-375788357,S3-798858622
S1-429005091	S3-704208591,S3-920200804,S3-15132717,S2-282372132
S1-755741382	S3-784406446
S1-420593437	S2-816707121,S3-59409614,S3-432067663
S1-320640627	S2-456625320,S2-57820033
S1-602335610	
S1-368435653	S3-261137091
S1-550872737	S3-852771322,S3-763703561,S2-614144741
S1-196815147	
S1-232391007	
S1-606518847	
S1-723241812	
S1-474298120	S2-307903964,S3-65337317
S1-308927170	
S1-982188753	S3-615074786,S2-939734928,S3-601815762,S3-93253491
S1-535119946	S2-305664338,S3-567559811,S3-770626113
S1-405843620	
S1-156243181	
S1-410926478	S2-472604328,S3-275306686,S3-212695644
S1-108545243	S3-731297429,S3-967703154,S3-779324146,S2-17259284
S1-759562098	S2-161044655,S3-524636168,S3-198293329
S1-547498254	
S1-71306546	
S1-492645104	S2-65324329,S3-174283213
S1-42042524	
S1-153291532	S3-605269602,S2-90167210,S2-884394585,S2-508590872
S1-683643983	S2-904703445
S1-55289335	
S1-993584073	S2-473426971,S3-124437852,S3-731441142
S1-31717274	
S1-182647312	S2-647984131,S2-460433199
S1-33285086	S3-53232107,S2-855019996,S3-985665597
S1-216430967	
S1-713909520	
S1-776201670	S3-346258977,S3-202602296,S2-911672942,S2-683266155
S1-207222009	S2-854316922,S3-651264370
S1-83999047	S3-971519011,S3-300755970,S3-930017437,S3-801840086
S1-365041522	
S1-343646861	S2-252260239,S2-410576376,S3-488718312
S1-960033060	S3-821394759
S1-582963333	S2-551459870,S3-662284553,S2-859938125,S2-862019211
S1-356294892	
S1-965412485	S3-14108540,S2-922659493,S2-775337716
S1-139789005	S3-294604409,S2-333593636
S1-580818124	
S1-852447013	
S1-964507565	S3-858193977,S3-126239854
S1-580736005	S2-501956989,S2-794041246
S1-928582333	S3-611023036,S3-751324002,S2-930831472
S1-982814503	
S1-52150401	
S1-911280877	
S1-772382222	
S1-891818000	
S1-354415073	S2-750955197,S3-178890717,S3-857641861,S2-422726502
S1-647353298	
S1-165570434	
S1-876301536	
S1-850261622	S3-108709165,S2-821048582,S2-509942380,S2-399370655
S1-274910051	S2-354461987,S2-412039314,S2-620985941,S3-106407977
S1-103348007	S2-235090701,S2-579049843,S3-201603864,S2-873410605
S1-409410693	
S1-566667517	S2-286398086,S3-866623893
S1-679329797	
S1-323799240	S2-167796257,S3-857766845,S2-895460283
S1-211929576	
S1-813604725	
S1-214769948	S2-44341701,S2-589576588,S3-655043052,S3-119547099
S1-51952871	S3-330755193,S2-153618763
S1-713351753	S2-370298618,S3-179373575
S1-48781486	
S1-965915234	
S1-284634450	S2-429120262,S3-118062151
S1-966028513	
S1-343179927	S3-145908300,S2-416940458,S3-345701251,S2-272261047
S1-591531579	
S1-666456518	S3-457962521,S3-701123432
S1-549631784	
S1-677323187	
S1-126744846	S2-115176741,S2-106499555,S2-856778903,S3-891779755
S1-439283833	
S1-13273639	S3-379113608,S3-962927216,S3-717959845
S1-232774005	
S1-188602259	S2-214930098,S3-454615264,S3-40872537
S1-442047963	S3-559654590,S3-573658374,S3-154597777,S2-984752972
S1-760949277	S2-84340802,S3-443718086
S1-8002069	
S1-320454791	
S1-557997870	S3-832304981,S3-54978908,S3-399138067
S1-105581782	
S1-292957286	
S1-323567071	S3-298189346,S3-915309414,S3-211994213
S1-993354558	S2-692255518,S3-116683921
S1-421538950	S3-118596428,S3-410024689,S2-528646343,S2-264002312
S1-431128586	
S1-344333966	S2-971041106,S2-899207795
S1-65858086	
S1-158433780	
S1-25413030	
S1-205585935	S3-230270506
S1-601374668	S2-540569245,S3-523089482
S1-467075248	S3-214283152,S2-667029175,S2-30222483,S3-432511374
S1-654666070	
S1-659292880	S3-143863777,S2-446612275
S1-415073515	
S1-98016086	S3-664209659,S3-437334168,S2-713532692
S1-444347782	S2-160901913,S3-692581453,S2-211967063
S1-996316293	
S1-489967390	
S1-164840410	S3-979110639
S1-891527132	
S1-955083428	
S1-27995956	
S1-721022297	
S1-382688481	S2-327426361,S3-895824133
S1-729954343	S3-244178760,S3-115468846
S1-362140494	
S1-348333392	
S1-563177038	
S1-742570523	
S1-795965335	
S1-568232914	
S1-633743580	S2-710840086,S3-298488973
S1-875689452	S2-350415626
S1-889661409	S2-822526222,S2-246848352
S1-122243058	S3-967364504,S3-278475296,S3-401158881,S2-726454878
S1-702662686	
S1-134688468	
S1-322512349	S3-292622098,S2-792783357
S1-709162338	S3-864005517,S2-66290510,S2-557083757,S3-369829549
S1-824095936	S2-130497667,S3-777410166
S1-546572224	S3-116681984,S3-402723361,S2-693190002
S1-820219601	
S1-808773829	S3-507410946,S3-677859131,S3-740683143
S1-908487435	S2-545814579
S1-489714851	S3-25495483,S3-202301612,S2-765142118,S2-711103070
S1-55513447	
S1-9654951	
S1-203238091	S3-79730516,S2-647029332
S1-165326442	
S1-792690953	S3-706588964,S2-778301602,S2-172008471
S1-76572634	S3-683803741,S3-383823117,S2-301072344,S3-817307476
S1-872412139	
S1-503973822	
S1-370274954	S3-329226705
S1-292411111	
S1-176925643	S2-345090303,S3-186824613,S3-168226121,S2-66959908
S1-858431660	
S1-810260405	
S1-452885062	S2-714366375,S3-83788486,S2-889567042,S3-318937932
S1-268378419	
S1-51755271	S3-225668181,S2-929267481
S1-996592002	S3-721983042,S2-696886760,S2-13761636
S1-753253313	S3-2836073,S2-981799786
S1-841678511	S2-603322154,S3-274248440,S2-412525679,S2-410895611
S1-368888835	S2-695798207,S3-819612357,S3-424649896
S1-446530736	S2-456950439,S3-244797940,S3-247104322
S1-749422436	
S1-817610164	S2-706823551,S2-1366262,S3-585448755,S2-901140582
S1-458431228	
S1-101185380	
S1-688945068	S2-90623436,S3-636378509
S1-220672813	
S1-61644659	
S1-498490494	S2-324321411,S2-13287523,S3-413600589
S1-164977257	S3-870190929,S3-388512991,S2-677117781
S1-943905514	S2-38004824,S3-73059073,S3-592099180
S1-480520887	S2-554735213,S3-189433394,S3-485308518
S1-877152821	
S1-154400747	
S1-337335167	
S1-483151141	S3-172296056,S2-554373881
S1-14062638	
S1-48780111	S3-900410116
S1-451381840	S3-243189489,S3-865852463
S1-425039268	
S1-717704915	
S1-417680292	S3-995391284,S3-952162544
S1-882578368	S2-42851685
S1-488127489	
S1-101250379	S3-757531064,S3-134367998,S2-795973837,S2-545580392
S1-160613012	S2-763768576,S3-373053935
S1-590753930	S3-872842200,S3-97321483
S1-931834478	
S1-32400097	S2-284025621,S3-811019052,S3-327104574
S1-411997076	
S1-44987072	S3-649051013,S3-67891846,S2-657571777
S1-856478074	S3-372392531
S1-209323158	S3-59522822,S3-670561934,S3-823867656
S1-175263946	
S1-569282680	S2-437404725,S3-693452698,S3-925707952
S1-574057027	
S1-65781506	
S1-564179213	
S1-571496760	
S1-854602191	
S1-602532006	S3-702057404,S3-462060612,S3-967702618
S1-10035069	
S1-838058779	S2-787437901,S3-863987419,S3-205813773
S1-422598758	
S1-772399155	S3-476997569
S1-310897239	
S1-513376876	S2-688363687,S3-168496881,S2-982105282,S2-944488305
S1-390036546	
S1-228760265	S3-161958780,S3-768414665
S1-554916988	S2-236758726
S1-908972628	S2-641166142,S3-297605378,S2-838108548
S1-958921018	
S1-53436654	
S1-913422866	
S1-678706970	S3-854270375,S3-203618724,S3-365740815,S3-606260319
S1-342814102	S3-869997045
S1-994699376	
S1-622499087	
S1-990558466	S3-414583248,S3-285578246,S2-667361148,S2-133178126
S1-852619626	S3-55006161,S2-911335395,S2-809815303
S1-351020560	S2-907008976,S3-27236093,S3-503506440,S3-943702663
S1-307516413	
S1-413286957	
S1-704572217	
S1-542335353	S2-97744003,S2-671282428,S2-630513373
S1-277345199	
S1-506247599	S3-602728619,S3-929817230
S1-767838872	
S1-868638982	
S1-290911078	
S1-586555939	S3-618740375,S2-228798667
S1-379104248	
S1-860484252	
S1-761321144	
S1-550160523	S2-784973653
S1-589485159	
S1-155849724	S2-429271055,S3-579576149
S1-622442512	S3-9292514
S1-540082384	
S1-870820421	S2-893021898,S3-641695787
S1-669352924	
S1-590431266	S2-997233532,S3-986890179,S3-874919593
S1-194649214	S2-540582495,S2-259002880,S3-388378967,S2-488701734
S1-319064688	S2-574214463,S3-952950869
S1-611132784	S2-613616826,S3-460201415
S1-367347832	
S1-140092423	S3-270394735,S2-873751981,S3-548303318,S3-59983981
S1-409906801	
S1-234118078	
S1-57090418	S3-415666737,S2-3787086,S3-907007523,S3-488821112
S1-530528215	S3-503015808,S2-631589560,S2-322142593
S1-361082130	S3-207469883,S2-869841891
S1-81564824	
S1-423018744	S3-788393729,S2-485707228
S1-858675276	S2-991256262,S3-811098127,S3-870641513,S3-235398196
S1-678943731	S3-92082509,S3-818677234,S3-295759050,S2-564528317
S1-544943425	S3-267868156,S3-206223019,S3-665621397
S1-122183699	S2-209311881,S2-625319729,S2-774661481,S3-951746380
S1-18873634	
S1-256944325	
S1-810291390	S2-903913706,S2-801339480,S3-398189725,S2-878155774
S1-404176340	S2-773433705,S3-442736192
S1-288962832	S2-228780156,S2-19245885,S3-278187404
S1-380523769	S2-850821227,S3-263758056,S2-343479627,S2-862763972
S1-209045519	S3-564311980,S2-194169428,S2-204540343,S3-761261223
S1-840278500	
S1-46311498	S3-441775598,S2-866122276,S2-850129473,S2-301812449
S1-561902848	
S1-762592763	
S1-605223090	S2-969747937
S1-322844324	S2-969451473,S2-968211476,S3-897732074,S3-383915147
S1-173600098	S2-488362678,S2-698746952
S1-935728117	S2-328348641,S2-852457718,S3-891090560,S2-451433619
S1-329832157	S2-933046511,S3-218934201
S1-147025407	
S1-426253314	S3-279612641,S3-245056620,S3-187305968,S2-867056171
S1-851067501	S2-876737245,S3-73414472,S2-498698889,S2-932696469
S1-671384900	S2-77692860,S3-272480901,S3-856693541,S2-325041991
S1-621837600	
S1-339616760	S3-677317833
S1-159114818	S2-595433001,S3-147132631
S1-408954317	S2-25713026,S2-141957289,S2-522071276,S2-204488992
S1-101175432	S3-451570664,S3-692490917,S2-177289554,S2-481332368
S1-808972738	S3-10532526,S2-787136991
S1-956850527	
S1-811580573	S3-271419108,S2-489151739
S1-836935410	S2-441557529,S3-128797733
S1-347411157	S3-629850231,S3-409845361,S3-96118276
S1-63933354	S3-601759313,S2-208518748
S1-875556673	
S1-185598451	S3-364807814,S2-37266341,S3-322983057,S2-969040746
S1-522201677	S3-516898708,S2-506479556,S2-439739672,S3-382775126
S1-436801960	
S1-858427791	
S1-695355927	
S1-489168059	S2-156017672,S2-174302934,S2-813621214,S3-969291555
S1-176336021	S3-122034320,S2-80509161
S1-891078728	S3-124747656
S1-890657032	S3-423347616,S3-123506972,S2-913295630,S2-423600033
S1-437719260	S2-201417737,S2-581737294,S2-455743275,S3-526664596
S1-359574494	S3-553877975
S1-711888717	
S1-721317006	S2-90481072,S3-368191523
S1-539070277	S3-180082313,S2-631308870
S1-32138852	S2-951770357
S1-711779488	
S1-234004802	
S1-154495676	S2-395878487,S3-76592487,S3-414297016,S2-970442479
S1-838453598	
S1-376496303	
S1-543454133	S3-836429457,S2-798706281,S2-766871637
S1-600755491	S3-214455208,S3-716076552,S3-33098589
S1-925517265	S3-628423593,S2-128035160
S1-509506773	S3-459014035
S1-458936069	S3-214721223,S3-81806374,S3-609532589,S3-969001079
S1-550452803	S2-414646663,S3-477976812
S1-257941334	S2-320706815,S3-507721120
S1-978485879	
S1-857881508	
S1-716184102	S3-685047935,S3-774877579
S1-93450704	S3-552141048,S2-193297749,S2-436704830
S1-645927560	
S1-801310736	
S1-211536754	S2-396299189,S3-647118735
S1-259265669	S3-698529569,S3-100811191
S1-986128230	S2-21412007,S2-2051726,S3-327681751,S2-857019862
S1-675775883	
S1-974040263	S3-875214666,S3-341079693,S2-821496446,S2-943860604
S1-842566745	S3-17175767,S2-460749360
S1-538468405	S3-898291650,S2-485117500,S3-929168886,S2-201729181
S1-714048148	
S1-693278764	
S1-411735253	
S1-557324722	S3-936851330,S3-243780249,S3-528859518,S2-132582670
S1-977769490	S2-296046602,S2-320706866,S2-155510707,S2-365430325
S1-469766818	S3-804903874,S2-146943473
S1-203846289	S2-274664661,S3-620381321,S3-61894836,S2-597550068
S1-144228174	
S1-153874306	
S1-723548227	
S1-685452846	S2-380057340,S2-21665052,S3-116375553,S3-455365757
S1-702126412	S3-790883161,S2-56372449
S1-783027195	
S1-211358781	
S1-826912427	S3-601611516,S2-222337089
S1-943626503	S3-580491045,S3-79028295,S2-696976681,S2-345283434
S1-969085976	
S1-987377750	S2-749207626,S2-687183781,S2-937180807,S2-858015292
S1-927797484	
S1-814829768	S3-469289849,S2-833207255
S1-320974565	
S1-542853240	S3-486746343,S2-935418415,S2-415284653
S1-753575807	
S1-310098816	S3-323605300
S1-958815542	S2-483324728,S2-711970273,S3-584253493
S1-865791408	S3-832029620,S3-673424768,S3-780626373,S2-327424847
S1-358527206	S3-405993847,S2-141597233
S1-467659367	S2-529983870,S2-822783011,S3-508104023
S1-667510494	
S1-675634590	S3-252653440,S3-425620009,S3-286954160
S1-820868712	S3-809613803,S2-945544435,S3-500035801
S1-805547041	S2-575779770,S2-120197146
S1-47910202	S2-934110577,S3-228378645,S3-288076779,S3-468494427
S1-166286974	
S1-188560405	
S1-383804656	S2-236332416,S3-659020713,S3-11950044,S3-766186413
S1-255405858	
S1-923169922	
S1-62678599	S2-944568129,S3-948885602,S3-77523314,S3-281438751
S1-598476443	
S1-332983382	
S1-564334676	
S1-94308447	S3-297753117,S2-380585227,S3-267099368,S2-559377454
S1-238342463	S2-714573734,S2-270511366,S3-118263736,S3-735350384
S1-565140006	
S1-817088250	
S1-89613200	S2-800503711,S3-218125100
S1-607301113	
S1-774413131	
S1-23737215	S3-278358989,S2-117969335,S3-700911568,S3-701558371
S1-237464807	
S1-238368853	S3-572170799
S1-173325299	
S1-941918563	S3-927949958,S3-913715463,S3-820102989
S1-462757729	S3-322881218,S3-962306578,S2-855307713,S2-943800167
S1-288834632	
S1-165925749	
S1-933657588	S2-754155884,S2-439469229,S3-49556421,S3-577707691
S1-996283652	
S1-12827853	S3-256353411,S2-824854980,S3-412274278,S3-511548728
S1-5682590	
S1-673386535	S3-269227816
S1-482619328	
S1-151171598	S2-787711818,S2-187467359,S3-83896181
S1-801267965	
S1-734152837	
S1-769269598	
S1-922211334	
S1-340831989	S2-44662307,S2-354630110,S3-476024413,S2-727855265
S1-569412531	S3-899065627,S3-245119687,S2-39107144,S2-133958419
S1-538002743	
S1-142417956	S2-715512995
S1-381871301	
S1-221113608	S2-401807896,S3-423639491,S3-722091605,S3-624695987
S1-987244531	
S1-973571844	
S1-657298918	S3-349457006,S2-563464776
S1-510121749	
S1-417161675	
S1-722980465	S3-456172520,S2-565566994,S3-296533154,S3-453582680
S1-738228394	S2-368668064,S2-715203449,S3-841956185,S3-186665494
S1-302470544	S3-956729262
S1-728621623	
S1-635694253	S2-354246186,S3-660018612,S3-257965425,S2-11574671
S1-828131498	
S1-38464425	S3-577898285,S3-210125087,S2-687539593
S1-686883713	S3-840343252,S3-117466456
S1-148176728	
S1-935516409	
S1-858102875	
S1-258997441	
S1-15979016	
S1-293783514	
S1-579954972	S3-153865086,S3-393679150,S3-255365594
S1-487620418	S3-321605259,S2-856985124,S2-325637878,S2-273161268
S1-145206209	S2-388983783,S2-789540547,S3-346814485
S1-920333586	
S1-431960467	
S1-351631982	
S1-553160500	S2-570545968,S2-221800747,S3-743242820
S1-979102236	S3-704293633
S1-878905149	
S1-115112792	S2-783719986,S2-702668554,S2-596289012,S3-405508813
S1-537022477	
S1-460865984	S2-576421330,S2-85142827,S2-326755036,S3-109029282
S1-904578696	S3-704440638
S1-660075734	
S1-849603578	S2-311899919,S3-425540917,S2-564033328,S2-174902624
S1-595478741	
S1-209169336	S2-75968839,S3-152415811,S3-835163341
S1-795167554	
S1-150112584	
S1-850205331	
S1-432149781	S2-229972714,S3-510108886,S3-97742732
S1-227046007	
S1-257400790	S3-732079349,S2-348052494,S2-30267245,S2-533859449
S1-176171102	S3-528604301,S2-707535431,S2-674683963
S1-105059211	S2-904635373
S1-117090643	S2-412115350
S1-726465131	
S1-170607961	
S1-123658452	
S1-687207490	S3-542082597,S2-702394584,S2-698831562,S3-119330260
S1-239369252	S3-136964848,S2-367493681,S3-740570311
S1-226725132	
S1-754923442	
S1-128134714	S2-81156274,S2-563177219,S3-1161385,S3-273644795
S1-518337497	S2-715214695,S3-876922345,S3-308438310
S1-916895613	
S1-955828623	S2-722442807,S3-878342520,S3-725472867,S3-367290813
S1-596791479	S3-148064820,S3-787900359,S2-581690356
S1-291162251	S3-759894975
S1-339188041	S2-845868721,S2-687528041,S3-501836036,S3-287068947
S1-500744174	
S1-229867871	S2-521037327,S3-770637941
S1-24549970	
S1-466162877	S3-328050968,S3-526501383
S1-499367656	S3-986555020
S1-935097135	S3-570313721,S3-343879072
S1-524169901	
S1-941184140	S2-16165493
S1-551393302	S3-390165857,S2-881712520,S2-392593685,S3-39314769
S1-474218242	S3-550254437,S3-133762216,S2-899940680
S1-201422138	S3-714739240,S3-135542287
S1-379553488	S2-874184185,S3-82816689
S1-801002539	S2-357745835,S2-85985579
S1-583915788	
S1-726248190	
S1-658480693	S2-484940175,S3-544305565
S1-550619840	
S1-475054218	S2-918890757
S1-704279297	S3-569232260,S2-372386523,S3-439300687
S1-132503866	S2-203299592,S2-108996379
S1-621084024	S3-753515012,S2-408510374,S2-243569608,S3-439407323
S1-210928443	
S1-274736796	S3-916305910
S1-922785413	
S1-775153010	S3-754801676,S2-966730532
S1-160160132	
S1-797180310	
S1-827998920	
S1-973379710	S3-97779893,S3-250745775,S2-371341338,S2-561803999
S1-122887920	
S1-105134106	
S1-892097985	
S1-954972410	S2-696335666,S3-444138856,S3-422146845
S1-414448527	S2-228722535
S1-474525343	
S1-31827218	S3-473834081
S1-477463563	S2-779799095
S1-83174673	S3-444196916,S2-348030512
S1-38462541	
S1-184946528	S3-596442972,S3-603167006
S1-211770601	S3-475737364
S1-51636552	S3-829820802,S2-243493128
S1-21658452	S3-813426362,S3-271710025
S1-308419456	
S1-19469709	S3-907828175,S3-814436422,S2-283211422,S3-230383619
S1-863267380	S2-308780829,S2-582357792,S3-248638131,S2-657082720
S1-860497508	S2-698713984,S2-757164450,S3-162501073,S3-768611294
S1-870488338	S2-419720976,S3-685307603
S1-657274169	
S1-654102291	S2-716038224,S3-41443107,S3-807699353
S1-7650312	S3-850591326,S3-376822645,S2-205374232,S2-435022244
S1-907618280	
S1-510070232	
S1-689027515	S3-927251590,S2-964885784,S3-928008193,S2-879634116
S1-37081952	
S1-589239977	
S1-669863518	S2-702835589,S3-907016140,S3-363111592
S1-338446273	
S1-24663646	
S1-627839052	
S1-73530519	
S1-347738627	S2-861753364,S2-512640712,S3-409873579,S3-97000137
S1-828651478	
S1-905858158	
S1-688859631	S2-807388692,S2-902051095,S3-470720546
S1-129991402	
S1-64608200	S3-64670818,S2-649065274,S3-523059662
S1-39043408	
S1-900042847	S2-982030782,S2-743891875,S2-181311249,S3-670591537
S1-772021305	S3-792111993,S2-275491835,S3-501154606
S1-389503563	
S1-178187876	
S1-996955099	S2-357667632,S3-512909927
S1-181709541	S2-754321222,S2-358620975,S2-169330847
S1-836111809	S2-978420970,S2-497206865,S3-645786596,S3-329647029
S1-757445758	S3-594490359,S2-52453227,S3-473512323
S1-107022966	
S1-772307324	
S1-882948099	S3-941246152,S3-670170190,S2-577996557
S1-587747849	S2-827508284,S3-576975681,S2-420544348
S1-687244355	S3-166656800,S3-122594768,S3-971933394,S2-978968308
S1-401298897	
S1-233544841	
S1-999171472	S2-60391262,S2-297904209,S3-621971143
S1-25337458	
S1-633155198	S2-737557018,S3-347743088,S3-309228239
S1-772080786	S3-495583767,S2-618681007
S1-557619316	
S1-460865053	S3-90993974
S1-757303239	
S1-468562526	S3-645568389
S1-11612972	S2-656714130,S2-304155138,S3-565135449
S1-375118697	
S1-129519715	S3-150178585,S3-973441685
S1-306385295	S3-425178925,S2-396655219,S3-140303869
S1-398410193	
S1-995229105	S2-909804106,S3-499778825,S3-92682048
S1-649735735	S3-595262091,S2-753018573,S3-127692997,S3-936971279
S1-928102054	S3-186273279,S3-709561425,S3-472597518
S1-675437507	S2-686316810,S2-396217303,S3-813785517,S3-829404696
S1-208680021	
S1-324482682	
S1-796127526	S2-177245749,S2-41250674,S3-875856300,S3-389837087
S1-142132062	S3-66081872,S2-107429005,S2-8002639
S1-606424384	
S1-305643929	S3-727384810
S1-152622487	S2-47108366,S2-622595283,S3-898999897,S3-104001874
S1-668923277	
S1-321464412	S2-635904568,S3-559504198
S1-873095503	
S1-696551920	S2-121497186,S3-795796050,S2-30920742,S2-315901056
S1-802095993	S2-667551272,S2-833725700,S3-638598718,S2-800744233
S1-832572425	S3-279469412
S1-351726671	
S1-584162424	S3-871105197,S2-434074220,S2-299825352
S1-753815558	
S1-264331323	
S1-58693136	
S1-336381807	S2-385824510,S3-984001221,S3-551697195,S3-411954208
S1-651688863	
S1-279442104	
S1-703926749	S2-384077707,S2-74792210
S1-845540346	
S1-656048337	S3-216633281
S1-403433050	S3-277697992,S3-356802313,S2-790444226
S1-149766229	S3-397755307,S2-417629629,S3-610459916,S3-709579106
S1-749420888	
S1-315008340	
S1-964008190	S3-296728586,S2-718950827,S2-657291020
S1-90025254	S2-253280547,S2-24650246,S3-375742171
S1-483338679	S2-126668391,S3-635337210,S3-760288172,S2-307468146
S1-425724717	S2-883271267,S2-584501236,S3-520432017,S3-2861698
S1-648072380	
S1-627193721	S3-972603923,S2-632060852,S3-673148068
S1-644880051	S3-680701768
S1-358129642	
S1-641678303	S3-98250817,S3-475654030
S1-41678581	S2-826754850,S2-788352002,S2-601009929
S1-441666200	
S1-86848746	S3-301165480,S2-998151968,S2-948437051,S3-434598294
S1-903602908	S3-673122124,S2-531377613,S2-95476096,S2-791409169
S1-604009682	S3-84869829,S3-579422577
S1-551175241	
S1-453469607	
S1-641531870	S3-724973366,S3-492860478
S1-102815970	
S1-622470945	S3-355965879,S2-519400019,S3-745982538,S3-217228680
S1-555713147	S2-556493558,S3-244156274,S2-984485311,S3-866182830
S1-363822949	S3-855230988
S1-349712377	
S1-620964326	
S1-700505649	
S1-634100503	
S1-379926198	
S1-687784503	
S1-637700209	S3-461183282,S3-175283564,S3-124717355,S2-238945572
S1-357798881	S3-591066005,S3-107010060
S1-781474946	S3-306075003
S1-942167216	S2-515043667
S1-516580159	
S1-882992682	S3-359184741,S2-389342889,S2-259954139
S1-862783253	S3-218630611,S3-580280477,S2-751766260,S2-525993488
S1-786966646	
S1-472874511	
S1-773049476	S3-606459135
S1-580822455	S2-484078721,S2-299505276,S2-292504657,S3-421826890
S1-952386585	
S1-894640897	
S1-185061893	S3-101620959,S2-233297011
S1-229129711	
S1-119073600	S3-232449474,S3-383597318,S2-623942399,S2-63632075
S1-886939728	S2-84942005,S3-486646614
S1-335899412	
S1-634399644	
S1-652457398	S2-413004139,S3-541854322,S2-22261745,S3-685101827
S1-305827758	
S1-258874765	S3-615400170,S2-760501057,S2-169408572
S1-142397311	S2-182056483,S3-84457781,S2-361634665
S1-837853201	
S1-257418671	S2-485868372
S1-293460063	
S1-273972452	
S1-397677642	
S1-249161373	S3-772432237,S2-278237115,S2-675042297
S1-723366991	
S1-662818319	S2-555223529,S2-564753131
S1-341336691	S2-750937081,S3-864189639,S3-712663227,S3-863192490
S1-342069230	
S1-326440400	S3-56328839
S1-992100581	S3-607715177
S1-240592288	
S1-985969874	S2-241713677,S3-381675450,S3-145957969,S3-323713237
S1-877000273	S3-711600202,S3-911915963,S2-741685622,S2-26873644
S1-376718568	
S1-870716969	S3-205727838,S3-162541514,S2-851539955,S2-637496080
S1-257746248	S3-908038734,S3-366935858,S3-79291840,S2-648087530
S1-847081633	
S1-444498356	S2-775818784
S1-922778393	S2-802096637,S3-708645654,S3-417621358
S1-26058339	
S1-782974903	S3-820475822
S1-835537087	S3-946314362,S2-11092358,S2-938535629
S1-839529323	S3-777651590,S2-450532326,S2-126253528
S1-2865206	
S1-457488120	S3-414242287,S3-879130483
S1-549530136	
S1-22886766	
S1-282107440	S3-199760525,S2-86355338,S3-707579608,S3-19153490
S1-549114849	S3-720845455
S1-700727215	
S1-436038481	S2-373070365,S3-828648297
S1-377912979	S2-593560534,S3-731834772,S2-234058667
S1-208907568	
S1-858859994	
S1-755084647	S3-521016819,S3-28728942,S3-190766094,S2-75736901
S1-938675190	S3-643108138,S2-242464524,S3-8320780
S1-422522029	
S1-744535683	S2-239257583,S3-588915501,S3-352651628,S3-277212814
S1-680128490	S3-881039543,S2-124593574,S2-364310578,S2-188138434
S1-744538396	S3-171332239,S3-644329052,S2-217695220
S1-178713801	
S1-438656057	S2-185809887,S3-542326132
S1-964894165	
S1-629159907	
S1-206517695	S3-487102866,S2-765947326,S2-597204216
S1-336080486	S3-582230319,S2-820809282,S2-194398331,S3-30518087
S1-681294970	S2-75608683,S3-710089739
S1-546565272	S3-691098062,S3-836286651,S3-181180795,S3-948231070
S1-896043684	
S1-349956524	
S1-483057698	S2-488191010,S2-864589619,S2-514861460,S3-649137450
S1-92197303	S3-675965530,S2-793998469,S2-437093900
S1-740037048	S3-558959524,S3-392364361,S3-488172082,S3-915882109
S1-947297963	S2-706005031,S2-524700196,S3-527204950,S2-354362320
S1-418400499	
S1-925095476	S2-279252097,S2-994691389,S2-864954330,S3-684702708
S1-421287671	
S1-836351397	S3-351225591,S2-2095042,S3-304428035,S3-49322568
S1-615610980	S3-97252212,S3-894035770,S3-96821561,S3-228292681
S1-923292360	S3-574414296,S3-646926591
S1-684360237	S2-432340304,S3-266308558
S1-234008226	
S1-6331731	S2-136222867
S1-450436564	S3-57688286
S1-914260141	S2-712260193,S2-627121962,S3-483355170,S3-756437749
S1-806301921	S2-867981755,S3-326964816
S1-351684631	
S1-928763055	S3-12242467,S3-591402713,S2-411947499,S2-50306977
S1-142404946	
S1-572385502	S3-953812945,S3-68589913,S2-943955575,S2-634416571
S1-162396229	
S1-137675036	S2-345670835,S2-242503532
S1-573667138	S3-191746209
S1-934513537	S3-329562822
S1-227990152	S3-688495278,S2-698980281
S1-650270004	
S1-906150686	S2-343364802,S2-597687053
S1-583411373	
S1-644861703	
S1-556604394	
S1-472684670	S3-756537527,S3-453776925
S1-461887440	
S1-804595361	S2-291494551,S2-85066996,S3-331536475,S3-723448357
S1-815373006	S3-947579063
S1-192706517	S3-217647398
S1-300197010	
S1-164223543	
S1-537910792	
S1-701100505	S3-796135484,S2-484504261,S2-252732617
S1-234720205	
S1-95704511	S3-442755875,S2-605175838,S2-277549991
S1-341671385	S2-508375755,S2-337770866,S3-184403319,S3-572856285
S1-638372661	
S1-90517322	S3-889654000,S3-718816440,S3-836019296
S1-998481907	
S1-63775853	
S1-655916582	
S1-941704722	
S1-165027139	
S1-158247937	
S1-590385774	S2-240562937
S1-332196907	
S1-854513310	S2-493818095,S2-689302182,S3-183285259,S3-825981594
S1-152820855	
S1-2701327	
S1-412363473	S3-421825284,S2-691820702,S2-525440900
S1-635226606	
S1-275017248	S3-692809282,S3-357570878
S1-267875786	
S1-663319542	
S1-985659112	S3-256559437,S2-469413147
S1-183082808	
S1-494307337	
S1-774745686	S3-289053540,S2-820832922,S2-379861214
S1-163812214	S3-672428464,S3-750182483
S1-492108277	S3-76878479,S2-174906885,S2-214551171,S2-36157192
S1-883792882	
S1-44025335	
S1-151345760	S2-598115798,S2-493225675,S3-360615887,S3-530022028
S1-351407465	
S1-127858874	S3-213392602
S1-811070639	
S1-854928121	S2-208100528,S2-72187248,S3-445795007
S1-368560091	
S1-68116764	S2-110280071,S3-187786829,S2-982406682,S2-423625878
S1-709923441	
S1-327279971	S2-894152578,S3-309004208,S3-399212816,S2-565204555
S1-759917224	
S1-68033899	S3-869439417,S2-771864474,S2-329101888
S1-777411111	S3-328462676,S3-828745206
S1-146370980	
S1-428480723	S2-717355481,S2-851898108
S1-47681652	
S1-536991248	
S1-701382764	S2-227128085,S2-543873317,S3-546858542,S2-956349616
S1-781563568	
S1-103704208	S2-720916932
S1-348546743	S3-943022251,S3-752238930
S1-334274033	
S1-644826696	S3-356335249,S2-252122025,S2-606496697,S2-2162907
S1-205466708	
S1-432467229	S2-710539707,S2-195873422,S2-785121248,S2-269992384
S1-476036289	
S1-427895977	S2-922364597,S2-745148227,S3-542515466,S3-471411809
S1-82504618	S3-52372279,S3-288468343
S1-474281877	S3-721577124
S1-452148083	
S1-516915925	S3-773596810,S3-330130955,S2-594741304
S1-854292117	
S1-873219306	
S1-291686595	S3-898357228,S3-723483476
S1-431750410	
S1-625726169	
S1-688895187	
S1-973543166	
S1-49770217	
S1-890471640	S2-727541067,S2-277212950
S1-886926096	
S1-8451136	S3-803464321,S2-282065411,S2-239492498
S1-112155660	
S1-477531219	
S1-277160600	
S1-174604902	S3-837497529,S3-133395399
S1-407442543	S2-946294194,S2-290017496,S3-90449064,S2-69439310
S1-65064340	
S1-816515167	
S1-789040536	S3-869988397,S2-769509466
S1-893546922	S3-502510517
S1-217354584	S2-394634761,S3-126357202,S3-835387681,S2-24919532
S1-89897910	
S1-517087754	S2-210007314
S1-123331046	S2-760758336,S2-390061135,S2-346071917,S3-577110874
S1-572881722	
S1-396029738	S3-718401189,S2-447701137,S2-324443625
S1-751438555	
S1-638834984	S3-863902181,S2-138878996
S1-396431668	S2-545395101,S2-117149068,S3-809410804
S1-692584999	S3-247319292
S1-665232220	
S1-602754219	S2-520299304,S2-364842103,S3-685932041
S1-427779292	S3-380739439,S2-274440929,S2-860599182
S1-325381219	S3-990575100,S2-694769774
S1-432009165	
S1-98786282	
S1-119884067	S2-434281708,S2-351020349
S1-778989717	S2-314198294,S2-502171507,S3-564413224,S3-581348936
S1-894725378	
S1-332276781	S2-163919298
S1-932843626	
S1-730736223	
S1-334130951	S2-574539901,S2-981378876
S1-342098837	
S1-980665482	S2-528072292,S3-873322486
S1-718557303	S2-115811625,S3-37663865,S3-270864748,S3-208947734
S1-747645284	S3-993725740
S1-482218629	S2-490768534,S3-889666616,S3-2655123,S3-919591293
S1-469092761	S3-885638036,S3-76180921,S2-848740998
S1-25132230	S3-181927736,S3-768321044,S3-220478907,S2-32401311
S1-124807602	S3-636638476
S1-817401808	
S1-334306654	S3-775415385,S3-753821723,S2-519202945,S2-324913268
S1-340862341	S2-923944590,S2-911520234,S2-493163994
S1-567492519	
S1-425202729	S3-325940811
S1-764175750	S3-934645690,S3-401464949,S3-38568561,S3-297804184
S1-679338222	S2-856142141,S2-814470453,S3-761689993,S3-569734745
S1-912706782	S2-977967527,S2-105544576,S3-552890706
S1-144396120	S3-48892654,S3-892484654,S2-888617758,S3-92562617
S1-679644878	S3-677418750,S2-354871489,S2-726743493
S1-932646050	
S1-531524924	
S1-174995110	
S1-594413105	
S1-351488356	
S1-120707429	S3-7222442,S3-586088161,S3-184484904,S2-768760701
S1-321751520	
S1-305592941	S2-115347727,S2-802004799,S3-905453033,S3-295751053
S1-310543438	
S1-255316610	S3-802586050,S2-168720767,S3-674524355,S2-831508459
S1-972079817	S2-877066259,S3-396626245
S1-227149476	
S1-293157547	S3-863740286,S2-611060604,S2-365160418
S1-104558475	
S1-899560122	S3-902199295,S3-649025398,S3-159686337
S1-69798417	S3-110927961,S3-677154727,S3-738398146,S3-471089927
S1-690540828	S2-629513469,S3-246275415
S1-772609567	S2-124216592,S2-224296206
S1-119512389	S3-742198001,S2-53231729
S1-272211026	S3-882344262,S3-201387687,S2-15924359
S1-995876592	S3-23234025,S3-273093704,S2-858796787,S2-822972035
S1-506037417	S3-574556914,S3-530511664,S3-444794086
S1-417543475	
S1-128189281	
S1-591892029	S2-89023019,S2-180224432,S3-724633917
S1-170829253	S2-933070907,S2-101682489,S3-663911224
S1-3410523	S2-66712252,S2-165313336,S3-827525977,S2-93551094
S1-949700383	S2-469002611,S3-648237057
S1-985343079	S3-97282890,S3-341363169,S3-150398489,S3-98543249
S1-817835570	
S1-150639152	S2-203245216
S1-649641680	S2-863104424,S3-27124781,S3-2641962,S2-739860857
S1-80188696	S3-393222891,S2-838054272,S3-753852027
S1-689253308	
S1-6835700	S3-204105329,S2-362686709,S2-895994240,S3-87195779
S1-766317634	
S1-327125926	
S1-249402759	S2-732328822,S3-403301064
S1-259110679	
S1-500300541	S2-267622658,S2-994874746
S1-240446596	
S1-596121851	S2-956399556,S3-621622086,S3-148208017
S1-447758486	
S1-241843636	S3-232768929,S2-980825559,S3-562904121,S3-450162578
S1-155969076	S2-673393951,S2-601092149,S3-332269524,S3-878869643
S1-736284838	
S1-58672727	S2-587790272,S3-571676075,S2-430136905,S2-382445070
S1-696683533	S3-428560417,S2-495691413,S3-541260734
S1-523531941	S2-882243561,S2-780008638,S2-965565360,S3-389457297
S1-929877435	
S1-935735838	
S1-971151199	
S1-223240667	
S1-332274982	S3-576606640,S3-277491151
S1-138728531	
S1-730729612	S3-90225817,S3-933916480
S1-677096205	
S1-172702664	
S1-458294847	S2-174697205,S3-377940260,S2-199047086
S1-261147263	
S1-939690385	
S1-257407165	
S1-228609807	
S1-338922554	
S1-160131495	S2-693708951,S2-283749221,S3-683497205,S3-973097412
S1-241139017	S3-57641865,S3-624670395,S2-930881366,S2-519805677
S1-713528518	S3-997869023,S2-561545658,S2-112560282
S1-105471772	S3-886983023,S3-307025853,S3-587212152
S1-392056835	S3-771169758,S3-582625513,S3-353397876,S3-115052980
S1-295486718	S2-516681291,S3-302769358,S2-84644990
S1-302847936	
S1-841814961	S2-225099707,S2-999873418,S3-821688440
S1-767831775	
S1-873335774	S3-258695140,S3-24969864
S1-840360383	
S1-976581582	S3-528205474,S3-639298677,S2-845222162
S1-44730217	S2-658281901
S1-733398438	S2-298968841
S1-525908140	
S1-737042124	S2-979687864,S2-759609063,S3-294323642,S2-984659792
S1-847130498	S3-888135503,S3-678114084,S2-232726849,S2-17486517
S1-69297436	
S1-162432183	S2-576908587,S2-945969323
S1-24823877	S2-106381076,S3-59587110
S1-690255730	S3-213845435,S2-158543752
S1-369026949	
S1-305323923	S3-97025009,S2-309490643
S1-893895364	S3-560857172,S2-648314768,S2-105240386
S1-31019404	S2-806309056,S2-841494201,S3-301996256
S1-701175227	
S1-430981463	
S1-635993648	S2-5832042
S1-350092923	
S1-847375601	S3-295338649,S2-393973430
S1-188637119	
S1-118551289	S3-535948808,S2-98059015,S2-108768037
S1-591566040	
S1-814613207	S2-912875164,S3-280676476
S1-491000076	S3-633780653
S1-473559360	S3-117202076,S2-545043036
S1-541333808	
S1-178559615	S3-981088912,S3-954671814,S2-938454291,S2-778496287
S1-71332150	S2-960533443
S1-237913449	S2-134346177
S1-93933706	
S1-27851567	S2-524466620,S3-235834264,S2-49013177,S2-214354978
S1-277746126	
S1-855844894	
S1-534681115	S2-215090959,S2-573224857,S2-665668157
S1-781091862	
S1-919645338	
S1-734106752	S2-429859044
S1-556982313	S3-831088572,S2-433191249
S1-458400679	S2-963342562,S2-359760566,S3-266802085
S1-791216324	
S1-935771492	S3-981122117,S2-185839003,S3-749993343
S1-354563783	S3-465014444,S2-139554318,S2-519806810,S2-41073407
S1-345546562	
S1-459961944	S2-947353580,S3-262521708,S3-61940527
S1-170832420	
S1-262944527	S2-628486356,S2-446475258,S3-366996711,S3-865395865
S1-157612944	
S1-311479688	
S1-114688248	S2-301639386,S3-725371052,S2-181404396
S1-544260913	S2-854160400,S3-529133571,S2-649109125
S1-808740962	
S1-490205260	
S1-313953516	
S1-271947260	S3-853469968,S3-38547399,S3-157748837,S2-742851811
S1-48827288	S2-52349120
S1-654428944	
S1-742198932	S3-818281418
S1-837375025	S3-359999464,S3-335496544,S3-469529869,S3-79902226
S1-315116075	S2-474086511,S3-827000676,S3-957425149,S3-16638633
S1-508956820	
S1-416737946	S3-865496448,S3-52824322
S1-509710942	S3-145272128
S1-495232494	
S1-42784610	S2-655398846,S3-968248691
S1-728947375	S3-505101605,S2-870178545,S2-951123118
S1-565020420	S3-902895662,S3-868509220,S3-525914659,S2-2618200
S1-437944517	
S1-899156223	
S1-178580391	
S1-620536267	S3-576021332,S3-504575169,S3-633977805,S2-42029952
S1-859103186	S2-30762654,S2-217335369,S3-39769546,S3-948613547
S1-54991440	S2-334034175,S2-42042320,S3-8358438,S3-620388537
S1-13624606	S2-351141545,S2-726500238
S1-171752717	S3-274041556,S2-475869244
S1-646189262	S3-902091491,S2-355186138
S1-9459998	S2-378979455,S3-923172292
S1-610084930	S2-801350929,S2-440312002,S2-197997564,S2-448894972
S1-634452973	
S1-134098117	
S1-832563632	S2-415608632,S2-376354024,S3-163200089,S3-121378542
S1-527887023	
S1-435693182	S2-47895332,S3-754337446
S1-266946955	S2-781371635
S1-267171464	S2-662963974
S1-791642382	S2-958939959
S1-63068737	
S1-275659373	S2-445637123,S3-296275939,S2-188135104
S1-777264238	S3-953613386,S3-13745508,S2-341788536,S3-478906154
S1-173294420	
S1-609558031	
S1-348013279	S3-171604297,S2-6201046
S1-722455933	
S1-368411140	S2-499078735
S1-671296494	
S1-954451343	S3-164877461
S1-20463005	S3-174860504,S2-264348315,S3-983355785
S1-757018393	S3-236461288,S2-323826434,S3-976069257,S3-914099847
S1-814682745	S3-172301795,S2-971342909
S1-283131723	S2-70198827,S3-306828920,S2-355477639
S1-883994864	S3-793361611,S3-773948613
S1-412975967	
S1-158976977	
S1-672376394	
S1-521949665	S3-365444270,S3-715852024,S3-633939901,S3-769173593
S1-55943847	
S1-188213037	S3-970796868,S3-937040792,S3-85148748,S3-877541623
S1-813153980	S3-608328622,S3-405889717,S3-868979782,S2-648678696
S1-300385828	
S1-537396916	S3-245532620,S3-420393613,S3-262933752
S1-396104378	
S1-528340139	
S1-243620976	S2-87009566
S1-609706494	S3-621731099,S2-510557067,S3-152872227
S1-632157008	
S1-177219315	S3-353509027
S1-498448010	S2-971365228,S3-811983409,S2-746559035,S2-637592691
S1-318013847	
S1-488889913	
S1-521798837	
S1-71115963	
S1-362913561	
S1-199692812	S3-199097657,S3-756816037
S1-656418249	S2-95098734,S3-292790914,S2-875422216
S1-458714346	S3-625083931
S1-346184054	S2-471014805,S2-509695363,S2-394784240,S3-601828168
S1-862846621	
S1-994958130	
S1-330441683	
S1-946512656	S3-436409035,S3-133507773,S2-817214316,S3-605247447
S1-257554814	S3-356851870
S1-115898592	
S1-731610550	S3-425710334,S2-755902199
S1-607086890	S3-88720162
S1-649780723	S2-603619512,S2-903608327
S1-221413242	S3-914307039,S3-503765877,S3-776228299,S2-763283595
S1-360113238	
S1-410901932	
S1-822974123	
S1-652793889	
S1-694328939	
S1-559009411	
S1-453409045	S3-898553643,S2-519152746
S1-510099748	S2-402520172,S2-746243342,S3-684059825,S3-576061295
S1-99567032	S2-134298722,S3-803871743,S3-209039320,S3-672825658
S1-384968874	S3-814418529
S1-762783705	S2-899838168,S2-218382347
S1-251257263	
S1-594420364	S3-290301636,S3-614315007
S1-344757207	
S1-170384034	S2-626998052,S2-477750962,S3-329335091,S2-299703528
S1-536936996	
S1-782725470	S3-789690287,S3-815209231,S2-420474126,S2-681662444
S1-506484506	
S1-830665340	
S1-515407740	
S1-695107731	
S1-722038266	S2-511393932,S2-876594130,S2-327450884,S3-140478202
S1-646075663	
S1-75567388	S2-530402802
S1-233277649	S2-221008569,S2-734529801,S3-479545851
S1-293400464	S3-371048794,S2-727096622,S2-496703601,S3-983275299
S1-122421907	S2-793281487,S2-522546733,S3-344116266,S2-371590731
S1-524843033	
S1-522693754	S3-980157467,S3-429392758,S2-299915106
S1-750611502	S3-208334010,S3-329087676,S2-439316741
S1-803459585	S2-901240759,S2-322555191,S3-121046315,S3-100789625
S1-329156705	
S1-865060849	S2-149630442,S2-273826227,S3-356153900
S1-943922939	S2-312718885,S3-276929571,S2-90094093,S3-346348987
S1-841915909	
S1-740072318	
S1-261291889	S3-410431544,S2-532625293
S1-769452409	
S1-753100642	S2-473858696,S3-954965195,S3-568724535,S3-451903678
S1-676088393	S3-481453298,S3-408529116,S2-944233630,S2-29061653
S1-362852759	S3-241362131,S3-514461449,S3-16478716,S2-734629441
S1-799771041	
S1-35401981	S3-967141761,S2-221525665
S1-13436677	S2-247869457,S2-94230507,S3-668158398,S2-668349097
S1-7411565	S3-661513419,S2-164116292,S2-788774703
S1-435882063	S3-216419510,S2-636408959,S3-862703378,S3-601559902
S1-857619274	S2-216020182,S2-180794253,S2-843940841
S1-108446868	S3-463587257
S1-32131758	S3-862812185,S3-562185922,S2-96733121,S2-167184108
S1-214389957	S3-657979098
S1-820539848	
S1-2197233	S2-133592331,S3-239495477
S1-357579037	S3-632424292
S1-32136295	
S1-970131671	S3-392756625,S2-670035601
S1-609855061	
S1-756563966	S2-703528584
S1-240462860	
S1-361886868	
S1-815446886	S3-142695516,S2-792288293,S2-275351912,S3-263481888
S1-50507915	S3-223625960
S1-866475317	S3-92802498,S2-64976727,S2-552186077
S1-860092849	S2-167285388,S3-615508201
S1-967966716	S3-466697901,S3-657254829,S3-49549066,S2-690313826
S1-749510423	S3-586985019
S1-621361330	
S1-726216371	S3-118607807
S1-933714029	
S1-71298575	S2-361394514,S2-244871232,S3-162856911
S1-419945413	
S1-26949276	S2-856183361,S3-753338140,S3-228878733
S1-851851366	
S1-645438913	S2-763902154,S3-630852354,S3-275031548
S1-418769634	
S1-926406301	S2-92484868,S3-270568532
S1-177846745	
S1-129527995	
S1-547940638	
S1-330686581	
S1-382013112	
S1-638055842	S2-352124719,S3-847172038,S3-672727018,S3-436057271
S1-601252833	S2-435164190,S3-493070618
S1-284325689	
S1-693243908	S2-406999643,S3-333249987,S3-629384069
S1-816380864	S3-304230000,S2-248307504,S2-19021152
S1-265313193	
S1-546333549	S2-769402954
S1-555780033	S3-28011740,S3-759640603,S2-798903586,S3-537322014
S1-522829697	S3-619073912,S3-865611170,S2-797538360,S2-106852638
S1-53882829	
S1-779169937	
S1-555803091	
S1-802569734	
S1-377502039	S3-545537800,S3-9193416
S1-844686471	
S1-79905388	
S1-837034885	S3-197841211,S2-345408574
S1-40293937	
S1-996960556	
S1-160591958	
S1-467406102	S3-730964681,S2-497767169,S3-54216714,S3-473690527
S1-799893669	
S1-290768530	S3-234934777,S2-875288866,S3-778986432
S1-397020460	S3-521367506,S3-76708709,S3-527604439,S3-173508297
S1-768178017	S2-981942300,S3-727516823,S3-721135177,S2-787861228
S1-420460237	S3-32457741,S2-676107017
S1-922323605	S3-740045180,S3-429207001,S3-119951408,S3-705967540
S1-335946253	
S1-230242068	S3-514802861,S2-674200442,S3-703707774
S1-965610190	S2-607611007,S3-94184441,S2-804565807,S3-590227416
S1-191370515	S2-155905799
S1-923572618	S2-334096156,S3-505449391,S2-428838418
S1-917857796	S2-616059652,S2-51149647,S3-423623596,S3-924359596
S1-387915221	S2-96545757,S2-795078544,S2-213494288
S1-352147388	S3-949163592,S2-915510674,S3-85349988
S1-313476913	S3-842725713,S2-308849084,S2-20928886,S2-547025785
S1-457587364	
S1-142770314	S3-721475142,S2-69540090
S1-989801541	
S1-517325279	
S1-923776897	
S1-400162844	S3-934996868,S2-762440215
S1-299060201	S3-835594494,S3-823863232,S2-581544977
S1-739401201	
S1-63222283	
S1-675573914	
S1-593978255	
S1-755081108	S3-718085220,S3-486627697
S1-439498894	
S1-272343108	S3-76461856,S3-514315620,S3-693087438,S2-2535740
S1-865710663	S3-830703312,S3-586925686,S3-589068594,S3-227415807
S1-751157046	S3-432475104,S2-681408234
S1-238967979	S3-760070166,S2-610840920,S2-563418596
S1-680840485	S3-982545248
S1-165137855	S3-917860459,S3-274819416,S2-635729210,S3-466423428
S1-727951025	S3-914702622,S3-825507691,S3-501695449,S3-425776703
S1-766579550	S2-785018304,S3-812050601,S3-391219142,S3-914435413
S1-928233523	S3-279635222,S3-867683487,S2-345072242
S1-849539979	S2-375741279,S3-30936744,S3-800716071
S1-858910227	
S1-587737778	S2-291487966,S2-705317103,S3-405542299,S2-905976535
S1-402490898	S2-733051969,S2-442660207
S1-959649363	S3-231496283
S1-881387007	
S1-251283054	S2-421563317,S2-439549023,S3-945196751,S2-899030280
S1-740358013	
S1-88230890	S2-613884545,S2-869093491,S3-484032866,S2-777955194
S1-805708740	S2-62223747,S2-282865033,S2-646560139,S2-149644016
S1-35486046	
S1-309342804	
S1-84501489	S3-158423023,S2-591824023,S3-212810485
S1-689184263	
S1-212280284	S2-682993421,S2-230943172,S2-101308690,S2-542331891
S1-328014964	
S1-987334553	
S1-589001326	
S1-511395566	S2-92617017,S2-394765488
S1-783469919	S2-436191194
S1-17438594	S2-280377559,S2-721313525,S3-657473330
S1-120639695	
S1-323623879	S3-849236218,S2-430999897,S3-205734925,S3-193164026
S1-860544972	S2-652424599,S3-147413651,S3-829078154,S3-330400239
S1-11245942	
S1-830368211	S2-730199942,S2-884156118,S3-830915138,S3-178589756
S1-758026991	S3-564694860,S2-718518908,S2-647824988,S3-799587714
S1-675462226	
S1-553636348	
S1-161812141	
S1-649544006	
S1-217361317	S3-536397028,S3-252822382,S2-806833163,S2-510399410
S1-461921471	S2-485497007,S2-37133598,S3-467011349,S3-31970402
S1-976568226	S3-537709833,S2-940432569
S1-604348347	
S1-104549793	S2-633488580
S1-835855275	S2-120211491,S3-872012801,S3-656091151,S3-622095053
S1-514493334	
S1-893137430	S3-393840293,S3-9724547,S3-477778503,S3-905433774
S1-715704279	S2-441369371
S1-893844424	S3-484364780,S3-494006598,S2-875391960
S1-479524299	S3-279027545,S3-458399499,S2-340537755
S1-948549371	
S1-445056991	
S1-644436055	S3-582541662
S1-776430611	
S1-995654797	S2-594614138,S3-371285293,S2-792953210,S2-706608671
S1-568097222	S2-717100616,S3-574972861
S1-415896190	S3-494608450,S3-340440575,S2-940394393
S1-466602648	
S1-214448560	S3-652050424,S3-98561919,S3-53074524,S3-592243248
S1-253938830	S2-483495377,S3-987758365,S3-978855600
S1-95641633	
S1-568222863	S3-738924411,S3-502869066,S3-586255487,S2-889440683
S1-603080510	
S1-863752254	
S1-376988364	
S1-222830838	
S1-614704072	S3-787734772,S3-623911473,S2-386896615,S3-557456123
S1-652652904	
S1-488989000	
S1-232274635	S2-973180793,S3-385575654,S2-548309634
S1-567106919	S3-403644281,S3-94448979
S1-897966906	
S1-929075090	
S1-754293566	S3-703805041
S1-254621671	
S1-704475333	S3-484191348,S3-236089113,S2-275290558,S2-491164945
S1-237420433	S3-961081140,S3-672498047,S2-413822279
S1-394419388	
S1-929512052	
S1-938152437	S2-995180760,S2-8915711,S3-768639538
S1-583042839	S2-287224339,S3-769955423,S2-597924896
S1-653578300	
S1-701231099	
S1-549586274	
S1-215971187	
S1-743296163	
S1-921069027	S2-862075058,S3-131227359
S1-728846889	
S1-728921450	
S1-933854192	S3-425454509,S3-498106715,S2-270095492
S1-738705217	S3-514761048,S3-808552152,S2-856881233,S2-267736832
S1-659023146	
S1-84934419	
S1-408849495	S3-901072537
S1-836087755	S2-896613779,S2-870525193,S3-111260839
S1-666543884	S2-24946827,S3-960952134,S2-182602557,S2-306232376
S1-29638685	
S1-773490794	
S1-311996416	S2-824025540,S2-331449811,S2-737892294,S3-153294478
S1-43506320	S2-280819839,S3-587176171
S1-104269692	
S1-141689186	S2-724242385,S3-677777021,S2-361177244
S1-169309776	
S1-889983416	S2-24644197,S3-988582377,S3-839553476,S3-469558501
S1-91225706	
S1-745625268	
S1-774973959	S2-58215107,S3-169713693,S2-965570625,S2-660155972
S1-594306760	
S1-751168946	S2-559927975,S3-483043368
S1-594103250	
S1-100288000	
S1-193324800	S3-590475418
S1-294788869	S3-741791446,S2-861704686,S2-348482227,S2-210183256
S1-461365460	S2-789049562,S3-553237966
S1-646593915	S2-800996489,S2-469969282,S3-727549253,S3-560337030
S1-927484138	S3-777406698,S3-212963867
S1-921265220	
S1-85709230	S2-169759036,S3-188325604,S3-624442335
S1-513614087	S2-982031740,S3-839067788
S1-450515799	S3-186102215,S2-946962659,S3-511329935
S1-157769403	
S1-430537660	S2-529882990,S3-263338894
S1-535505232	S3-737165921,S3-700982874,S3-240934738
S1-141650810	S3-203124039,S3-799116433
S1-556996580	S2-463152964,S2-278974454,S3-249727053,S2-990694981
S1-127785169	S3-226182848,S2-453680222,S2-3986223,S3-68890276
S1-913139763	S2-856051343,S3-596386700,S3-263572018,S3-917606705
S1-281611874	
S1-294128149	S2-392822606,S3-189910804,S3-274594263,S2-688291139
S1-571878006	
S1-30382405	S2-454148071
S1-65881031	S3-985937592,S3-216800601
S1-596365967	
S1-479292813	
S1-839807839	S2-835968912,S3-184354135,S3-457921430,S3-479161118
S1-889541306	S3-400010306,S2-648475185,S2-264548266,S2-556733637
S1-600683314	
S1-65444472	
S1-532102801	S2-481763787,S2-920755384,S2-876068691,S3-739473106
S1-613060033	S3-470132253,S3-746926341,S3-946300863
S1-60860105	
S1-435988542	S2-500704398
S1-509545502	
S1-545636375	S3-105740877,S2-788078250,S2-300933001,S3-293608464
S1-227483066	
S1-357823173	S2-608299280,S3-289694050,S2-166103411
S1-179555302	S2-523943299,S2-339451348
S1-7478702	S3-168164152,S3-712437307,S2-142938829,S2-173158702
S1-770111171	
S1-857847440	S3-621760393,S3-312550512
S1-320073515	
S1-73170108	S2-589521643,S3-397232945,S3-159454235
S1-327436646	
S1-854109206	
S1-941945090	S3-886512649,S3-615746521,S2-911016281,S2-707840391
S1-450540568	S2-844105479,S2-304017404,S3-802328207
S1-951053039	
S1-789321159	
S1-950497721	S2-516999254,S3-955562304,S3-776825817,S2-998438392
S1-908202124	S3-281904725,S3-866286839,S2-422582544,S2-837385444
S1-298935852	S3-317162372,S3-627927664,S2-508373115
S1-812397991	S3-558341916,S2-423185219,S3-281903911,S3-852606231
S1-477245354	S3-789921851,S2-907722707,S3-962221478
S1-208453774	
S1-308501208	S3-271049624,S2-110838518
S1-164427525	S3-753643070,S3-600717839
S1-609334666	S2-174470877,S3-363610570
S1-708495729	
S1-766167037	
S1-761431533	S2-398237879,S3-453610631
S1-341611925	S3-772748384,S3-174147648,S2-417311744,S3-655594658
S1-530896210	
S1-462838835	
S1-830109284	
S1-602183747	S3-888332711,S3-652562444
S1-413856777	
S1-318504323	
S1-110326668	S3-5248330,S2-124215927
S1-506850758	S2-547760453,S3-689686931,S3-125080109
S1-838536053	S2-6257913,S2-291996297,S3-423370673,S2-427600484
S1-189727381	S3-923848114
S1-931233771	S2-722392839,S2-583600667,S3-391919460
S1-338047100	
S1-145104904	
S1-803545135	
S1-315589792	
S1-937350680	
S1-804689976	S2-802852532,S3-275408720
S1-777879982	
S1-623293771	S3-374307341,S3-831007754
S1-824163027	
S1-316985767	
S1-17043989	S3-678650108,S2-504064048
S1-454783036	S2-451893939,S2-848574374,S3-456072933
S1-876717670	S2-276207026,S2-989184976
S1-6399738	S2-319181112,S2-502654230,S3-539298359
S1-42768288	S2-539226471,S3-667726869
S1-164716928	S3-411616376,S2-874846450
S1-126405157	S2-435681712,S3-385633547
S1-355907332	
S1-756892853	
S1-370155229	
S1-620920289	
S1-657603533	
S1-279740433	S3-904770927,S3-757461324,S3-442391065,S3-444250138
S1-937580684	S3-662856620,S3-279349296,S3-479698009,S3-557432668
S1-940975171	
S1-532163063	S2-294108422,S3-375905155
S1-818811845	S3-362946825,S3-191076789,S2-108412548,S2-910098257
S1-527453537	
S1-545558294	S3-907634304,S3-937897159,S3-137388296,S2-405222577
S1-13354677	S2-690337135,S2-493040290,S3-193598285
S1-384859756	
S1-381142517	S2-743702713,S3-365848168,S3-313515960
S1-525911869	
S1-398161505	S3-437203809
S1-331959773	S2-979664079,S2-596010136,S3-473144659
S1-225612874	S3-939456493
S1-328030260	
S1-295224652	S3-909894196,S3-545029419,S3-342252475
S1-87365573	S2-801185582,S3-757658622
S1-202831695	S3-609939410,S2-316530395,S2-839932526,S3-233008675
S1-48657583	S3-415027796,S3-294337777,S3-470773787,S2-33264082
S1-65613396	S2-473538161,S3-216316818,S2-91804784,S3-929081960
S1-495875134	S3-823299309,S3-191883751,S3-601189762,S2-28741584
S1-111634315	S2-555453578,S2-252343086,S2-92317782
S1-524206540	S2-426386717,S3-482458683,S3-928974008,S3-754157270
S1-467754979	S2-518557284,S3-128771127
S1-938338283	S3-272809343,S2-638893609,S2-352101577
S1-550437167	
S1-796737254	
S1-799281838	S2-263985777
S1-23317034	S2-991006840,S3-411391621,S2-357049026
S1-370130121	S3-378725536,S3-86747764,S3-627719051,S3-164672244
S1-429329058	S2-464150565
S1-902936145	S2-140736216,S2-655083316,S3-87646576
S1-53848228	
S1-721637361	
S1-344120764	S3-394617752
S1-959665984	
S1-963773704	
S1-888970661	
S1-870953521	S2-452223601,S2-422700140,S2-383324122,S2-105393035
S1-623667563	
S1-306035202	S3-355472354,S3-47679757
S1-781206004	S2-231647506,S3-542039206
S1-47014779	
S1-765672923	S2-237587631,S3-671017460,S2-85267874
S1-741394691	
S1-986504865	S2-742188287,S2-328080189,S2-7738291,S2-421580148
S1-416440868	S3-435496467,S2-312493691
S1-98711318	S2-694461675,S3-882874222,S2-54177506,S2-246025553
S1-756416708	
S1-356151781	
S1-514258646	S2-589945127,S3-108528223
S1-683830794	
S1-664900620	
S1-946644	
S1-90773842	S3-622202039,S3-994704309,S2-348948973
S1-526483747	S2-88059740,S2-555069938
S1-997025212	
S1-553805832	S3-625564730,S3-966247351
S1-84887038	S3-284094816
S1-275177573	
S1-902631421	
S1-497230411	S2-727980031,S3-379376379
S1-930662048	S3-840017353
S1-870324568	S3-205036176,S2-379330881,S3-833813985
S1-275708717	S3-32649902
S1-890516444	S3-373153653
S1-104965728	
S1-430813342	
S1-503881043	S3-602650052,S2-800504502
S1-893818252	S2-891251118,S3-846889332,S2-145518952,S3-405029444
S1-390020489	
S1-451293904	S2-901245140,S3-630546969
S1-490098400	
S1-584440099	
S1-850116582	S3-377116160,S2-682320848,S2-259409790
S1-16287155	S3-432669250,S2-216716033
S1-632351529	S3-172494124
S1-579115132	
S1-290517651	S3-843903823,S3-47052996,S3-476292790,S3-104717785
S1-607202610	S2-514334168
S1-501605617	
S1-733893754	
S1-831098554	S3-381767283,S3-997700290
S1-413969683	
S1-557996865	S2-560439815,S2-440191126,S2-113655952
S1-814434400	
S1-900689415	S3-709889419,S2-751496413,S3-114925519
S1-996630830	
S1-537548594	S3-615054036
S1-6329990	
S1-796753303	
S1-309507079	S2-604903991,S3-850550589,S3-575772735,S2-242032003
S1-484242231	S2-190159987,S2-951056460
S1-217867503	S3-592388988,S2-575903913,S2-840896461
S1-2946794	
S1-847913408	S3-778758186,S2-129117159
S1-445126649	
S1-418019063	S3-570119536
S1-801435896	
S1-967055437	S2-529815546,S3-997712275,S3-964137950,S3-962276362
S1-385469616	
S1-803386492	S3-399229654,S2-483050253,S3-775560151,S2-382681556
S1-371039390	S2-946440629,S2-109690994
S1-303105488	
S1-942886951	S3-203030177
S1-246419989	S2-850773040,S3-678124691
S1-195771105	S3-707563843,S2-702035559,S2-485307072,S3-64082449
S1-957634955	S2-999505658,S3-266454476
S1-429053654	S2-723413644,S2-834883633,S3-701124545
S1-235262437	S2-982012308,S3-673674942
S1-741722864	S2-924082921,S3-690435139,S3-330380915,S3-404338542
S1-727331365	S3-772636693,S3-590746660,S2-675661144,S3-414954292
S1-219503618	
S1-447457784	S2-65758262,S3-192132465,S2-306555674
S1-307232826	S3-441106409,S2-431569849,S2-53106010,S3-553653406
S1-476879997	S3-223552445
S1-517089128	S2-707901610,S3-584129361
S1-321382680	
S1-960943225	S3-910497163,S2-580883350
S1-821687561	
S1-138092506	S3-274876087
S1-97117616	S3-8477994,S2-761917368
S1-828007017	
S1-378525589	
S1-300141267	S2-584981358,S2-953335413,S2-10907470,S2-90186285
S1-457617292	
S1-173248818	
S1-4382837	S2-198726559,S3-48446318,S2-562887227,S2-517519668
S1-987454163	S2-527501788,S2-366709444
S1-823254976	S2-407464737
S1-887447533	
S1-481301220	S2-538351575,S2-527511330
S1-681025039	
S1-171475339	S2-243321022,S3-299922508,S2-727902146
S1-786062389	S3-25243576,S2-804332641,S3-850462153,S3-690305099
S1-721118441	S2-331554713,S3-551193638,S3-750411361,S3-772764763
S1-421233963	
S1-613887133	S2-8631612,S2-46453774,S3-924485351,S3-813143539
S1-810117122	S2-204560331
S1-314352672	S2-908145438,S3-508676062,S2-647566414
S1-550183030	
S1-296107617	
S1-989532767	S3-35095402,S2-875126937,S3-245642427
S1-724182744	S2-20442496,S3-368314078,S3-658860261,S3-603289484
S1-386441876	
S1-120792738	
S1-375233640	
S1-914269642	
S1-911474108	S3-766635649
S1-128950950	
S1-505650903	
S1-85104841	
S1-340100747	
S1-301479885	S3-71756808,S2-422143338
S1-95323736	S3-575452331,S2-722891657,S2-645581370
S1-161225104	S2-976436376
S1-32705446	
S1-842801162	S3-922965187,S3-70118428,S2-231329233,S2-340689957
S1-64970697	
S1-962404355	S3-993267680,S3-912495853,S2-617681567,S3-567983869
S1-913949930	S3-668838343,S3-54766511,S3-534896261,S2-945909149
S1-623548074	S3-337630435
S1-882374456	
S1-880949388	S3-351921154,S3-319794538,S2-997809515,S2-625064631
S1-22122385	S2-865002134,S2-773105079,S2-677876343,S2-96086505
S1-894733018	S3-120046116
S1-207924915	
S1-583955981	S2-342461418,S3-123114593,S2-633467803,S3-539011310
S1-963172619	
S1-993748463	S3-47817583,S2-487968062
S1-614344707	S2-262211943,S3-633690709,S2-912320552,S3-251583764
S1-799382351	
S1-242663133	S2-423004441,S3-685388226,S3-220359892
S1-25576218	S3-591143397,S3-717959759
S1-674125910	S3-248393899,S3-996044451,S2-682916288
S1-155361550	S2-702980604,S2-432578505
S1-40263614	
S1-973505024	S3-306793673,S2-433294565,S2-299053842,S2-255459559
S1-474098009	
S1-170396106	
S1-167636788	S2-255497564,S3-647649823,S2-297142684
S1-893312208	S2-484115610,S3-968417414
S1-556010371	S2-455894655,S2-204976770,S2-656803883,S3-996419152
S1-740360497	
S1-436028823	
S1-73469455	S3-237060066,S2-475159178,S3-962021999,S3-955706527
S1-156700330	S3-492524774
S1-313244432	S2-547405781,S3-109472440,S3-96420512
S1-336070990	S3-15801446,S3-826558710,S2-420797021,S2-954978780
S1-43147236	
S1-644781833	S3-630367241,S2-383964817,S3-593349231,S2-999471326
S1-968568319	
S1-551530899	
S1-528970755	S3-581733541,S3-979716563
S1-36550117	S3-605367567,S2-230509307,S3-648605044,S2-115024949
S1-840042615	
S1-367891473	
S1-840499328	
S1-678985138	S3-729438665,S2-52951444
S1-364360432	
S1-443737690	
S1-395735414	
S1-716658490	
S1-296196748	S2-328548041
S1-952794410	S3-806727858,S3-940260649
S1-17011143	
S1-823098759	
S1-901155173	S3-838853794,S3-316570633
S1-801473375	
S1-267718603	
S1-996791740	S3-804195323,S2-473539036
S1-225966611	S3-597488369,S3-760580747
S1-632883296	S3-704018071,S2-156729506
S1-400140179	
S1-628838391	S2-199178066,S2-558049415,S3-905893763
S1-460224356	
S1-672327036	S3-11788494,S2-79296700
S1-732615079	S2-191938171,S2-973404452
S1-825980240	S2-524307856,S3-677068790,S2-265853341
S1-811490364	
S1-984956868	S2-407256867,S2-612232886,S2-504958470
S1-412684123	
S1-111061185	
S1-402748409	S3-644427958,S2-193571699,S2-739027897
S1-950797860	S2-874067150,S3-691865698,S2-477728674,S3-976462601
S1-52670798	
S1-591690103	
S1-900286225	
S1-851014710	S2-974132571,S3-48798765
S1-624033516	
S1-440358903	
S1-23679681	S2-894748102
S1-301898437	
S1-604815947	
S1-771822146	S3-116228261,S2-556639373,S2-882922533,S2-58222492
S1-763598011	
S1-965141559	
S1-599325746	
S1-329711226	
S1-774813753	S2-627735613,S3-491386522
S1-353067207	
S1-292138772	S2-9292370,S2-106521820
S1-297077255	S3-770964453,S2-983674402,S3-854353456,S2-702702189
S1-334164801	S3-892248895,S2-844057436
S1-130167471	S3-579062272,S2-441646477,S2-910012685,S2-255452720
S1-740395361	S2-367245892,S2-553903493,S3-869377010
S1-927035452	
S1-470567746	S2-877901036
S1-236450313	
S1-130116733	S3-538517436
S1-374789441	
S1-789580018	
S1-324180217	S3-431563589
S1-804339175	S2-711380428
S1-724629239	S3-521494107,S2-449200613
S1-117561122	S2-183124145,S3-853088236,S3-187765762,S3-906530356
S1-323246954	
S1-73231872	S2-348502926,S3-499423393,S2-30081382,S3-743083268
S1-11835792	S3-900034481,S3-429807627,S2-576062485,S2-504793407
S1-495879062	
S1-820530989	
S1-787158969	
S1-890332738	S3-113843043,S2-620783178,S2-262200481
S1-559174769	
S1-876118961	S3-511186069,S2-22444617
S1-437910119	S3-466343539,S2-804997254,S3-680699237
S1-845596590	
S1-219630763	
S1-823111908	S2-503053241,S2-668946487,S2-401970508,S3-477084144
S1-596953606	S3-625763281
S1-938784944	S2-785380536,S2-266228232,S2-707484034,S2-342684193
S1-605458817	S3-965833905,S3-795640800
S1-119970410	
S1-90258892	S2-685299017,S2-180893719
S1-234906390	
S1-359369117	S2-701861284,S3-215293918,S2-357687512
S1-825661147	
S1-229394724	S3-757339054,S3-918244430,S2-980890926,S3-434852500
S1-965751375	
S1-823917111	
S1-423734204	S3-430946605,S2-424399874,S2-393215426
S1-87915253	
S1-492438693	S2-326031370,S2-89980449,S3-119592338
S1-790162217	
S1-658485063	
S1-45923785	
S1-182062273	
S1-412579155	
S1-759785723	S3-566149312,S3-752999830,S3-250070876
S1-930208239	S2-440562809,S3-875857316,S2-808725501,S2-14646546
S1-634779033	
S1-193347213	S2-232218556,S2-516012073,S3-109311928
S1-787478115	
S1-174434806	
S1-502877274	
S1-598889000	S3-107694026
S1-460765336	S3-795640800
S1-691607762	S3-363763765,S2-606062203,S3-136358337
S1-763438158	S2-210796568,S2-57010671
S1-202620927	
S1-515221083	
S1-216225664	
S1-435196361	
S1-881282895	
S1-607859467	S2-960696919,S2-780398032,S3-329877381,S3-432123024
S1-795263325	
S1-496785655	S3-829666745,S2-571455753,S3-149775757
S1-50390454	
S1-992533328	
S1-177426037	
S1-970613770	S2-372575231,S3-623594574,S2-899765238,S2-165831707
S1-415941529	
S1-587155679	S3-844789278,S2-612187373,S3-881820418,S3-660824052
S1-852537362	
S1-729526223	
S1-210636755	S2-631088491,S2-399968104,S2-41589953
S1-661250	S2-988580512,S3-313092045
S1-928194051	
S1-844459709	
S1-584631620	
S1-166703643	
S1-819480200	S3-894832240,S3-597956274,S3-414146264,S2-741109407
S1-2915106	S3-72269306,S2-354582189,S3-186303063
S1-55655783	S3-754029129
S1-120862824	
S1-67877141	
S1-419886399	S3-280793942,S2-235222346
S1-376184030	S2-97557377,S3-12182677,S3-824947141,S2-219359882
S1-469453299	
S1-295487094	
S1-461184384	S3-897291083
S1-512819009	S2-958318251
S1-549099055	
S1-712469348	S3-117193712,S3-705780233,S3-127741764,S2-549195014
S1-631511161	S2-825784211,S3-693544610,S3-295067448,S3-888257742
S1-921973532	S2-105699176,S3-871906189
S1-531912962	
S1-839271541	S2-118846215,S3-779458119,S3-690708739
S1-403906560	S3-290178351,S2-457627328,S3-649813042
S1-633759593	S2-318754342,S2-53529514,S3-299581861
S1-36667331	S2-496097918,S2-652738420,S3-775068521,S2-203317069
S1-810156867	
S1-905633298	S2-480078145,S3-205450363,S2-106139893
S1-686116768	S2-674777652
S1-892224462	
S1-607590260	S3-637909775,S3-410067846,S2-245584608,S2-830910988
S1-854450682	S3-597294812,S3-812537088,S3-440531413
S1-1727961	S2-717409067,S3-240532833
S1-461833575	
S1-502436960	
S1-214104164	S3-968278652,S2-397817863,S3-479712638,S2-200611342
S1-368190269	
S1-39742463	
S1-893562019	S3-369798876,S3-200149940,S2-487410989,S2-545492439
S1-741351627	S3-892600290,S3-138425362,S2-647765099
S1-432105985	S2-509596617,S3-506710964
S1-955082178	
S1-436504155	
S1-869869851	S3-396517636,S2-629392623
S1-339271252	S3-548148850,S2-417458666,S2-626146567,S3-105392186
S1-161010919	S2-14998996,S3-944393878,S2-567195955,S2-864083531
S1-844476782	S3-839611532,S2-685422277,S3-938248818
S1-29030756	S2-705100460
S1-901907331	S3-115401210,S2-721030227
S1-986523869	S3-767805128,S3-568547853
S1-780944071	S2-328936629
S1-300842153	S2-675619201,S2-841067532,S3-831389087,S3-646327303
S1-518176613	S3-208615039,S2-928377855
S1-643513642	S3-445525605,S2-484449025
S1-211574280	
S1-838887616	
S1-426947781	
S1-860279540	
S1-984762965	
S1-440725811	
S1-803780381	
S1-977705668	S2-886950735
S1-970456061	
S1-922343081	S3-33497058,S2-749626432
S1-665624309	S2-566538569
S1-524796712	S3-91680300,S2-440314165
S1-324566426	S3-899948241,S2-753132791
S1-754988660	S2-264399608
S1-315918974	
S1-692710605	S3-882387806,S2-594270006,S2-614350210
S1-116382291	S2-172373559
S1-893385321	
S1-295173766	
S1-965220889	
S1-267683378	
S1-767799851	S3-616383883,S3-575451136,S2-474290743
S1-135750971	S3-147227330,S2-525127494,S3-131033922,S3-935773896
S1-856630876	S3-24720209,S2-629963745,S2-129547445,S3-950347774
S1-946097482	S2-702022933,S3-641154520,S3-820356440,S3-189653448
S1-671491862	S2-3561497,S3-76634231,S3-515262079
S1-843748358	S3-699726503,S3-346753622
S1-634919202	S3-773811750,S2-91015132,S2-805039107,S3-864204441
S1-751813590	S2-865649254,S2-789654235,S3-835646684
S1-533869638	S2-433510868,S3-625057582
S1-764100434	
S1-215668480	
S1-249659481	
S1-556205581	S2-756751326
S1-9273572	
S1-55440404	S3-588991874
S1-484927440	
S1-48912564	S2-609814452
S1-232073289	
S1-933783413	
S1-435391105	
S1-774651747	
S1-519908621	
S1-455095147	S3-530474568,S3-268110778,S2-429851811,S3-957762679
S1-671774996	
S1-577678215	
S1-624004006	
S1-553702272	
S1-884912318	
S1-373650767	
S1-359873834	S3-991214697,S3-95264556,S2-132765219,S2-349124253
S1-827751387	S3-325191665,S3-213967824
S1-448266630	S2-407464737
S1-177144805	
S1-495207020	S2-115892807
S1-352691109	
S1-192241793	S2-155172658,S3-391612667
S1-260593038	S3-993857717,S3-882395198
S1-978648067	S2-282627989,S2-829257270,S2-932266246
S1-828074556	S2-222946083,S2-109760920,S3-580341940,S3-106583355
S1-790630602	S2-618264771,S2-566129977,S2-515544215,S2-108614881
S1-261011569	S2-420742713,S2-163766519,S3-961203717,S2-56934823
S1-721242258	
S1-46516483	S2-325710753,S2-893948275
S1-951364404	S3-636902040,S3-563417820,S2-110376152
S1-215568883	
S1-580090187	
S1-893828345	S2-649855857,S2-902603143,S2-803139182,S2-197462845
S1-307128174	S3-922751678,S3-977470626
S1-953005335	S2-887001179,S3-977659818
S1-61429512	S3-570256950,S2-169923089,S2-679702485
S1-184951522	S3-641185085
S1-422251575	S3-88277499,S3-601720721,S3-127809410,S3-110021598
S1-618249977	
S1-957968014	S2-372122581,S3-345881922
S1-454216997	S2-572566901,S2-648279052,S2-478584939,S2-342735178
S1-801928357	
S1-442172289	S2-371628649,S2-805818668
S1-433399557	S3-373153653
S1-456493455	
S1-671767354	
S1-977933337	S2-147807679
S1-127119037	
S1-907620713	S2-994854830,S2-550815679,S2-275978645,S3-218185345
S1-754358301	S2-515221936,S3-914727871,S3-516947636,S2-894377091
S1-318613990	S2-632659988,S2-409460153
S1-749508776	S3-40064382
S1-182612529	
S1-267304008	S2-445151765,S2-273536609
S1-341197587	S2-425409174,S3-726817147,S3-452055184
S1-735204635	
S1-459798887	S2-816287816,S3-807580876,S3-599469767,S3-197082864
S1-540044226	
S1-310654343	S2-160067551,S2-724170944,S3-764167858
S1-570073092	
S1-971972341	
S1-126822573	
S1-49089921	
S1-257849558	S2-427100831,S2-474618399,S2-11800211
S1-470611669	S2-269978467,S3-826958274
S1-606452874	S2-606152879,S2-118735355,S2-72126644,S3-419357209
S1-457490674	
S1-869598978	S2-953978326,S2-808458191,S3-613361619,S3-16751502
S1-921548293	
S1-178514493	
S1-417999919	S3-745407484,S3-905042441
S1-587951325	S2-267188281,S2-348010890,S3-249426455,S3-434273593
S1-423107488	S2-406434492,S3-118064664
S1-732635574	S3-503592394,S3-685732617
S1-608398674	
S1-519981146	S3-789892934,S2-15336660,S3-356823001,S3-193336363
S1-823064276	S3-670651730,S3-394060937
S1-395471985	S3-488921556,S2-295516034,S3-224397123,S3-80238070
S1-993825418	S3-135825505
S1-721939282	
S1-766696100	S3-943842682,S2-322911099,S2-147489321,S2-180836967
S1-938791962	S3-623102096
S1-453008448	S3-824343658,S3-378798342,S2-282726192
S1-777716796	S3-140782314
S1-580538736	
S1-202624402	S3-693801102
S1-446614578	S3-830229427
S1-479260646	
S1-785711843	
S1-850504824	S3-230622275,S3-930516436,S3-513284238
S1-572307618	
S1-257053616	
S1-25117519	S3-542321872,S3-475080967
S1-654173121	S2-407148296
S1-954744269	
S1-637352614	S2-488508794,S3-19728636,S2-939256755
S1-973331997	
S1-601412426	S2-107185822,S2-108121589,S3-437282176,S2-553322106
S1-403130257	S2-335895006,S3-693024375,S2-778319897,S2-339686256
S1-522909786	
S1-130930191	
S1-280166722	
S1-668089483	S3-424939385,S3-307742752,S2-573061427,S2-138329172
S1-923016720	
S1-2084563	
S1-685887998	
S1-968624365	S3-117395961,S2-739733286
S1-968841316	S3-78599269,S3-82315301,S3-108704986,S2-428246678
S1-654864332	S3-963082063,S2-70791843
S1-301257890	
S1-872063435	
S1-596486522	
S1-293377914	
S1-252556759	
S1-640305567	
S1-696414873	
S1-761281272	S3-321203711
S1-25425390	
S1-294943760	
S1-383788105	S2-711212693
S1-458648581	S3-694043665,S3-760484087,S2-712037474,S2-359692507
S1-353783301	S3-815056655,S3-584001208
S1-365979550	
S1-395567949	S2-347675488,S3-910590688,S3-540791679
S1-487909645	S2-430430197,S2-502660236,S2-449216957,S3-119393129
S1-496991801	S3-550072856,S2-904195330
S1-908049179	S3-117742888,S3-412106229
S1-417360581	
S1-774710823	S2-346289307,S3-647136685,S2-941471134,S3-433575838
S1-822325322	
S1-135986169	S3-888541690,S3-495395560,S3-181473901,S2-362996622
S1-934591912	
S1-527472397	
S1-747706743	S2-801163479,S2-667540692
S1-770184298	
S1-873696381	S2-743347470,S3-944734739,S2-288552464,S3-190692008
S1-159099559	
S1-776832815	S3-805384675,S3-426029224,S2-892161965
S1-216858705	S2-724267805,S3-821672293,S2-681750045
S1-364218174	S2-187740779,S2-164126159,S3-139712371
S1-387625162	
S1-403723806	
S1-710933352	S2-734846774,S2-393194450,S3-999549294,S3-64460321
S1-435098650	S2-969034927,S2-265041237,S3-958441928,S2-943025412
S1-276004517	S2-926456327,S2-531026640,S3-148224417
S1-564582023	
S1-756648200	S3-206693737,S3-333400137,S3-666896540,S3-205205211
S1-232428289	S3-443902617,S3-169445494,S3-369313440
S1-319321181	
S1-925619095	S3-281560991,S2-169084020,S2-306322674
S1-487364714	S2-805885442,S2-413981780
S1-414625629	S2-737519106,S3-74190604
S1-281392283	
S1-150165514	
S1-27880684	
S1-496595805	S3-120572750,S3-824485706,S2-887251081
S1-230978747	S3-695440952,S2-639768287,S3-623107602,S2-67813672
S1-994908723	S3-191529831,S2-455975537,S2-579241353
S1-845515756	S3-444709956,S3-821112905,S3-695590914
S1-211280343	S3-88925271,S2-51032151,S2-176164959
S1-871434848	S2-596944048,S2-172260469,S3-457854110,S3-149103019
S1-460422458	
S1-471431733	S2-301742730,S3-557886436,S3-360990342,S2-818595351
S1-557194021	S3-325497295,S3-28083436,S3-951777067,S2-471315635
S1-437916268	
S1-193575483	
S1-654430666	
S1-108373965	
S1-214480540	S2-720620807,S2-594128073,S2-370785631,S3-490691681
S1-626975851	
S1-163185529	
S1-638102291	S3-374535215,S2-656646792,S2-222365621,S3-453929317
S1-462375940	
S1-757549310	
S1-837470999	
S1-209662358	S3-416673634,S3-86559113,S2-284719619
S1-82498942	
S1-269849905	S3-84547368,S2-756042561,S2-159845202
S1-918308327	S3-115736685
S1-120719561	
S1-354525158	S3-821078598,S3-114559862
S1-579573075	
S1-398082923	S2-393265686,S3-383636813
S1-954063110	
S1-421904339	
S1-243914352	
S1-298205733	S3-6967511,S2-68551854
S1-550242850	S2-631153330,S3-736528580,S3-436935436
S1-521357039	
S1-301836342	
S1-367759214	S2-69360341,S2-730139815,S2-218950789,S2-384943268
S1-270205359	
S1-322027012	S3-657817496,S2-990829162
S1-781234997	
S1-915531958	
S1-314878886	
S1-239925752	
S1-154065916	
S1-775052930	
S1-657220453	S3-956596563
S1-714955585	S2-124100856,S3-463598946,S2-829253611,S2-533132827
S1-911213766	S3-441862763,S2-243486717,S2-885501021,S3-447619251
S1-614546169	S2-926340014
S1-266429232	
S1-954243889	
S1-495277967	
S1-46860562	S3-305294569,S2-865172919,S2-647358172,S2-841531673
S1-566846178	
S1-811672755	
S1-423750022	S3-980835537,S3-477528500,S3-204535423
S1-272903339	
S1-501810968	S3-910458991,S2-7431019,S2-30982905
S1-678758399	S3-52284751
S1-950478593	S3-259273099
S1-938103702	S3-179333711,S2-929387837,S2-324253815,S2-44518051
S1-195422418	
S1-922544853	S3-659112208,S3-944978830,S3-674672326,S2-580443792
S1-970318091	
S1-547167030	S2-757182995,S2-197025353,S3-717746375,S3-540062272
S1-93119380	
S1-38165439	
S1-555102061	
S1-389683318	
S1-792129951	S3-447827653,S2-494489332,S2-139616511,S3-539484349
S1-645614948	S3-628141220,S2-96346241,S2-730950238,S2-434733833
S1-827333730	
S1-773044078	S2-847217587,S3-173625888,S3-24429747
S1-817806156	
S1-204939867	
S1-462030453	S2-364782567,S3-958121746,S3-34982093
S1-191007959	S2-817354655,S2-1540289
S1-324992668	S2-299503172,S3-618385768,S3-216189543,S2-713372708
S1-791612344	
S1-907239984	
S1-718022083	S3-448525958,S2-820052107,S3-804627296
S1-659391027	S2-841609050,S3-291487742
S1-425392516	S2-603622558,S2-996800264,S3-409981340
S1-863035669	S2-310247244,S3-419170452
S1-482538592	
S1-364357198	S2-329805302,S3-468525513,S3-887169151
S1-427965525	S2-674704389
S1-701820127	S2-538271083,S2-262731008,S3-116880321
S1-708178192	S3-638330607,S2-601855905,S2-281281583,S3-163076944
S1-813793574	
S1-894724285	
S1-315085194	S2-335876974,S3-237750909
S1-622628277	S2-615498800,S3-18334449
S1-664324409	S3-123267243,S2-664003691,S2-626023256,S3-709881821
S1-878788934	
S1-266798622	S3-571322384,S3-796361373
S1-993804718	
S1-266609127	S2-873098838,S3-403748953,S2-242356041
S1-381499928	S2-701468256,S2-757116559
S1-321204760	S3-417097355
S1-414787455	S3-401348967
S1-560956277	
S1-255643496	S2-422141285,S3-57552791,S2-986719188,S3-666817264
S1-23149906	
S1-903967064	
S1-556670269	S2-588808552,S2-949449348
S1-694227173	
S1-462415697	
S1-659676954	
S1-953714834	
S1-809669806	
S1-869192359	
S1-846368688	S2-834945141
S1-895366097	S3-586358236,S2-840684887
S1-707230373	
S1-551272737	S2-20737382,S2-743893161
S1-671296004	
S1-129518337	S2-372179682
S1-467561521	S3-492908534,S2-762612696
S1-351972200	S3-5739834,S2-280469270
S1-450193873	
S1-695379874	
S1-279847158	S3-218880443,S3-501987119
S1-724617520	S2-65047547,S2-81352864,S2-562195145
S1-38707524	
S1-191687361	S2-97620035,S2-982341478,S2-426118767,S3-147315654
S1-554441671	S3-164336211,S3-785359561,S2-163726473,S3-22506524
S1-912999123	S3-5516827,S2-409547284
S1-8573403	S2-495066574,S3-737454926
S1-954429363	S2-67763333,S2-588991244,S3-79731216
S1-341626962	S2-691794041,S2-875055159,S2-257534276
S1-851710606	S3-50691846,S3-437354444,S3-599657518,S3-846274642
S1-394168277	S2-573277932,S3-207362814
S1-756113097	
S1-982881751	
S1-701796482	S3-248319692
S1-722704206	
S1-422841161	
S1-817914345	
S1-960710716	
S1-376005988	S2-240409159,S2-266551454,S3-962724733,S3-867679207
S1-516944352	
S1-173780442	
S1-412663035	S2-619541437,S3-897900903
S1-469110026	S3-697369517,S2-608239426,S2-755813984,S2-24486313
S1-95002898	
S1-345738384	
S1-157821651	S2-896732867,S3-546729235
S1-764854561	S2-523986047,S3-133026050,S3-540784853
S1-643028502	
S1-142715036	S3-1894076,S2-509489494,S2-864473316,S3-214247614
S1-608409121	
S1-560601506	S3-949747931,S3-456843435,S2-311979707,S2-112881154
S1-732974680	S3-763604170,S3-935275703,S2-414923423,S3-590320217
S1-50432426	S2-149858467,S3-515362882,S3-475367941,S3-206631711
S1-433999815	S2-748339820,S3-412142008,S2-41908129,S3-909145398
S1-842463783	
S1-292348707	
S1-367632243	S2-342291424
S1-141999159	S2-315738781,S2-51241628,S2-20003874,S3-844935755
S1-324917866	
S1-130458550	
S1-246678269	
S1-995748644	
S1-678427465	
S1-855453577	
S1-517477024	S3-467800076,S2-60817369
S1-427878036	
S1-451511839	S2-127703153,S2-873097393,S3-136559234,S3-439352881
S1-481187040	S3-199610634
S1-280884453	
S1-875510579	
S1-251185641	
S1-332041175	S2-346420138,S2-689048400,S2-988774977
S1-420962799	S2-25265619,S2-378356270,S2-364841941,S3-813298372
S1-657826508	
S1-10701988	S3-94072647,S3-515911726,S3-203347366,S2-207252956
S1-314744797	S2-816742560,S2-823587368,S3-736314008
S1-491074577	
S1-104992862	
S1-349712791	
S1-516684207	
S1-560325454	S3-179084767
S1-843121975	
S1-940648906	
S1-903841518	S2-642963592,S3-406599861
S1-307236954	
S1-751418581	
S1-399692006	S2-626842621,S2-885996648,S2-633452168,S2-606742438
S1-98427813	S2-52239898,S2-949024449,S2-85287151,S2-247507777
S1-174956626	
S1-550331402	
S1-927619396	
S1-962622434	
S1-575278541	S2-594622774,S3-836025223,S2-999821104
S1-302278332	S2-856025678,S2-100962597,S3-690555664,S3-397099207
S1-883487839	S3-854829428,S3-382692533
S1-33672027	
S1-5535989	S2-290205268
S1-598652857	S2-896533941,S2-454419989,S2-36161045,S3-25883699
S1-146110036	S3-539564162,S2-440063466
S1-461793614	S2-812597552,S3-333344515
S1-329800047	S3-899756495,S3-141068034,S2-636279300
S1-305911069	S3-196055966,S3-325486551,S3-148444451,S3-9113559
S1-262027526	
S1-712842256	S3-775938084,S2-533848874,S3-591179431,S3-994512106
S1-597447216	
S1-554796850	
S1-325570211	
S1-598401154	
S1-410487495	S2-869200999,S3-120918078,S2-772130475
S1-467121343	S3-716435228,S3-626657106,S2-92710378,S2-197703325
S1-20818318	S3-791525133,S2-16758647,S3-987545026
S1-775367603	
S1-555493930	
S1-636929196	S2-175942344,S3-488150278,S2-30937047,S3-850485795
S1-65702420	
S1-978037468	S2-28747366,S3-936754701,S3-185373131,S3-72913660
S1-402623173	S3-767813985,S2-768736089,S3-896941468
S1-623271623	
S1-43306865	
S1-177591018	S2-200672049,S2-983498492,S3-323295623,S3-364076125
S1-888001749	S2-916332173,S2-410726365,S3-506873500,S3-940354746
S1-17449358	S2-799969254,S2-380050616,S2-939822348,S3-246749985
S1-101564555	S3-633614303,S3-255240699,S2-663085731
S1-921544586	
S1-767236682	
S1-74719399	
S1-567999242	S2-373108424
S1-841096362	S2-261391381,S3-657170043,S2-419353650,S3-881577197
S1-294807172	
S1-518032853	S2-230999131,S2-180385307
S1-59755491	
S1-542090549	
S1-407101550	
S1-209766350	
S1-904636591	S3-602569944,S2-68596081,S3-340761964
S1-420260704	S3-283695257,S2-683558125,S3-466729566,S3-334078456
S1-645419678	S2-148663266,S2-582352121,S3-987166610,S3-312388416
S1-70175472	
S1-124601991	S2-890218613,S2-447075750,S2-738894090,S2-507073317
S1-542206105	S2-869923400,S2-17401274,S3-938850628
S1-108888121	
S1-153216416	S2-176256580
S1-505517679	
S1-244486765	S2-153998170,S2-727345365
S1-267102499	
S1-236329631	
S1-340800269	S2-573957259,S3-412453891,S2-632197526
S1-918152005	
S1-972623738	S2-478136710,S3-504692543,S3-156148895,S3-588290857
S1-705028315	S2-212618394
S1-41785798	
S1-315602087	S3-735452590,S2-735409992,S2-878920205,S2-304102431
S1-773654470	S3-645398858
S1-228265445	
S1-606347290	S3-694583207,S2-80788338,S2-157677461,S3-478041451
S1-684920972	S3-58464825,S2-559440182,S2-726855694,S2-803056321
S1-103452629	S2-675013284,S2-721708656,S2-532780922,S3-534600686
S1-372030879	S3-201119560
S1-694247441	S3-897864003,S3-773463665
S1-65356384	S3-521272554
S1-227087367	S2-266972727,S3-634336704
S1-165454918	
S1-613551076	S2-437588235,S2-352954235,S3-972795028,S3-531621317
S1-307547912	
S1-390680776	
S1-855386683	S2-3467441,S2-513255829,S3-673141846,S3-593162208
S1-583474434	S2-263751885,S3-303385957,S2-267606495
S1-816738487	S3-421617220,S2-433095192,S2-998028552
S1-437562776	S2-286530962,S2-788994919,S2-628690574,S3-787259645
S1-820288390	S3-847530231,S3-639093815,S2-168636430,S3-704792608
S1-82915799	S2-308269029,S3-312208196,S3-302589877
S1-396372436	S2-811392473,S3-893228856,S2-803020107,S2-740147230
S1-929176366	
S1-661993254	S3-87531190,S3-557843250,S2-946317228
S1-985712034	S2-9730718,S3-472363480
S1-210499039	S3-999768332,S2-549726078
S1-636145320	S2-676144530,S3-476155547
S1-3982606	
S1-854002248	S3-788443669,S3-451584430,S2-301865081,S2-905574960
S1-518363216	
S1-168812984	
S1-33320778	S2-272863042,S2-706738265
S1-440484333	
S1-327895571	S3-982768860,S3-775536503,S2-462482689
S1-437426688	S3-437424829,S3-260254054
S1-561605702	
S1-768842757	S3-785625130,S2-603127553
S1-943909931	S3-496591587,S2-40786300,S3-377929142
S1-144897163	S3-550910748
S1-411934893	S2-770356512,S2-79143775,S3-942268070
S1-506983353	S3-757361359,S3-143000352,S2-84551065,S2-953403000
S1-696351262	
S1-110821829	
S1-872368514	
S1-217193441	
S1-772180317	S2-170537809,S3-248259341,S2-588557154,S3-752674723
S1-288151490	S3-739227565,S2-824821547
S1-983082349	S3-832519922,S3-712884207,S3-225293748,S3-147963178
S1-751001047	S3-786293659,S3-387796718
S1-926670847	S3-776679900,S2-213098429,S2-969653423
S1-576046829	S2-807251394,S3-740779267
S1-971929035	S3-215631738,S3-403924896
S1-50478816	
S1-206089616	
S1-435801880	S3-554460586,S2-874210875
S1-315206924	S2-227043627
S1-459820440	
S1-57001785	
S1-863415218	S3-204012460,S2-431581450
S1-494852710	S3-213518894,S3-513577391
S1-75984673	S3-884967836,S3-711714783
S1-65002775	S2-518749751
S1-494079594	
S1-383138553	S2-480961684,S3-333212667
S1-806615441	S2-952386193,S2-845368274,S3-511648773
S1-790404577	S3-776226470,S2-520922445,S3-645430742,S3-744683952
S1-406633796	S2-828709341,S3-139711631,S3-996885078,S3-108897233
S1-434128484	
S1-221889157	S3-658066026,S2-355696153,S3-596306366,S2-360937479
S1-164937246	
S1-888186654	S3-198252712,S2-736906216,S3-444687360
S1-509237258	S2-560277545
S1-225348615	
S1-200192770	S2-982544274,S3-222318885,S2-744054295,S2-817947415
S1-287248114	
S1-837053082	S2-561545316
S1-476569052	S3-919370589,S2-24630169,S3-737425294
S1-787425897	S2-13977509,S2-467052054,S3-277601454,S3-258153696
S1-710807646	S3-774697064,S2-60638333,S3-393462020,S2-700797219
S1-372301146	S3-986222122,S2-32049710,S2-869800722
S1-873786740	
S1-903049463	
S1-774645299	
S1-247501335	
S1-246929146	S3-51406644
S1-62300912	S3-106813006,S3-613167251,S2-874909205,S3-869915950
S1-532939000	
S1-907753748	S2-296513772,S3-924168106
S1-137162950	S2-502599818,S3-439321455,S3-366034125
S1-240924359	S3-317694627,S3-707417692
S1-698136162	S2-672697907,S2-994733794
S1-351516049	S3-259735676,S2-326751327
S1-862232406	
S1-77293759	
S1-275183740	S3-234843746,S2-967495792
S1-648351759	S2-291420666,S2-873896020,S2-977060195
S1-239900644	S3-269408133,S3-53923287
S1-178253222	S3-433605560,S3-704446028,S3-994662065,S3-622198519
S1-874109160	S2-80455311,S2-475428155,S2-120341961,S3-80323204
S1-533178843	S2-736051069,S3-128281585
S1-864940899	S3-346464296,S2-954306904,S2-505172627
S1-779181165	
S1-530300429	
S1-36538353	S3-231964454
S1-281406391	S3-661052066,S2-476928649,S3-874553326
S1-180271950	S2-450803717,S3-767621786,S3-196257750
S1-768100354	
S1-995895086	
S1-814491630	S2-402235765,S3-272638614,S2-91223122,S2-782802571
S1-255926114	S3-962717499
S1-400153272	
S1-762499196	S2-562545057,S3-709324535,S3-829177857
S1-844411979	S2-689882608,S3-477717847,S2-839844162,S2-556888225
S1-572022703	
S1-533011342	
S1-82626789	S3-804784174
S1-948115532	
S1-491490385	
S1-320205030	S2-546917282
S1-832942022	S2-733402192,S3-386845337,S2-967897947,S3-48847147
S1-486208756	S2-961020492
S1-140121658	S2-714238466,S3-807896299,S2-96238414,S3-506583853
S1-361616675	S2-202742419,S3-32102381,S2-202923197
S1-440671928	
S1-643363070	S2-924018424,S3-713896723
S1-942315378	S3-182418467
S1-817905188	
S1-762626938	S3-466927567,S2-195696028,S2-199804319,S3-246952219
S1-119874099	S3-563865387,S2-649313465
S1-757052211	
S1-540925351	
S1-687785963	S2-990205,S3-704910669
S1-367026244	
S1-402775995	
S1-105049568	
S1-288191306	S2-394510796,S3-682542202,S3-688129048
S1-681561491	S2-546115396
S1-3972409	S2-213351817
S1-7080325	S2-86877291,S2-389363752,S2-891251598,S3-243038354
S1-82953675	S2-15211320,S2-975658220,S3-4355353,S2-218732333
S1-986257093	
S1-164292304	S3-541607831,S3-110528813,S2-740685638,S2-458439508
S1-249497392	
S1-680648356	S2-329917887,S3-610749667
S1-923509181	S2-890557868,S2-743664352,S2-266925052,S2-357003130
S1-12776419	
S1-817108955	
S1-666254757	
S1-869695233	S3-200078796,S2-940348806,S2-507457216,S3-239892061
S1-533912678	S2-722459842,S2-659475421,S3-569024079
S1-475000407	S3-423579335
S1-75610180	S2-889575112,S2-912155551,S3-349493763,S2-386828150
S1-834884250	
S1-517745766	S3-535714666,S2-304063679
S1-81126120	S2-82280831,S2-842242984,S3-220999288,S3-327800854
S1-127241404	
S1-451123727	S2-579146222,S3-934693085
S1-502002507	
S1-347331380	S3-489111566,S2-372189537,S2-323878649
S1-883236238	S2-721334911,S3-548629947,S2-867238766
S1-186906428	S3-266545408
S1-391495749	S2-967770637
S1-139424780	
S1-793022982	
S1-829513823	S3-722866256,S2-90879080,S2-677492003
S1-231754933	S3-788249944,S3-140868004,S2-173327864
S1-522707150	
S1-55555212	S3-99870837
S1-923236940	S2-723615427,S2-194358353,S3-685680002,S3-20280355
S1-667658912	
S1-318432710	S3-504636378,S2-768673643,S2-742487954,S2-292250172
S1-778443799	S3-384323745,S2-697478057,S2-69896909,S2-409292561
S1-662302279	
S1-660425738	S2-927146034,S2-517906566,S2-146096317
S1-476778515	
S1-784221008	S2-786774975,S3-485285013,S2-805869468,S3-318204114
S1-65151449	
S1-312057406	
S1-252909806	S3-495209168,S3-844458180,S3-7610849
S1-864646528	S2-457962398,S3-341096922,S2-933597618,S3-459433180
S1-802457172	
S1-606246398	
S1-331760166	S2-111228178,S3-68315500,S3-179168354
S1-118686297	S3-671445179,S3-36895864,S2-118242826,S3-855512136
S1-507732130	
S1-247162116	S2-400623593,S2-801600417,S3-921190688,S2-467949342
S1-276721852	S3-885857473
S1-440237429	
S1-617224732	
S1-456436479	S3-587829115
S1-485949089	
S1-442882494	S3-720571970
S1-785516172	S2-827923157
S1-130801511	
S1-953231971	S2-241112968
S1-826144050	S2-186239049,S2-460049704,S2-750157756,S3-791216086
S1-145259393	S2-53669249,S3-237964833,S3-945325904,S3-315845838
S1-368010681	S2-503817010,S2-479970546
S1-888717166	S2-76675573,S3-521762018
S1-618152789	
S1-675461583	
S1-255499373	S2-530795636
S1-69374375	
S1-848842697	S2-529740450,S2-33359378
S1-731952576	
S1-608435208	S2-28501744,S3-708208363,S3-445400425,S3-482060842
S1-685034870	S3-569886808,S2-767498482
S1-176823315	
S1-579348274	
S1-600336106	
S1-847256537	S3-285811772,S3-436043441,S2-482661660,S2-244099982
S1-604825470	S2-869577290
S1-526135639	S2-181399187
S1-74329132	S2-37552903,S3-677562378,S2-981155553
S1-162358212	S2-854455122,S3-770729386
S1-531427489	
S1-626203094	
S1-504453922	
S1-329645364	
S1-686086024	
S1-235567213	
S1-176936800	S2-521359452,S3-990521826
S1-549395388	S3-365066663,S2-925912661
S1-970823652	
S1-672347037	
S1-36388227	S2-3658385,S3-844156697
S1-40432193	S3-304363929,S2-493978429,S3-519675081,S2-26823102
S1-875001928	S2-114942972,S2-787446159,S3-696081159,S2-234217052
S1-64083033	
S1-955661686	S2-454185583
S1-982808943	S3-792821949,S2-963193204,S2-745530437
S1-415637124	S3-723603547,S3-612384999,S2-492078706,S2-820519777
S1-709920945	
S1-25677689	S2-385444536,S2-257737118,S3-102847807,S3-899492821
S1-939438021	
S1-681974968	
S1-65528851	
S1-191926943	
S1-530438765	S3-319292211,S2-792449000
S1-172873099	
S1-708950337	S2-759010956,S2-735804688
S1-309656566	S3-768800254,S2-595674888
S1-50147444	S2-653606192,S2-425693789
S1-467664334	S2-809442773,S2-555788268,S2-949000420,S2-701722510
S1-301902825	
S1-339129389	
S1-738083542	S3-630327469
S1-98028482	S3-784432121,S2-11988924
S1-58840423	S3-448230007,S3-308233536
S1-214963771	
S1-720495332	
S1-489102270	
S1-415312350	S3-422852605,S2-533337810
S1-263047390	S3-208106244,S3-174873456,S2-705225215
S1-961301737	
S1-950029547	
S1-427201177	S2-561421099,S2-315618996,S2-912500581,S3-78612828
S1-137057016	
S1-273121186	
S1-44920026	S3-723700799,S3-194491109,S2-364164259
S1-323889842	S2-7090699,S3-680773837,S2-257498011,S3-413585957
S1-136915682	S2-215659853,S3-369438795
S1-63549172	S2-628868010
S1-51474464	S3-672032536
S1-560301484	
S1-871872645	
S1-317438941	S2-841211578,S3-872675452,S3-956101858,S3-290280628
S1-330633568	S2-76474703,S2-404672991,S3-618989461
S1-517509970	S2-234415086,S2-510707404,S2-301839924,S3-337838716
S1-227804582	S3-11579765,S2-126012527
S1-474140381	
S1-154294103	S3-173989199
S1-308780218	
S1-948500614	S2-729492101
S1-641293408	S2-821921214
S1-90798720	S2-474277467,S3-747789147
S1-442203468	
S1-161065329	S3-428829414,S3-397161719,S2-912704403,S2-127073107
S1-271811211	
S1-988973356	S2-538053142,S3-783422328,S2-881290334
S1-327720696	S3-681362243,S2-282331690,S3-752333002
S1-923426487	S3-649697891,S3-851434135,S2-65232738
S1-595713012	S2-228182625,S3-623089880,S3-31153248,S3-300744280
S1-154312297	S3-587929401,S3-507725027
S1-674143414	S3-86330437,S3-849755963,S3-571904430,S2-882588099
S1-63242843	S3-706776987,S3-57497902,S2-560989150,S2-49567028
S1-644263221	
S1-633574204	
S1-917101950	S2-843982821,S2-498280922,S3-685521599
S1-413840674	S2-543815782
S1-903588736	
S1-612339029	
S1-730438625	
S1-985492860	
S1-221750485	S2-868293034,S2-47496281,S2-373948778,S3-215668981
S1-186995534	S2-625212533,S3-650500042,S3-765700213
S1-292822242	S3-794685726,S3-56805204,S2-516341128
S1-676580521	S2-916171053,S2-54070079,S3-722882300
S1-874517077	S2-333194197,S3-736683847
S1-158378229	S2-29575754,S3-258687303
S1-502140422	
S1-24370948	S3-334606148,S2-85665807,S2-8541135,S2-33614696
S1-2491765	
S1-822930924	S2-954672857,S2-551570936,S3-208749987,S3-557385138
S1-138852500	S3-364577744
S1-901280508	S2-62840738,S3-927831176,S3-640751197
S1-4813181	S3-610894291,S3-797112596,S3-409633806,S2-513752576
S1-71465954	S2-26959189,S3-317805274
S1-292161145	S2-103317911,S3-510567868,S3-79114439
S1-272500917	S3-107890030,S3-369044527
S1-865397803	S3-128219200,S3-131584464
S1-530065716	
S1-537375687	S3-331690307
S1-3130630	
S1-686254337	
S1-109988629	S2-60991996,S3-129133825,S2-826011254
S1-592112200	S2-726030144
S1-387943891	S2-59396276,S3-376671474
S1-201545494	S3-137791714,S3-988842668,S3-330487278
S1-209884348	
S1-651971160	
S1-746662836	
S1-140787367	
S1-236217878	S3-412602342,S2-981324755,S2-780289838,S2-27004540
S1-783694115	S3-216212353,S2-660616282,S3-544516073
S1-591225005	S3-807028957,S3-590027284,S2-280939406,S2-983767839
S1-705084984	S3-684653313,S2-999248516
S1-829364447	S3-79011293,S3-209393438,S2-816014031,S3-581062487
S1-340238947	
S1-127870034	S3-520382150,S3-448598919,S2-313090547
S1-352585112	S3-288092598,S3-287094213,S3-352968834
S1-364067043	S2-545210554,S2-335577103,S3-193455407
S1-941018002	S3-735449101,S3-162183751,S2-79512775,S2-235034820
S1-560024584	S2-517169299
S1-118788438	S3-500989549,S2-630468881,S2-418891173,S3-803974770
S1-829580392	
S1-297996063	S2-18523079,S3-501909953,S2-390352558
S1-295398775	S2-664242876,S2-822448179,S2-390962682,S3-350753073
S1-385254633	S3-571396916
S1-602515081	
S1-446352144	
S1-904183573	
S1-85681888	S3-425492257,S2-566447846,S3-708991399
S1-361091530	
S1-343411049	S3-102545197,S3-840483282
S1-125436882	
S1-705628621	
S1-574436022	S2-138483105
S1-742291851	
S1-883147789	
S1-645880344	S2-241318341,S2-496518373,S3-915413989,S3-757317590
S1-993442153	S3-535571025
S1-138757973	S2-877514023
S1-463042487	S2-557303211,S3-606587663,S2-708720223
S1-356946751	S3-546445202,S2-845111555
S1-832506310	S2-640047246,S2-373806043,S3-576719696,S3-18667453
S1-755368268	S2-600492677,S2-120623131,S3-254140195
S1-677221429	
S1-639349052	S3-964462161,S2-551108938,S2-671673773,S2-767808901
S1-532651836	S3-527907773,S3-584135041,S2-833879313
S1-696605891	
S1-780773403	S2-632547933,S3-592408116,S3-708196367,S3-486769426
S1-111045402	S2-453166321,S3-124265008
S1-568168949	S2-242230841,S3-931983857,S2-552347195
S1-503245995	S3-49087090,S2-575161949
S1-213367753	
S1-108557638	
S1-810693705	
S1-146920563	
S1-49316448	
S1-363668268	S2-578462631,S3-4428449,S2-561036000
S1-253193823	
S1-526203667	S3-63666183,S3-837157246,S3-692663066,S2-205462301
S1-634823164	S2-147958640,S2-899801215,S3-76187223
S1-830000505	
S1-784029152	S3-290844699,S3-801442534,S2-203900751
S1-527740911	S3-887209935,S3-499180047,S2-248394213
S1-511435904	S2-375253296
S1-597203204	S2-606296459,S2-756426088
S1-786253706	
S1-969141068	
S1-147615663	
S1-843356953	S3-507885358,S3-304736060,S2-819382705,S3-346399472
S1-710288568	S2-436650409,S3-875462830
S1-347213283	S2-996582714
S1-293429427	S3-903486110,S3-15314622
S1-327851919	
S1-393575522	S3-255491477,S2-240619234
S1-100764907	
S1-678994218	S3-749632308,S2-934246864,S2-113481844
S1-913229809	
S1-455937037	S3-404713695
S1-382692410	
S1-675623220	S2-992914421,S2-145944249
S1-776706592	
S1-835102064	
S1-203637844	
S1-260787248	
S1-770322398	S2-258230983,S2-161074441,S2-496460047
S1-938809330	
S1-908681805	S2-962052287,S3-810741296,S2-66655090,S2-784831265
S1-67681277	S2-515247047,S3-843469737
S1-81860377	S2-644313551,S2-688183074
S1-931088866	S2-343478652,S2-328728220
S1-983442334	S2-170217612
S1-772305167	
S1-344393279	S2-207621074,S3-617220862,S3-673908703,S3-463746257
S1-542363127	
S1-313008467	S3-934043552,S3-698372671
S1-43719843	S3-265740647
S1-570409966	S2-412850579,S3-719011165,S2-636813965
S1-387198530	S2-352647491,S2-849765124,S2-404401050,S3-312196423
S1-511294880	
S1-230400369	S2-679076248,S3-809676906,S3-783601288
S1-373984025	
S1-126487431	
S1-944351969	
S1-310365665	
S1-781378856	S3-397447302
S1-530061881	
S1-858183263	S2-685688441,S3-973963927
S1-425930217	S2-163144203,S3-156555434
S1-806481429	
S1-607490785	S2-445510033,S2-36465480,S3-326396669
S1-757077366	S3-667519756,S3-32163326,S2-178873085
S1-983615358	S3-607897797
S1-764788075	S3-214522312,S3-323479343,S3-140413973
S1-383737751	
S1-78042034	S2-609238810,S3-439474710,S2-461874160,S2-966390719
S1-553457468	
S1-119666450	S2-696106091,S2-243222748
S1-754916083	S2-837334255,S2-858054827,S2-693483390,S3-778095568
S1-51976881	S3-443183822,S3-325908568,S2-427479366,S2-812007023
S1-372131427	S2-667403010,S3-52808171,S2-488686167
S1-347916197	S2-875203469,S3-85264545,S2-565791707
S1-221510177	
S1-181174755	S3-121461590,S2-626539234,S3-956729262
S1-575177588	S3-279769912,S2-235501355,S3-129988113,S3-747702453
S1-256651509	S3-941244888,S3-886180063,S2-138042548,S3-441501107
S1-675581313	
S1-674040181	
S1-91015151	
S1-498186419	S3-283867588,S3-310950410
S1-58572464	
S1-991734181	S2-171098406,S2-295692816,S3-18409299
S1-557879134	S3-452481887
S1-87822011	S2-816166929,S3-754375861
S1-166843386	S3-716473916
S1-701587588	S2-770937899,S3-566940880
S1-51572887	
S1-64842888	S3-804426540,S3-682773875,S3-397821861
S1-645253133	S2-820990284,S2-139107962,S3-662724326
S1-562139644	S3-888503508,S3-817772386,S3-64915873,S2-471203086
S1-789293899	
S1-664629470	S3-283319296,S2-563409188,S3-229765082,S3-502841247
S1-43414900	
S1-364241901	
S1-480358566	S3-613576412,S2-55700604,S3-86680872
S1-751098863	
S1-313042477	S3-596534027,S2-526743529,S2-377505488,S2-669636369
S1-788424178	S3-237286702,S3-417903063,S3-19197955,S3-929529433
S1-811896057	
S1-908922620	
S1-751574396	S2-886791870,S3-351858327
S1-34768970	
S1-348481484	
S1-103208993	
S1-772014581	S3-251003807,S3-386979029,S2-200283578
S1-395060732	S3-709374274,S2-609556047,S3-387111581
S1-397636449	
S1-481992345	
S1-594107815	S2-788891949,S2-466598900,S3-480931984
S1-35309765	S2-95068656,S3-631620578,S3-498025716,S3-817062580
S1-535404459	S3-955994389,S3-2440986,S2-681675878,S2-75523513
S1-867201196	S2-596857687,S2-445422886
S1-905382386	S3-410489800,S2-945742337
S1-743106520	
S1-591487407	S2-727199217,S3-974241725,S3-847386689,S3-335981226
S1-480418424	
S1-948304902	S2-434904294,S3-747036094
S1-191637104	
S1-540644843	S3-153214706,S2-392370637
S1-694117218	S2-674838628,S3-799695567,S3-746271412,S2-832139495
S1-968567620	
S1-147088701	S2-759824380
S1-326664554	
S1-953862763	S3-536937746,S3-5328916,S3-686942955,S3-268164136
S1-44402517	S2-482009963,S3-732571105,S3-579913012
S1-602298249	
S1-997503670	
S1-653640229	
S1-498334083	S3-301658769,S3-416138361
S1-117042542	S3-856300169,S2-981505082
S1-202782214	S3-980791949
S1-784705632	S3-617102887,S2-29246928,S3-637967276
S1-650825551	
S1-792276462	S2-281075582,S3-284180487
S1-203405438	
S1-799248215	S3-906605898,S3-915973004,S2-526207984,S2-386310518
S1-60258200	S2-604263830,S3-318703270,S2-811447079
S1-849183877	S3-733856349
S1-157669409	
S1-896374864	S2-126120777,S2-86017347,S2-801117327,S3-864078694
S1-902835681	S3-680433177,S3-321827808,S2-204146
S1-196367888	S2-352282804,S3-549014365,S3-664438388
S1-97159014	S3-704051613,S2-68350147,S2-163262300,S3-377627539
S1-956701070	S2-901806430,S2-6158857,S2-144958861
S1-748384554	S2-147635599
S1-484203995	S3-901949079,S2-184529836
S1-772904968	S3-747244230,S3-261667082
S1-13282838	
S1-655483289	S3-882836476,S3-334686186,S3-432505553,S2-925736659
S1-538666790	
S1-926600601	
S1-658395249	S3-571612277,S3-406549978,S2-895441389,S2-222271806
S1-859476446	S3-610652564,S3-208155809,S2-450364468,S2-983888954
S1-57271915	S3-919233977,S2-425369972,S2-529073715,S2-421240267
S1-292231639	S3-343395659,S3-225771561,S2-206715204
S1-191681604	S2-694405052,S3-368257897,S3-837940803
S1-848785619	S3-262468661,S2-918754804,S3-797865952
S1-170897724	S3-226013615,S2-220673752
S1-290906497	S2-495101159,S3-451134780
S1-402100018	S3-157108547,S2-186078861
S1-254128826	S2-164285458,S3-877109541
S1-378930822	S3-278218697,S3-692656994,S3-621816081,S2-96386121
S1-951451014	S2-453526474,S2-809848281,S3-29621176,S2-761918635
S1-347826491	S2-631869653,S2-553412032
S1-533379735	S3-27048626,S2-345690193,S2-655622222,S3-134912674
S1-924848697	S2-586753863,S3-652551618
S1-376394499	
S1-804958076	
S1-983193885	
S1-360141021	
S1-729772162	
S1-436747217	
S1-865976340	
S1-596212202	S3-642645916,S3-514130596,S3-94203439
S1-795179473	S2-534873388,S2-936573323,S3-703305939,S3-29492249
S1-632937216	
S1-216197038	S2-105737537
S1-836184644	S3-578145809,S3-605097693
S1-947537617	S2-456547404,S2-753528804,S2-867029369,S3-976477772
S1-236666317	
S1-73665690	S2-947903591,S2-280738562
S1-268417999	S2-970065082,S3-289997573,S3-2327598,S3-658580174
S1-499708105	
S1-978519681	S2-501834804,S2-891171865,S2-1919280,S3-210873602
S1-38166900	
S1-409066891	
S1-672934040	S3-755868427,S2-595705259
S1-512528488	
S1-16845353	S3-576565032,S3-741780735,S3-738554973,S3-279628619
S1-541434971	S2-84049246,S2-377657212,S2-602041414,S2-575119560
S1-590321896	S3-22875713,S3-392234440,S2-998861271
S1-246320131	S3-147770781
S1-292427747	S3-470136901
S1-773722797	S2-750551657,S2-805359952,S2-720277180,S3-731598738
S1-269043660	S2-631691365,S2-6039357,S2-762385757,S3-139206934
S1-519697837	S2-780298970,S3-991142460
S1-690557495	S2-186388713,S3-362410068,S3-844781963
S1-102135058	
S1-958374761	
S1-503051747	S2-256608780,S3-610148318,S2-724266372,S3-939430205
S1-207594052	S3-278145984,S3-130204229,S3-561420358,S2-177878356
S1-208578297	S2-872834491,S2-855808246,S2-843165356,S2-800205083
S1-353507134	S3-482067983,S3-549313244,S2-199832955
S1-485663269	
S1-307085149	S2-141123282,S3-827732934
S1-385286045	S3-69580880
S1-470890842	
S1-467375382	S2-17776298
S1-121206920	S2-132825370,S3-698223070,S2-909199319
S1-550750100	S2-998188704,S3-508778499,S3-195900478,S3-378046324
S1-100487507	S2-635245759
S1-495886085	
S1-524388331	S2-492734716,S3-128929374,S3-285110971,S2-691711090
S1-223505862	
S1-118793979	S2-698034599,S3-836176066,S3-406284085,S3-275691371
S1-65899933	
S1-767906238	
S1-98823335	S3-708907156
S1-862176402	S2-225216241,S2-959853469,S2-725664939,S2-563314835
S1-987830582	S3-794044386,S3-571541861,S2-685444673,S2-673602158
S1-165710180	
S1-123005199	S2-62807108,S3-287037866
S1-673090809	S3-622199760,S3-61173525,S2-828098284
S1-546419692	
S1-867158373	
S1-65587156	S2-94592995,S2-740578522,S2-313732649
S1-760227755	
S1-869445737	S2-928843551,S3-736549151
S1-973156614	S3-237091039,S3-146429045,S2-992263250
S1-559520993	
S1-583462506	S2-259426440
S1-462264835	S2-882748207,S2-3999124,S3-253448713
S1-788637077	S3-943011522
S1-603154355	S3-100125825
S1-971198729	S3-838116905,S2-8297869,S2-310842756,S2-901530938
S1-400193479	
S1-727699968	S2-327598782,S3-235220264,S3-561034782
S1-852804092	S3-885779477,S3-956763596,S3-839701113,S3-668053993
S1-980095108	
S1-532466867	
S1-208931010	
S1-352935133	S3-498731423,S2-997870320
S1-77771753	S3-90040354,S3-502992321
S1-301875055	
S1-492798500	
S1-601059529	
S1-947728683	
S1-260266981	S2-861618879,S3-301198677
S1-924485134	S3-378756427,S3-753757196,S3-385545609,S3-622142960
S1-456113406	S2-428151156,S3-165562451
S1-817502832	S3-617827004,S2-809038959,S3-915189502,S3-108453928
S1-797229096	S3-528469351,S2-100535242,S2-162540892
S1-684192718	S3-593060742,S2-142652351,S3-722287653
S1-209644124	S3-100283049,S3-623918716,S2-115157537
S1-787778106	S3-896362918,S2-792073802,S3-179089750,S2-160264499
S1-986321350	S3-816108881
S1-674503325	
S1-315540708	S2-557746033,S3-510567798,S3-836010426,S2-910487048
S1-468925249	
S1-151356168	S3-370297797,S2-238468241,S2-755210961
S1-73856664	S3-598398829
S1-738286415	
S1-429076838	
S1-995275563	S2-617260945,S3-642636166,S3-153563312,S2-514213176
S1-579732639	S2-524083244,S3-169778742,S2-789454208,S2-307835906
S1-47960211	S2-781083582,S2-440480801,S2-198394168
S1-297082832	S3-205695361,S2-161294269
S1-513474056	
S1-369575644	
S1-913557652	S2-165299270,S2-700116161
S1-872069729	
S1-291689772	S3-509594419,S2-43961885
S1-892989478	
S1-429711895	
S1-550531412	
S1-781165289	S3-716063046,S3-585612229,S3-829440434,S2-560224413
S1-126568070	
S1-15302988	
S1-610143356	S3-140526507
S1-970109960	S2-190950380,S2-111702963,S3-474448418
S1-381980648	
S1-695667134	S3-832746005,S2-619282421
S1-454875762	S2-918780205
S1-766863565	
S1-962609846	S2-945536119,S3-445646627
S1-908714556	S3-166831493,S3-910792226
S1-529256721	
S1-250351453	S3-827282794
S1-45634403	S2-559556513,S3-481804527,S2-357468293,S3-684666034
S1-481861533	
S1-349379491	S3-796509559,S3-427938634,S3-170869497,S2-90078868
S1-302938236	S2-574699265,S3-904862351,S2-502006375
S1-453186322	S3-324556596,S2-296117279,S3-390166073,S2-27865619
S1-672931410	S2-970889368,S3-133485083,S3-454226385
S1-240304018	S2-520396744,S3-924801226
S1-644046786	
S1-11368502	S2-503396831,S3-692450355
S1-233742709	S3-847335920,S3-426068592,S3-113056531,S2-772372801
S1-16782232	S3-640753348,S2-127356378
S1-247501642	S3-898248602
S1-285545497	
S1-124374172	
S1-875930450	
S1-588869798	S2-443596363,S3-696687133
S1-458021547	
S1-106107581	S2-543616010
S1-769243217	S3-95186103,S2-257956481,S3-902453594,S3-35023236
S1-759253113	
S1-160080218	
S1-66633307	
S1-225961496	
S1-519160549	S3-126904122,S3-755589094
S1-606760128	
S1-326805758	S3-532048044,S3-765676928,S3-564047769
S1-207652341	S3-51078254,S3-831563443,S2-887188198,S2-308170120
S1-262621514	S2-327679277
S1-11244471	
S1-206169322	S3-917272773,S2-372096163,S2-245803819
S1-532500287	
S1-284717245	S3-411592975,S2-44386837,S3-642696599,S2-704949525
S1-562056800	
S1-34633169	
S1-164433616	S2-688627587,S2-135363406
S1-567937296	
S1-482076360	S3-536994297
S1-162084479	S2-398536297,S3-331693741
S1-725266060	
S1-645591826	
S1-422827567	
S1-578424110	S2-878013741,S2-643196653,S3-836234410,S2-454642975
S1-869940497	
S1-570466004	
S1-339804284	S2-579310224,S2-987754856,S2-191036161
S1-98531048	S2-323078215,S3-974424311,S2-602109850
S1-526769473	
S1-736582661	S3-262628223,S3-329314564,S2-883666577,S2-172120107
S1-727602285	S2-138660620,S2-23141904,S3-204655096
S1-566673786	
S1-730198955	
S1-244904862	S2-433094740
S1-830223504	
S1-794363889	
S1-759706947	
S1-992046762	
S1-287970893	
S1-60060811	S2-988215417,S2-706158179
S1-986797446	
S1-716745724	S2-3973701,S2-946750034
S1-355407986	
S1-567414903	
S1-562678408	S2-304300092,S2-504316661,S3-983366409,S2-733076452
S1-720134939	
S1-805958157	
S1-894972026	S2-906257128,S3-695836394,S3-258890062,S3-999371920
S1-135447678	S2-820299395,S2-717619333,S2-644796634,S2-229761526
S1-337154485	S3-859565576
S1-84167791	
S1-288186667	
S1-29148237	S3-639730881
S1-641541832	
S1-809664329	
S1-630735437	S3-78088992,S3-670330388
S1-94580137	
S1-811532988	S2-490728800,S3-464825729,S2-247456982
S1-516877492	
S1-446379348	
S1-246747520	S3-46832862,S3-568982814
S1-502079604	S2-587517036,S2-890732144,S3-52555199,S3-265759546
S1-698306678	
S1-289599383	S3-503799054,S3-344607604
S1-305444925	
S1-100219286	
S1-123276475	S3-608295668,S3-405878390,S3-971618404
S1-267141295	S3-513605633,S3-119477175,S2-17517843,S2-189325859
S1-639212868	S2-281505081,S2-949407963,S2-709571839,S3-746174904
S1-209091226	S2-171667993,S2-306694070,S2-1370955
S1-436737249	S2-685311016,S3-909038214,S3-7623336,S3-675880387
S1-682606063	
S1-197568010	
S1-655584873	S2-48896789,S3-805309082
S1-541184404	S2-966828160,S2-790140329
S1-167168461	S3-146710913
S1-976410763	S2-702630403,S3-139709337,S2-649120286
S1-204287545	
S1-708103865	S3-1754732,S3-212208232,S2-213722801,S3-952447555
S1-403147661	
S1-344666743	S3-319120726,S2-431726074,S3-124619432
S1-331663247	S3-671467846,S3-2726327,S2-311518523
S1-408606663	S2-719074793,S2-231608729,S3-782488230,S2-504178181
S1-323327692	
S1-808654625	S2-879974001,S3-9642872,S3-900421283,S2-886975720
S1-517120378	S2-108220447,S3-687661535
S1-520752031	S2-349768986,S2-22731666,S2-996302941,S3-225747576
S1-83211485	
S1-892236101	S2-616419232
S1-964643443	S3-742041378,S3-491158626,S2-540617245
S1-830881839	S3-90939205,S3-678309600,S2-910995476
S1-148662039	
S1-460039777	S2-779245206,S3-81330977,S3-212386396,S3-423887140
S1-231366925	S2-213998167
S1-640125296	
S1-553786279	S2-12344294,S3-71091280
S1-180276249	S2-166699284,S3-716396461
S1-634908406	S3-813771732,S2-92310255,S2-831334779
S1-198289542	S3-195320736,S3-787825425,S2-401342535
S1-688404705	
S1-352180689	S3-936773583,S3-848062957,S2-411080861,S2-63560940
S1-448831927	
S1-282196011	S3-673841143,S3-338315784
S1-235232863	
S1-575506162	
S1-806492179	
S1-319336873	
S1-912854700	S3-872296703
S1-506232546	
S1-149182995	S3-500337606
S1-417055734	
S1-645427301	
S1-156699716	S3-813517412,S2-103505941,S2-585648651,S3-628433088
S1-833546526	S2-529450432,S3-770006249
S1-490717065	S3-994982197,S3-3657418,S3-281366532
S1-189093280	S2-73873427,S2-331569847,S3-327472861,S2-549102697
S1-836870128	S2-672993940,S3-294247337,S3-280943458
S1-771697746	
S1-483971749	
S1-761637949	S3-613747663,S2-536168695,S2-333755304,S2-256662353
S1-10248177	
S1-776652968	
S1-700783903	S3-509930724,S2-235861493,S3-739441622,S3-396388188
S1-716011483	
S1-987056867	
S1-576330253	S2-882641492,S2-916249863
S1-492408139	
S1-513778370	
S1-602242991	S2-748880889,S3-87482111
S1-205364225	S2-913347193,S3-540603031,S3-250478792,S2-957326853
S1-941098644	
S1-517579846	S2-103961382,S3-499770026,S2-996376075
S1-242835036	S3-880008863,S2-437572016
S1-289764082	S3-207487975
S1-507165295	
S1-84841211	S3-229870991
S1-211019453	S2-602158729,S2-157228979,S2-408591423
S1-959322670	S2-238358517,S2-794497212,S2-861862177,S2-663469914
S1-223980029	S2-698937677,S2-347855653,S3-513478375,S3-238887984
S1-988990635	S2-848163443,S2-562336022,S2-994398996,S3-83170599
S1-544625997	
S1-34663346	
S1-635200776	S3-236327345,S2-733323341,S2-282602708,S2-18453623
S1-572091218	
S1-981236596	S2-739575664,S3-592371614
S1-715635820	S3-243087909,S2-887398866,S3-900866872
S1-693398148	S2-801035770,S3-736600903,S2-406866011
S1-788901457	
S1-148934204	S3-333820828,S2-840543613,S3-733528249,S2-410566139
S1-744786479	S3-395953353,S3-599826693
S1-295612834	
S1-609850170	S3-900583096
S1-751702781	
S1-353206552	
S1-101196780	S2-443386511,S3-375601863,S3-491072792
S1-307384768	
S1-903432810	S2-748122917,S3-725622965,S2-893633311,S3-203885960
S1-977449934	
S1-207898601	
S1-609122635	
S1-434992844	
S1-433830594	
S1-393599878	
S1-159386254	S3-619596863,S2-596662013
S1-419957690	S3-748845563,S3-215786909,S2-658104247
S1-441652875	S3-143157148,S2-763015549,S3-328605255,S3-952794628
S1-775420323	
S1-783538029	S3-292184126,S3-39058139,S2-870805198,S2-456914240
S1-884274945	
S1-176680842	S3-884988305
S1-200758164	S3-601864111
S1-292163616	S3-692499553,S2-162309062
S1-884375865	S2-482755324,S3-577865945,S3-257007205
S1-621442209	S2-981031680,S3-861731668,S2-235916192
S1-794298193	S2-328352607,S3-452817752,S3-152784736
S1-86314687	S2-964372690,S3-889026422
S1-124636269	
S1-86560001	
S1-83172828	S3-839215204,S2-623884759
S1-633332869	
S1-566089129	
S1-969592637	
S1-846852337	S3-667053741,S3-477166700,S3-167573925,S3-804957391
S1-780454310	S2-672013956,S3-880584879,S3-754083627,S2-863110876
S1-595005941	
S1-784438368	S3-588495989,S2-982733998,S3-370446256,S2-405574649
S1-360915564	S3-234763978,S3-863066901
S1-775278916	S3-818337840,S3-286026540,S3-546325412,S2-788520838
S1-755511684	
S1-854572359	S3-557013619,S3-332801830
S1-246769729	
S1-110197282	S2-156428113
S1-642961901	S2-418150960,S2-866617113
S1-256767912	
S1-751172377	
S1-369977893	S2-277274826,S2-729259160,S3-708602512,S2-780094241
S1-913725044	S3-95119193,S3-329610234
S1-542747018	
S1-800863196	
S1-416239409	S3-923018281,S2-738625682,S2-436327349,S3-150103205
S1-62550447	
S1-374388852	S2-509116615,S3-913638566
S1-639852935	S2-839804165,S2-625373960,S3-842492279,S3-344532009
S1-131784841	
S1-418318633	
S1-34980796	
S1-906342478	
S1-114390960	S3-67708826
S1-348031777	
S1-923266368	
S1-764019622	
S1-676903356	
S1-144913642	
S1-246741844	S3-286997189,S3-637353779,S2-731022463,S2-69561814
S1-706004724	
S1-686039803	S3-616571685,S3-33623754,S2-77244415,S2-746370287
S1-596163190	
S1-93274488	S2-508238250,S3-89556284
S1-187913223	
S1-621602716	S3-996283670,S3-993952756,S3-655849732,S3-687904828
S1-111847742	S2-352193870,S3-737406134,S3-81301532
S1-307145889	
S1-627939097	S3-316516704,S2-17223365
S1-742441288	
S1-278901682	
S1-622089672	S2-487865861,S3-645496749,S2-494298611,S3-705497618
S1-114707067	
S1-937900411	S2-693934350,S2-740754360,S3-396418637,S2-953255972
S1-290940854	S2-188239127,S3-221718578
S1-406451879	
S1-771204085	S3-738435933,S3-556438181,S3-317051742,S2-90167975
S1-242004271	S3-820692167,S3-500024088
S1-723957181	S3-836526003,S3-249418077,S3-809217933,S3-503994540
S1-182741988	S3-97967102,S2-929018230
S1-55807821	S2-85332989,S2-812038734
S1-135258602	S3-569321289,S2-909946,S3-446133175
S1-538235916	S3-459390910,S2-869977434,S3-944209562
S1-309388362	
S1-59090211	S2-491638060,S3-869766598,S3-315326126
S1-68282458	S3-561418516,S2-619738503,S2-400355609
S1-927506068	
S1-446132485	
S1-670750774	
S1-992268025	
S1-322914672	S3-162041726,S3-671084209
S1-834012117	
S1-961253382	S3-325866204,S3-59609103,S2-549671053,S2-322189829
S1-35761843	
S1-638683657	S3-574870025
S1-624521767	S2-992936981,S3-547184955,S3-630242820,S3-255511953
S1-416334165	S2-254668698
S1-510859937	
S1-940294442	
S1-951236609	S2-758064849,S2-327561748
S1-267102582	
S1-593213333	
S1-469013533	S2-875446825,S2-811369541,S2-526891842,S2-559052095
S1-207190280	S2-716539265
S1-17257585	S3-87257086,S3-72580541,S2-821640208,S2-470450307
S1-36446025	S2-538042367,S2-302601469,S3-550584620,S2-715635670
S1-745230642	S3-155499414,S2-403988442,S2-257713055
S1-708306432	S2-739555411,S3-274958165,S3-2409756
S1-518114070	S3-619231683,S2-154844940
S1-625188349	
S1-737613473	
S1-52909714	S2-69971175
S1-32761028	S3-270295978,S3-607311832,S2-37856079
S1-814763866	S2-902671627,S3-102260590
S1-203507483	
S1-370576679	S3-101452997,S2-354909437,S2-213621882,S3-505144371
S1-441292418	S2-250396408,S2-117125599
S1-448381846	S2-979448311,S2-725042217,S2-706255161,S3-986998226
S1-873908429	S2-99593019,S3-997305503,S2-868662162
S1-954184780	
S1-686118682	
S1-500463593	S2-746180188,S3-589682103,S3-298155427,S3-33914791
S1-460684566	S2-42771066,S2-437852416,S3-676866930
S1-203567370	
S1-750699159	S3-954793964,S3-794679485,S3-379820885,S3-492799621
S1-602508913	S3-997129951,S2-679882394,S2-138312662,S2-334425232
S1-879096669	
S1-283659219	S3-297514390,S2-854344946
S1-570990577	S3-183030942
S1-386659934	
S1-454733003	
S1-504674521	
S1-706308888	S2-730327439
S1-145055988	S3-589874448,S3-740497162
S1-388336082	S2-920088156,S3-161734979,S3-909872327,S3-363899423
S1-353258089	
S1-195877134	S2-192533287,S3-337718618,S3-956399173
S1-717065355	
S1-400146330	
S1-39894018	
S1-652770255	
S1-202110692	S3-528034667,S3-797118108,S2-736774177
S1-77696684	
S1-327835260	
S1-898106243	S2-212987540,S3-255752799,S2-255997511
S1-167138288	S3-944074259,S3-85109704
S1-20956959	
S1-548887993	
S1-708039914	S3-27934137
S1-335277568	S3-803460087,S3-333662525,S2-23816715,S2-128201984
S1-335366790	
S1-96498475	
S1-707399675	
S1-821759909	
S1-182135902	
S1-580009662	S2-173502757,S2-596664444,S3-206579778,S3-929720679
S1-874561885	
S1-139357159	S2-585514500,S3-934054680
S1-413996182	S2-738841846,S3-209504546
S1-356073252	S3-156752230,S3-680398206
S1-410792293	S3-580961275,S3-876511000,S3-754419257,S2-833361341
S1-248844793	S3-919066015,S3-493426584
S1-147418820	S3-580489594
S1-841776316	
S1-164994651	
S1-894973810	
S1-99870832	
S1-842739369	
S1-824743944	S2-363408599,S2-655188692,S2-544493974,S3-444057966
S1-795770583	S3-867736577
S1-710954263	
S1-260413375	S2-987237415
S1-391080156	
S1-162203502	S2-141795350,S2-133369751,S3-427340508,S2-693547305
S1-256734682	
S1-639647019	S2-121904922,S3-597404320
S1-129347658	S3-468755290,S2-828869244,S3-301322303,S3-518561753
S1-661942236	
S1-450799989	S2-164308336,S3-821937381
S1-106835003	S2-264813219,S2-36747864,S3-185615074
S1-28786030	S2-853724289,S3-218857563
S1-848107825	S2-828586455,S3-536539500,S3-213564629
S1-674967498	S3-657913665,S2-468644289
S1-425321245	S2-951247915,S3-859945471
S1-774671614	
S1-287393496	S3-923567849,S2-122967881,S2-92688677,S3-856090640
S1-187183829	S3-735440732,S2-480587457
S1-14221378	S3-630675288,S3-509089107,S2-141800844,S3-362279143
S1-338209266	S3-700569655
S1-148111459	
S1-411219684	S2-508218367,S3-754069570,S2-950604120
S1-332727374	
S1-224874371	S2-154926106,S2-229717785,S2-846221461,S2-179872975
S1-729135202	
S1-17337924	S3-433989807,S2-200696496
S1-734570551	S3-731204091,S3-967067599,S2-365174818,S3-608673157
S1-637725381	
S1-726421377	S2-881561729,S3-787612175,S3-749459608,S3-544769593
S1-230465750	S3-184061889,S2-46973096,S2-369161451,S2-133135249
S1-421631003	S3-162070226,S3-644482281,S3-481958963,S3-360715007
S1-662553943	S2-908719794,S3-716009883
S1-787418905	
S1-47196321	
S1-711230014	S3-878344514,S3-615098083
S1-754325413	S3-934142774,S3-734200413,S2-830866401,S2-26363354
S1-970168999	S3-705553103,S3-895883996
S1-718856969	S2-101514319,S3-82131304,S3-130418654,S2-483380712
S1-306925060	S3-866077045,S2-737071651,S2-432237338,S2-605922800
S1-513819126	S2-376862174
S1-509554197	S3-199820791,S2-128522040,S3-19200215,S2-806256853
S1-72169039	
S1-947513363	S2-515143122,S3-478829122,S3-344691178,S3-953477346
S1-581891206	S3-435096301,S2-428917202,S2-307620767,S3-453883377
S1-295661068	
S1-35600816	S3-576410452,S3-92639630,S2-209150143,S3-993893686
S1-728978965	S2-401326516,S3-222108994
S1-134245813	
S1-758489382	S2-587522140,S2-157004508
S1-216918695	S2-167044804,S2-546041204,S3-271654213
S1-493522264	S2-413210428,S2-961430172,S2-73280912,S3-631446576
S1-506781089	S2-373833111,S3-683553527,S3-437825443
S1-239676195	S2-709851433,S2-528278575,S3-440183553,S2-898753638
S1-420992233	
S1-346156579	
S1-983260404	S3-348635570,S3-201592842,S2-968630198,S2-396266352
S1-618785309	
S1-294041214	S3-616504334,S2-528092592,S2-854001479
S1-771769774	S3-592797490,S2-529266054
S1-246345074	S3-824788159,S3-165014219,S3-861996399
S1-353999248	S3-605012007,S3-713017972,S2-509246843
S1-497837343	S3-811484535,S3-198508666
S1-579279393	
S1-134886939	S2-916407517
S1-833347027	
S1-123555219	S2-755612998,S2-355967106,S3-984976366,S3-808337227
S1-905066995	S3-565354764,S3-414123317,S3-711866513,S3-425754329
S1-326392791	S3-792006956,S3-822988031
S1-144497349	
S1-116798544	S3-719906382,S3-342313446
S1-154171251	S3-703774013,S2-136616993
S1-766812486	
S1-246256018	
S1-170224080	
S1-61700050	
S1-708788485	
S1-832137948	S2-53048416,S2-406154339,S3-177979406
S1-41638070	
S1-317129066	S3-399383893,S3-820489133,S2-996560292,S3-293749465
S1-638170897	S2-19349806,S3-326399648,S2-701373617,S2-698951312
S1-407114518	
S1-542889920	
S1-292163355	S3-180640929,S3-357348631
S1-59161704	
S1-731863744	S3-36779071,S2-425257701
S1-422448161	
S1-798410555	S2-656800443,S3-691031447
S1-868220089	
S1-474421100	S3-669559095,S2-991196940
S1-865927032	S3-699491941
S1-418152964	S3-393968822,S2-190111502,S3-300600851
S1-355960236	
S1-772151832	S2-14903883
S1-794988193	S2-768192514,S3-421365317,S2-363458611
S1-866745818	S3-93324044,S3-985656379,S2-757484365
S1-217364166	S3-651399865,S2-636423921
S1-305051063	
S1-775896684	S2-806180980,S2-828827386,S3-812164887
S1-64606012	S3-452111968
S1-393047950	S3-87072617,S3-856579112,S2-645721181,S2-101427989
S1-639090831	
S1-768676485	S3-900243858,S2-131635666,S2-418643522,S2-68273984
S1-680907271	S3-360656384,S2-841369754,S2-783961794,S2-417053330
S1-54609128	S3-663703398
S1-983842197	S2-370161901,S2-167883830,S3-187030581
S1-522823499	
S1-372122364	S2-84819030,S3-753184119,S3-257610610
S1-189120672	S3-850864151,S3-623542287,S2-217623008
S1-807475003	
S1-211861607	S2-834025533,S2-177541103,S3-935738710
S1-656037019	
S1-287615141	S3-925631483
S1-198448734	S3-484852624,S2-138587203
S1-280235675	
S1-61022679	
S1-792538388	
S1-528463665	S3-387657303,S2-98441507
S1-693622438	
S1-959189456	
S1-248286894	
S1-942344280	S3-218381691,S2-564635257,S2-855887478,S2-449204607
S1-260829034	S3-536334034,S3-900690950
S1-763117029	S2-987090443,S2-336542640,S3-39541756,S3-743429547
S1-934443947	S2-861037582,S3-528361946,S3-786542797,S2-426752777
S1-463182484	S3-973298982,S2-941644326
S1-361526280	
S1-644374730	S3-305216688
S1-162115315	S2-102510772,S3-112823576,S3-365338864,S2-763622214
S1-459673679	
S1-188956193	
S1-34544505	
S1-602235500	S3-418384424
S1-730815301	S3-523862090,S3-695584435,S3-762886099,S2-614613676
S1-887515749	S3-762707612,S2-983241032,S3-891844567
S1-147240924	S2-304273590,S2-511717147,S2-400479576,S3-68497139
S1-696106630	S3-255233242,S3-54890363
S1-969179337	S2-932363724,S3-88562180
S1-788130015	S3-944779724,S2-718971461,S2-274960898,S3-875920804
S1-907447807	S3-934212151,S2-73251543,S2-670788857
S1-138941469	S3-710359606,S2-567578748,S3-720902468,S3-589044067
S1-635921713	S3-721731975
S1-583689756	
S1-978700139	S2-963855557,S2-641706919,S2-32684300,S3-166617127
S1-564585118	S3-745319310,S2-712076721
S1-303865823	
S1-638455151	
S1-27647342	S3-24099569,S2-539810239
S1-571546237	
S1-909241586	
S1-194034086	S2-643063069,S3-860639872,S2-563862935,S2-550152514
S1-62145151	S2-743564724,S3-758698108,S2-509237345
S1-573101950	S3-575395489,S3-779618402,S2-270207350
S1-157126216	S3-785754382
S1-539309685	S2-658060933,S2-554257800,S3-36332982
S1-487784969	S3-912332545,S2-188135104
S1-190839201	S2-120323023,S2-782775876,S2-131319042,S3-194687646
S1-105907973	S3-46305952,S2-706797834
S1-304178255	
S1-402993505	
S1-321621403	S3-275783780,S3-118597001,S2-906773930
S1-761265381	
S1-261830844	S3-694865368,S3-784955066,S2-639281281,S3-972568778
S1-92734590	S2-522875647
S1-885434830	S3-58264943,S3-794098033,S3-559753937,S3-998225372
S1-971552766	S3-821718465,S2-90960694,S2-817397998,S2-493658216
S1-685603873	S3-472797142,S3-285318848,S3-468401125
S1-398809244	
S1-318359987	
S1-887158666	
S1-30464807	
S1-579835141	S3-115413758,S3-676595960
S1-704878730	S3-990116245,S2-684373861,S2-629582450
S1-45261040	
S1-611252814	
S1-242742457	S3-390265657,S3-59012359
S1-377650336	
S1-379102787	S3-537774286,S3-983637490,S3-801174916,S2-36093043
S1-279420771	S3-314496167,S2-100759147,S3-999928849
S1-253570179	S3-379078070
S1-355483346	
S1-530518123	
S1-716408419	S2-463185108,S3-227314192
S1-556682465	S3-241509871
S1-873041631	
S1-241504618	S2-829502676,S3-278800273,S3-481188031,S3-275966255
S1-338937959	S2-497828925,S2-362399881,S2-430602169,S3-812465881
S1-695232286	S3-600052602
S1-696900359	S2-932076839,S2-747486317,S2-471068391,S3-90989029
S1-415791914	S2-758022877,S2-893981953,S2-474577848
S1-630216849	S3-613133253,S3-789091605,S2-478690411,S3-867304763
S1-819204801	S3-692987950,S3-139262287,S2-923887619,S3-622387993
S1-756436545	
S1-499978921	S3-95717978,S3-785393371,S3-892114348,S2-455339858
S1-539905485	
S1-915850058	
S1-733687362	
S1-686685414	
S1-523492745	
S1-916348608	
S1-317118448	
S1-338534951	
S1-595700271	
S1-858729310	S3-946482915,S3-257847821
S1-119542512	S2-856334855
S1-80994828	
S1-674156222	S2-382678735
S1-246239857	
S1-705851714	S3-138299060,S2-750137796,S3-61580832
S1-266638821	S3-779028808,S2-144677009,S3-76711509,S3-693999405
S1-934541601	
S1-31159774	S2-780388304,S3-751993226,S3-475284112
S1-344256213	S2-679887117,S2-856080835,S3-387952027,S3-82344241
S1-438969803	S2-805148148,S3-442429174,S2-621577890
S1-280228646	S3-9178408,S3-50679350,S2-787566593,S2-720323928
S1-1767816	S3-600547476,S3-472350598,S3-253618640,S2-345612237
S1-756262388	
S1-699584677	S2-791114641,S3-801179494,S2-727320530,S2-3619521
S1-254976405	
S1-728010715	S2-356892330,S2-951616061,S2-488599231,S2-231977596
S1-559792161	
S1-92043209	S2-40954971,S3-559140683
S1-690638971	S2-473378538,S3-825127958,S3-55145133,S2-254672486
S1-949313847	
S1-700738753	S2-396818824,S3-521147708,S3-509129800
S1-34339466	S2-993174754
S1-917816248	
S1-519489954	S3-514521491,S3-218227760
S1-11160798	
S1-484757386	
S1-626387561	S3-738774748,S3-21001657,S3-977237300
S1-665945394	
S1-560307348	S3-84220955,S3-296433108
S1-146421862	S2-391754844,S2-735804127,S3-701788077
S1-966814727	
S1-547232768	
S1-743885796	
S1-447141528	S3-564379827,S3-561963947,S3-225494413,S3-160843548
S1-393542694	S3-888781462,S2-373460841,S3-306890447
S1-404275544	S2-102536356,S3-398004157,S3-622123139
S1-476306570	
S1-121281404	
S1-297979501	S3-867441763,S2-460743804,S2-745538560
S1-491866685	S3-479283448,S2-604784232,S2-870876798,S2-68938141
S1-313514570	
S1-891105888	
S1-110987275	
S1-90580079	S3-757926106
S1-573450964	
S1-767873507	S2-406601772,S2-772187996,S3-16664518,S3-819468762
S1-365324551	
S1-199288562	S2-386632991,S2-484607997,S3-924271665
S1-907265328	S2-716314574,S2-419257655,S3-583899326
S1-584633852	S3-474958658,S2-391656603
S1-857306347	S2-749421003,S3-890172737,S3-440103277
S1-91814247	
S1-56988658	
S1-892084612	S2-617723385,S3-88189753,S3-213978303,S3-162369112
S1-813583305	
S1-49674366	S3-959460889,S3-980649584
S1-699637207	
S1-213648484	S2-306805673,S2-815490745,S2-21041091,S2-757886196
S1-716344075	S2-28701385,S2-44786381,S2-204884288,S2-478835244
S1-174377733	S2-103161229,S3-302934029,S3-213940752,S3-868636549
S1-738454560	
S1-321176987	
S1-223013638	S3-753890269,S2-936294781,S2-95604060,S3-583087052
S1-816863076	
S1-154291827	
S1-858120542	S3-285968559,S3-812786517
S1-3238886	S2-458634748,S3-318788367
S1-903657347	S2-980033440,S3-173655025
S1-654610487	
S1-457139866	S2-815062890,S2-818120103,S2-759905717
S1-296721612	S2-480063254,S3-120794325,S3-746517404,S2-711202316
S1-268827679	
S1-190824726	S3-26699560,S3-183806726,S2-113310170
S1-515869578	S2-996219470,S3-84398607,S3-182310996,S3-437845747
S1-42355187	
S1-433418423	S2-604211626,S3-389082236,S3-160607385,S2-77599472
S1-740159950	
S1-240003366	
S1-840486394	
S1-150699250	
S1-389891388	
S1-149492949	S2-970558196,S2-523264051,S3-680975545
S1-215296407	
S1-175313867	S2-288017799
S1-887178594	
S1-692783692	
S1-814900143	
S1-214520990	
S1-521630767	S2-726219590,S3-994101847,S3-467259488
S1-931666581	
S1-736967025	S2-56519747,S3-853704562,S2-528155044,S3-417919805
S1-47297761	
S1-326575680	
S1-537130299	
S1-698596305	S3-709876111
S1-877568857	S2-341441005,S2-610377601,S3-404605236
S1-813768900	
S1-810287498	
S1-537323331	
S1-643700117	
S1-140402829	
S1-349835303	
S1-333897981	S3-765482957,S3-546887846,S3-96889978,S2-954562527
S1-373808386	
S1-684242642	S2-996207614,S3-245898309,S2-963110008,S2-630007704
S1-492496935	S3-843705546,S3-7475388,S3-929121904
S1-209148322	S2-91075178,S3-521358506,S3-630878720
S1-946812437	S2-769371828,S2-557331643,S2-341911525,S2-888169555
S1-657491051	
S1-95913847	
S1-758430901	
S1-946178003	S3-398520831,S2-645273298
S1-827891235	
S1-602396990	
S1-318586283	
S1-335702828	S2-87879624,S3-450179712,S3-194663481,S3-77364431
S1-737690842	
S1-937052545	S2-401866941,S3-763137967,S3-28788705,S3-613118235
S1-278864913	S2-653011762,S2-550770650,S3-388709910,S3-177091009
S1-907084877	S2-813560630,S2-568039536,S3-435814729,S3-218836228
S1-911513523	S3-4679773
S1-660489799	
S1-972359440	S3-127238416,S3-891260756,S2-677429948
S1-725034079	
S1-986947883	
S1-195261188	S3-108688445
S1-445350897	S3-781166613,S3-520808910
S1-296270501	S2-958256745,S2-905939202,S2-140555278,S3-290534840
S1-969889796	S3-252096357,S2-840677055,S3-104364685
S1-805255176	S2-191386652,S2-286986091,S3-272770111,S3-497974129
S1-912768309	
S1-482262579	S3-843852193,S2-223797719,S2-879901995
S1-591946394	S3-702359684,S2-386956856,S2-859519453
S1-138686755	
S1-232481199	S3-932079815,S3-309292754,S2-723227058,S2-407449724
S1-321169155	
S1-37354073	S3-75057478
S1-310431572	
S1-783738838	
S1-138210040	
S1-454902485	S3-726603398,S3-905892891,S3-998041689
S1-232942994	S2-152033427,S2-185710485
S1-772830117	S2-673107391,S3-337945718
S1-198958488	S2-620494946,S3-970332783,S3-78098889
S1-135114601	S3-655249809,S2-518506589
S1-671402776	
S1-39655838	S2-714065731,S3-991196662,S3-560962840
S1-750936990	S3-940801425,S2-56658375,S2-430992114
S1-452952997	S2-208952260,S3-287869437
S1-546972586	
S1-966113779	S3-161635475,S3-390205753
S1-710511562	
S1-682487470	S2-351918233,S3-372722582
S1-930251995	
S1-267709449	S3-333566193
S1-292130118	
S1-236987825	
S1-572487442	
S1-198877579	S3-896790314,S2-809528008,S3-988151386,S3-508981783
S1-93841155	S2-876224684,S3-829942734,S2-467557020
S1-335383013	S3-719936021,S3-579222152,S2-90566979
S1-6821840	S3-771030446,S3-67705912
S1-342352922	S2-950617428,S3-909891057,S3-149561744
S1-298895638	S2-354915886,S3-146915448,S3-472470769,S3-521951773
S1-699763795	S2-537458460,S2-300790419,S3-8839120,S3-801829152
S1-407595370	S3-663985048,S3-41183292,S2-42016486,S3-740310465
S1-59581455	S2-535276717
S1-506069846	S2-317961487,S3-729547050,S3-728832409,S3-170693077
S1-364695694	S3-104461139,S3-368057206,S3-739953747
S1-380178010	
S1-477876724	S2-505208900,S3-573449112,S3-867017904
S1-961082052	
S1-702854001	
S1-880572347	
S1-283629602	S3-732190740,S2-559928307,S2-392992045
S1-259182222	S2-701209004,S3-138580825
S1-756030116	
S1-673811311	
S1-483446761	S3-998806512
S1-619976953	S2-969391270,S3-510010635,S3-111621219
S1-700508790	
S1-615250830	S3-813871619,S3-740451030
S1-663988129	S2-980914923,S3-736763445,S2-275121954,S3-28147125
S1-638907172	
S1-695454408	S3-596390596,S3-148881900
S1-555777885	S3-679571431,S3-651131117,S3-588274363,S3-16386324
S1-906047915	
S1-448893876	S3-511642706,S3-367905280
S1-353146323	S2-136417602
S1-905335	
S1-970570026	S2-663724277,S3-938285705,S3-478524961
S1-681648208	S2-84014189,S2-405286905,S3-442660581,S3-807212952
S1-20925445	
S1-115441621	S3-516670411,S3-585963213
S1-781585018	S2-138556589,S3-732978101,S2-779585375,S3-29122625
S1-294247703	S2-26624962,S2-687824195,S2-988215417,S2-706158179
S1-352854766	S2-905333184,S2-476601532
S1-826515191	
S1-558038525	S3-86345273,S3-189306149,S2-128420983
S1-535693291	S2-612807944,S3-130255249,S2-377152302
S1-599358483	
S1-231977919	S2-738816767
S1-259165392	
S1-351786059	S3-1728745,S2-556008530,S2-238008469
S1-851506580	S2-265443706,S3-750369394
S1-937161558	S3-258298610,S3-400843667,S3-797271624
S1-888007499	
S1-124394302	S2-777439106,S2-803623454,S2-948893694
S1-973016381	S3-687779072,S2-414865361,S3-586911363
S1-297979655	
S1-532286223	S3-85147413,S3-368887491,S2-867729915
S1-857217059	
S1-584339891	S3-641383107,S3-637318940,S3-546746420,S3-545033521
S1-29654366	S2-439197208,S2-670195216,S2-541891004,S3-865890017
S1-842576887	S2-71923980,S2-613934671,S3-29053985,S2-443417936
S1-203705945	
S1-643772576	S3-887015943
S1-574269940	S3-810766812,S3-793636414,S3-698478099
S1-850145471	
S1-381637482	S2-766020084,S3-979997481
S1-574392977	S3-751226792,S3-448060584,S3-379659385,S2-136628286
S1-955749493	S3-764635066,S3-473821542,S2-999128010,S3-359041396
S1-232353415	
S1-136592785	
S1-881452026	
S1-176005239	S3-360739401
S1-799817852	S3-100691843,S2-497550719
S1-459841318	S2-874526672,S2-915353718,S2-232909945,S2-120200620
S1-64732858	S3-976136910,S3-92329363,S2-324638300
S1-487073639	S3-374272011,S3-790034100,S3-605882303,S2-37428939
S1-718452154	
S1-808278120	
S1-655801333	
S1-246071262	S2-197549601,S2-79192658
S1-825186247	S3-107693556
S1-703419778	S3-163944173,S3-505577031,S2-467221654,S2-591489879
S1-631543582	
S1-169802920	S3-264701284,S2-967975851
S1-895738073	
S1-507653947	
S1-978989669	
S1-779475274	S3-772139233
S1-413835800	S3-88014442
S1-770616001	S3-244487201,S2-184385135,S2-927637163
S1-7130184	S2-455629677,S3-271422993
S1-583408601	
S1-686847233	S3-162417732
S1-15998473	
S1-863231222	
S1-790820973	
S1-292274491	
S1-994686899	
S1-145973837	S3-382813507
S1-382080540	S2-141211839,S3-430170842
S1-847031300	S3-679755484,S3-838546346,S3-58560131,S2-762174042
S1-552271413	S2-506822393,S3-211274018
S1-847168136	S3-347327933,S2-997782147,S2-624674067,S3-941937009
S1-247541530	S3-744983712,S2-449220640
S1-430463221	
S1-540394225	S3-177365970,S3-562614326
S1-752191559	S2-531712669,S2-390328527,S3-55336367
S1-36098854	S3-343977908,S2-701809989,S2-394882397,S3-630100300
S1-980240468	S3-372652233,S2-445224097
S1-984770672	
S1-655735445	S2-77599472
S1-615734718	S2-526104604,S2-994851440,S3-490410535
S1-366203155	S3-12914445,S2-937719874,S3-918918502,S3-702780924
S1-13346403	
S1-707841241	S2-437510079,S3-296093687,S3-570648697
S1-132841456	S2-31002466,S2-791724602,S3-22785425,S3-443354903
S1-869281842	S3-889365343,S2-227966804
S1-375613733	
S1-866974847	
S1-757079241	
S1-776158292	
S1-456393261	
S1-334564048	S2-874736538,S2-648034442
S1-29970144	
S1-218733805	S3-772811471,S3-213564500,S3-201141630
S1-687452186	
S1-787000381	
S1-948070901	
S1-283164148	S2-639231638,S2-216914922,S3-394337134,S3-205013802
S1-153643245	S3-808706439,S2-474338323,S3-641636866
S1-654210692	S3-528802835,S2-795724398
S1-500508846	S2-269570488
S1-261009066	S3-911581584,S2-259239303,S2-848472717
S1-998492488	
S1-16474473	
S1-892884894	S3-657070590,S3-554489477
S1-749918015	S3-254414019,S2-950985422,S2-29289130
S1-157700525	
S1-927514051	S2-199881566,S2-441445984,S3-23735222
S1-5146957	
S1-512053465	
S1-754580070	S2-343305411,S3-590198644
S1-132454553	
S1-521513003	S2-425983993,S3-771608667
S1-844580649	
S1-384623955	S2-119616077,S2-457476244
S1-500391288	S3-808074672
S1-796043742	S3-278898746,S3-117031508,S2-83987433,S2-319874494
S1-351373257	
S1-833303995	S2-649167271,S2-183080049
S1-17723278	
S1-921073712	
S1-230529331	
S1-975701799	S2-567629099,S2-40370188,S3-725868820,S3-532090297
S1-555363886	S3-207620705
S1-486136387	S2-981876091,S3-594915191,S2-588404256,S3-53998327
S1-213740875	S2-809981156,S3-277514172
S1-648016944	S2-818777229,S2-563498732,S2-921164674,S2-173992725
S1-694643580	
S1-904442769	S3-5236774,S2-808058897
S1-90521983	S3-79827647,S3-457914347,S3-352499933,S2-899804851
S1-677458867	
S1-635937094	S3-524544584
S1-182839861	
S1-382518193	
S1-355668976	
S1-933964465	S3-788149188,S3-483242864,S2-89924593
S1-975401089	S3-51229572,S3-231047005
S1-697802487	
S1-182614192	S3-440237568,S3-548860412
S1-651041300	
S1-626849476	
S1-160479203	
S1-521484988	S2-990103083,S2-891022536,S3-467224750,S3-740948359
S1-364828614	S3-660420452,S3-203966740
S1-507761614	S3-400845944,S2-849616312,S3-40429997,S2-660179581
S1-544235261	
S1-948583812	S3-261303921,S3-101927851
S1-21576874	
S1-130387022	
S1-969737159	S2-944694412
S1-626823330	S2-852859985,S3-472833866,S2-917977743
S1-754627422	S3-69686440
S1-604690140	
S1-339226380	S2-419605789,S2-422175637,S3-585247985
S1-253675675	
S1-53059824	S2-483032168
S1-171174854	
S1-696043339	S3-834444320,S3-474696759,S3-944183307,S3-135029775
S1-446569574	S3-36725694,S2-202784149
S1-875537629	S3-465036953,S2-667736585,S2-487510318,S2-876523355
S1-16437337	
S1-82716749	S2-842270649,S2-118467893,S3-328085225
S1-44212263	
S1-387940069	S2-301667750,S3-427526070
S1-581996207	S2-906215478,S3-620109002,S2-863517836,S3-853677074
S1-191103385	S2-899317910,S3-923943758,S3-27526997
S1-754679262	S2-11202933,S2-478660499,S3-540861329
S1-101212908	
S1-636323287	
S1-5945216	
S1-666635983	S3-42611830,S2-143353125,S2-734412170,S3-954015342
S1-762228673	S2-44616023,S3-83409298
S1-265808780	S2-829150529,S3-849551626
S1-667521632	S2-739337207
S1-699413175	S3-981641320,S2-811701156
S1-409124935	
S1-213370074	S2-945279787,S2-171116268,S2-531456184
S1-991392469	
S1-187863612	S3-540506398,S2-624806053
S1-715861982	S2-236816546,S3-233269099
S1-89400867	S2-568816423,S3-91165672,S3-284355097,S3-730536219
S1-950097534	S3-888246906
S1-361643260	
S1-691035225	S3-355745597,S3-557134190,S2-310810029
S1-276779366	
S1-53800189	S3-893726962,S3-80134515,S3-310117476,S3-700530073
S1-9587674	
S1-965891030	
S1-346649143	
S1-71113137	S2-716414734,S3-276135225,S3-689530502,S3-36381029
S1-597407355	S3-8899716
S1-403010201	
S1-103918574	S3-42260800,S2-62538324
S1-203087315	S3-788001324,S3-949233630,S2-525746999,S2-806096928
S1-282453078	
S1-746044458	
S1-296881140	
S1-284728501	S3-436103645
S1-392969832	S3-750105368,S3-34633386,S3-276093703,S2-537230998
S1-970974886	
S1-280936100	
S1-13211822	S2-762368543,S3-612033087,S3-764484828,S3-657719091
S1-253121501	
S1-864142312	
S1-377761876	
S1-710709568	
S1-657873963	S3-120386776
S1-183494575	
S1-389671860	S3-369276971,S3-676783828
S1-505043115	S3-536138644,S3-412613954,S2-139518554,S2-977650971
S1-109109446	S2-868899086,S2-786295180,S2-481377924
S1-952200062	S3-956698769,S2-697325225,S3-786077158,S3-276424451
S1-818265855	
S1-22894411	
S1-139398356	S2-34086758,S2-808205622,S3-700267072,S2-218286779
S1-844825642	S3-266503188,S3-1289825,S2-546590876,S3-964394969
S1-947413117	
S1-607552054	
S1-976014040	S2-626966354,S2-554757013,S3-961857565,S2-714686806
S1-775985651	
S1-261248863	
S1-75789896	S2-92874794,S2-972429381,S2-650553712,S3-230090089
S1-394692927	
S1-704426407	
S1-13660795	S3-539627415,S3-98884851,S2-87001803,S2-181452865
S1-155933539	S3-817291320,S2-914055022,S3-212189788,S2-40410688
S1-367407683	S2-115223249
S1-189539466	S3-180824488,S2-906575194,S2-770364051,S2-810268417
S1-966541640	
S1-814554741	S3-980142499,S2-998950859,S3-222756000
S1-567250700	S2-297270935,S3-737053554,S2-490034547
S1-270589512	S3-477563669,S2-994445673,S3-65098377,S2-997871732
S1-430041349	S3-663807980,S3-920501327
S1-113337964	
S1-379564195	S3-89924668,S2-546793077,S2-124028159,S3-970673508
S1-87500421	
S1-677651596	S3-109995920,S3-338748826,S3-215734331,S2-241527998
S1-466198091	
S1-128473022	
S1-491816055	S2-860810799,S3-314786915,S3-571028493,S2-978653998
S1-389964322	S2-314577423
S1-152842095	
S1-491799834	S2-256974711,S3-44363164,S2-977880853,S3-549100787
S1-922430536	S2-362798161,S3-399427452
S1-415617640	
S1-209201015	
S1-63314967	
S1-49798337	S2-537498606,S2-346336746,S3-252468239,S3-869462777
S1-372351573	S2-725126710,S3-741683590,S2-847976577,S2-655324839
S1-290656489	
S1-452715384	S3-670589501,S3-397214226,S3-131859071,S3-809939254
S1-787548400	
S1-631976101	S2-944410437
S1-649711587	S2-223933114
S1-352803809	S2-266941624,S3-343678827
S1-630534731	
S1-9133482	S2-234531856,S3-765709315,S3-216369720,S3-259077244
S1-421052142	S3-216600731,S2-567641688,S3-753824884,S3-943076794
S1-381475647	S3-362390351,S2-325877134
S1-918572750	S3-341088208,S3-913878194,S3-260096809,S3-321854830
S1-332400190	S3-510610560,S3-95144904,S3-673541960,S3-71229377
S1-713954789	S3-916070292,S3-705413139
S1-81484640	
S1-576977223	S3-891010611
S1-48743020	S2-923709763,S2-589023709,S3-434588185,S2-795359172
S1-138559103	S2-337614273,S2-67728852,S3-306947807
S1-589567362	S2-250470498,S2-348921348,S3-705484177,S3-338840348
S1-782734433	S3-207385893,S3-139521656
S1-20229917	S3-274720331
S1-652025871	S3-628744050,S3-980983502
S1-21909047	S3-787568315,S3-735700060,S3-383884347,S2-446524784
S1-500526446	S2-887631232,S2-532295242,S2-123934922
S1-473002915	S2-77228141,S3-728053998,S3-56851623,S3-39069653
S1-396275663	
S1-361607910	S2-222195531,S3-405630901
S1-498357027	S3-47402236,S2-2112444,S3-474767084,S3-324858932
S1-350800301	
S1-846754474	
S1-844701575	S2-885565644
S1-89849729	S3-841818924,S3-807115785,S2-971009537
S1-462312460	S3-566192209,S2-400090525,S2-340549646,S3-103796702
S1-263829193	
S1-228567953	
S1-201797405	S3-620333618,S2-986281054
S1-413141053	S2-652914808,S3-772050317,S3-380490975,S2-850302800
S1-393370225	S2-332862859,S3-519438239
S1-4734931	
S1-930991471	
S1-246427662	
S1-353304745	S3-723197662,S3-387026046,S3-596985700,S2-446784296
S1-232523048	S2-959092397
S1-479214004	S2-933659796
S1-563615481	S3-19086192
S1-723496429	
S1-58921838	
S1-515747204	S3-212922324,S2-417277731
S1-201114583	S3-3664484,S2-263863878
S1-609730619	S3-749599438,S2-20353082
S1-225256992	S3-939496644,S3-352390319,S3-251390724,S2-314500458
S1-360855916	S2-651066226
S1-191309407	
S1-682204367	S3-466673775,S3-557238358,S2-727861151
S1-441713966	S2-420721246,S3-995009483,S3-980084078
S1-671346366	S2-363525059,S2-868658492,S3-535510201,S3-383919263
S1-751536856	S2-416869806
S1-970772197	
S1-700749845	
S1-395002042	
S1-152225854	S3-984637015,S3-941026522,S2-676279975
S1-943048525	S3-984411635,S3-230065194,S2-218031612,S3-579001583
S1-734577382	S3-440145532,S2-348483067,S3-869725773
S1-874360102	S2-937809324,S2-836711691,S2-353594581,S3-75993538
S1-509281637	S2-625162591,S3-779684865,S3-251169190
S1-397483741	
S1-242672509	S2-723993693,S2-738614363
S1-510179635	S2-743670834,S3-158815036
S1-161139999	S3-711680250,S2-554154027,S2-988367404,S3-19988473
S1-407198115	
S1-773171454	S3-934963727,S3-637636115,S3-174229785,S2-838775779
S1-983289002	S3-803572553,S3-400784342
S1-102314618	S2-73882593,S3-252403182,S2-443370613,S2-71740097
S1-547813325	
S1-876458568	S2-898920911,S3-690562376,S3-528892252
S1-518944415	S2-396910060
S1-813240351	
S1-526898580	
S1-790518951	S3-513922235,S3-121758559,S2-443028800,S3-829507125
S1-797867531	S3-579636339,S3-576185902
S1-337490197	S3-378807597,S2-834065560,S2-846866877
S1-401376030	S3-87580543,S3-602067268,S2-606540027,S3-201591182
S1-803239217	S2-364782171,S2-249595281,S3-115883629
S1-263557682	
S1-594507934	
S1-561154701	S3-895769351
S1-644539174	S2-774474798,S2-915906262,S2-512973101,S3-95424862
S1-487149606	
S1-90257771	S2-533399087,S3-871391129,S2-571074335
S1-844099287	S3-615032668,S2-753762156,S2-112049632
S1-745006497	S3-957423735
S1-878544158	S2-711263547,S2-257685963,S3-728669529
S1-657924243	S2-580076396,S2-418549168,S2-18895420
S1-989690900	S3-498493483,S3-687370507,S2-942151884
S1-289217012	
S1-267069752	S2-264066052,S3-708430164
S1-70337883	
S1-362894724	
S1-364771152	
S1-26482800	S3-768203171,S3-298944946
S1-678009858	
S1-288271011	S2-673914492,S3-980478186,S2-686985899
S1-121090707	S3-611766152,S3-323997901,S2-107370752
S1-315510855	S3-953437285,S3-573951062,S2-630645819,S2-966968661
S1-94480844	S3-494626874,S2-606096380
S1-574564912	
S1-611095840	S2-217865310,S2-185378792,S2-255744705
S1-190916652	S3-782511292
S1-991232125	S2-649780898,S3-286773046
S1-894785580	S2-175080954,S3-219623530,S2-663114755,S2-341546548
S1-103833541	S2-581071655,S3-371735306,S3-108918171,S3-741932778
S1-779026840	
S1-519238901	
S1-132045259	S3-28554146,S2-439541352,S2-291502731,S2-180773333
S1-900309996	S3-311843209
S1-671346338	S3-567821688,S3-492662037,S2-658193416
S1-499437061	
S1-53551190	S2-338528081,S3-154749770,S3-168270843,S2-101160983
S1-43825529	S3-584570699,S3-186126739,S3-643703254
S1-348704959	S3-88734314,S3-237386107,S2-664510919,S2-290498903
S1-323962550	S3-541226768,S3-406234509,S3-962221834,S2-498488049
S1-174478156	S3-281371667,S2-446351740
S1-61958012	S2-608207777,S3-903768481,S2-431560495
S1-117186635	
S1-186132726	S2-200966173,S3-748838968
S1-937085342	
S1-837821392	
S1-247121798	
S1-2034458	S2-866900554,S2-967751572,S3-713310169,S2-90207720
S1-271209371	S2-90907626,S3-662583746,S2-729673652,S2-658281901
S1-918371970	S3-670198259,S2-379092626,S2-195942929,S2-366291668
S1-14008981	S3-259830287,S3-852912920,S3-883978119
S1-933838873	
S1-557233690	S3-5074527,S3-842790153
S1-612583766	S2-874724043,S3-30444848,S2-50980791,S2-440279069
S1-740660573	S3-441938695,S3-814081345,S3-180987400,S2-370426747
S1-37181608	S2-363073901,S2-633236529
S1-590101553	
S1-539038544	
S1-22441422	
S1-873313226	
S1-931487028	
S1-993705237	
S1-830865594	S3-117831943,S2-575605057,S3-306716834
S1-184295033	S3-848363360,S2-531369725,S3-421323099,S3-137546565
S1-887723830	S3-648625015,S3-207025341,S2-781287468,S3-523421126
S1-912960373	S2-846368099,S3-922830132
S1-203000941	S2-966059598,S2-745975550,S3-114650260,S3-631204163
S1-83437267	S2-110430013
S1-269648013	S2-385480472,S3-859629071,S3-218946344,S2-803356155
S1-970698689	S3-488361564,S3-282428415,S2-24157585,S2-928325252
S1-904243204	S2-888297709,S3-967900126
S1-533023644	
S1-765480095	
S1-235304841	
S1-561130263	S2-39830763,S3-211771275
S1-204347745	
S1-150858902	
S1-632464019	
S1-17744139	
S1-154647760	
S1-298795989	S3-671551959
S1-284604257	S2-752480236,S3-659769748
S1-560720135	
S1-828200797	S3-253938066,S3-743756196
S1-812238076	S3-786364592,S3-597001995
S1-959985721	S2-538716298,S2-389552717
S1-66947302	
S1-966982825	S3-94963558,S2-409159142
S1-512181885	
S1-746168463	S3-434841375,S3-791111881,S2-769977374
S1-745670321	
S1-458900952	S2-909207265
S1-641805271	S3-563564338,S2-920350849
S1-896987342	
S1-893342839	S2-502157151,S3-331502694,S2-455203077,S2-653910460
S1-454631586	
S1-212676083	S2-329996014,S3-130941736,S3-626866536
S1-860068110	
S1-316542891	S3-722000446,S3-309453640
S1-449174093	
S1-771459039	S2-84950818,S3-306503267,S3-499230261,S2-962201514
S1-446003805	S2-809440879,S2-122775303,S2-679028360,S3-609166608
S1-404448479	
S1-703645501	
S1-386057885	
S1-94712381	
S1-919354674	S2-2487589,S3-907662125,S2-67160721
S1-812005357	S3-652116177
S1-626513377	
S1-887357701	
S1-245734913	S2-85255907
S1-394813135	S3-67704998,S3-671524565,S2-560721692,S3-886064863
S1-425538939	S3-18579023,S2-786914674,S2-228624809
S1-195247757	
S1-294006040	S3-706674121,S3-217831715,S2-876624643,S2-577126746
S1-903131258	S2-995350567,S3-505943334,S3-822869601
S1-560508952	
S1-870178913	S3-446046547,S2-504892554,S2-480930215,S3-393911108
S1-68188402	S3-562557870,S2-44016080
S1-542334999	S2-484897693,S3-544370448
S1-415404385	
S1-624454018	S3-528823595,S2-800883240,S2-908301837,S2-780025538
S1-856367760	
S1-150419824	S3-248595175,S2-453494673
S1-85682244	
S1-631269073	S3-523618744,S3-433164727,S2-403664515,S2-668702617
S1-121062188	
S1-584307375	
S1-652734610	S3-953362793,S2-49953414,S2-26943720
S1-64750477	
S1-501901873	S3-164315868
S1-215448474	S3-675462259,S3-632014477,S2-589503110,S2-445747859
S1-937626203	S3-827961616,S3-795286631,S3-409323019,S2-361099789
S1-672845414	S3-300621549,S2-524130187
S1-588974959	S2-818282822,S3-965720016,S3-215923152
S1-206333522	S3-995648924,S3-853400124
S1-399254078	S2-10270480,S3-446862065,S3-643917043
S1-256650754	
S1-699907240	S3-503211138,S3-672012805,S2-868289529,S2-745817204
S1-461757195	S3-631675667,S2-552596705,S2-207501664
S1-235759935	
S1-719862640	S2-468418483,S3-111248382
S1-528157401	S3-21351643,S2-48675642
S1-470935083	
S1-674220654	
S1-933901449	
S1-36433671	S2-237665978,S2-517711964,S3-969320203
S1-541660847	S2-988741903
S1-679902525	S3-942014640
S1-606016389	
S1-126723499	
S1-203246093	S2-959321821,S2-728696732,S3-110623788,S3-437575208
S1-245677628	S2-702742059,S2-287033358,S2-194999897
S1-968530829	S2-174757308,S3-597078868,S2-143629506
S1-526251209	
S1-688508943	S2-664624284
S1-156432348	S3-244526674,S2-231221556
S1-961520234	S3-300618890,S3-871400306,S3-636252193,S3-107189454
S1-240999860	
S1-461265728	
S1-850515624	S2-489561458,S3-479362872,S2-434410576,S2-272225450
S1-761339309	S3-81126448,S3-652897365
S1-243795950	S2-430247988,S3-660120855,S3-825571278
S1-896038718	
S1-54256517	S3-351754823,S3-70068084,S2-37253740,S2-786781181
S1-844599003	S3-279096883,S3-844529969
S1-337756301	
S1-885932886	
S1-842555199	S2-804995405,S3-381070666,S3-617735003
S1-430376504	S3-482708064,S2-288158896
S1-357824342	S2-254145061,S2-143650046,S2-230602554,S3-659488662
S1-395215407	S3-76467171,S2-891114650,S2-800741720
S1-684394336	S3-215939681,S3-410079902,S3-685558799
S1-199358621	S3-385793191,S3-185346040,S2-57164775,S2-211057195
S1-1708424	S2-36978028,S2-522856027,S3-595116486
S1-343398865	S2-109650963,S3-670427405,S3-414065838
S1-386739357	S3-834281238,S3-715645289,S2-336607941
S1-485819121	S2-773441316,S3-573047362,S2-540305137
S1-745492296	S3-789279618,S3-339612365,S2-389403635,S3-657679433
S1-478334885	
S1-527716729	
S1-427386532	
S1-995353059	S3-790140876
S1-256674489	
S1-41897706	
S1-568132504	
S1-77771640	
S1-535717092	
S1-984950953	S3-778306058,S2-643951482,S2-576817693
S1-931341845	S3-226526653
S1-893681540	S3-478146286,S2-613577132,S3-895465791,S2-954347589
S1-196007386	S2-172039862
S1-360804108	S2-808041068,S2-295479789,S3-300254998
S1-892836943	
S1-804176468	
S1-295812198	
S1-425314881	S2-332187482
S1-15074719	S3-726011365,S3-339713803,S3-26229950
S1-686914578	S3-611517179,S3-679900500,S2-577822973
S1-917324994	S2-366525849,S2-285251102,S3-636209962,S3-260701407
S1-877378639	
S1-310547813	
S1-489492695	
S1-832510677	S3-888549398,S3-1753628
S1-904094782	
S1-40689769	
S1-384395529	S2-628158557,S3-839775460,S2-778413405,S3-317631091
S1-166910351	
S1-961889568	S3-945128905
S1-197982878	S2-69041875
S1-952851137	S3-902870359,S2-111596666,S2-601398454,S3-587298826
S1-786921563	
S1-52987327	S2-267660093,S3-30947622
S1-228782002	S2-498074839,S2-924068252
S1-7119349	S3-236143498,S3-833077222,S3-60492114
S1-968273393	
S1-385752337	S3-975157214,S2-562006075,S3-756057974,S3-736056035
S1-417557476	S2-861725642
S1-286791970	
S1-18773381	S2-212566945,S3-301336849,S2-115310070
S1-19574033	
S1-930592185	S3-189665245,S2-213798137,S2-408272216,S2-724388356
S1-892506155	S2-689410075,S3-712488639,S3-969049337
S1-742032223	S2-491904861,S2-3060674,S3-730775823,S3-763213049
S1-279768057	
S1-436148756	
S1-281102151	
S1-286524569	S2-426871849,S2-749934512,S3-256751067
S1-313599278	S3-327273089,S2-115578805
S1-731358782	S3-93212786
S1-223877248	S2-373075841,S3-119504984
S1-501284534	S2-861932120,S2-480322794,S3-781297573
S1-466879920	
S1-188196931	
S1-951633021	S2-880462977
S1-49875320	S2-540869642,S3-939003239,S2-295033925,S3-801658396
S1-371481536	S2-872329115,S3-582546970,S3-530238604
S1-241175370	
S1-982236416	S3-516929223,S3-147770781
S1-750095066	
S1-81639692	S2-466431885,S2-550169593,S3-750183778,S3-833562873
S1-388752474	S2-723120961,S2-539442187,S3-438902359,S3-985487
S1-146905965	S3-902332838,S3-569855060,S2-125006244
S1-870558044	S3-565232057,S3-291774005,S3-659955365
S1-604733716	
S1-588007112	S2-155185445,S3-328749037
S1-477446725	
S1-4384313	S2-564592417
S1-985888418	
S1-542157009	
S1-299037176	S3-966795342
S1-533804942	S2-135507440,S3-383742412,S3-728735275,S3-982031583
S1-230778912	S2-773418369,S2-562931602
S1-65340945	S2-786604929,S2-193636517,S3-592019043,S2-729818707
S1-977442844	
S1-216928311	
S1-236921571	
S1-789837727	S3-929051601,S3-650530875
S1-728224573	S2-18769949,S2-858895241,S2-50854062,S3-288370558
S1-745421983	
S1-201740084	
S1-662552789	S2-42174864
S1-225649734	S2-766334474,S2-949297093,S2-824727471,S3-514127686
S1-465630164	S3-536142910,S2-874398150
S1-346530556	
S1-779104817	
S1-787856	
S1-47000436	S2-782233795
S1-428665370	
S1-741787840	S2-836437790,S3-207915398
S1-606348427	S2-930683465,S3-4125230,S2-639006793,S3-264047661
S1-603551445	
S1-250671080	
S1-441948854	S3-833713007,S3-128119908,S2-255787546
S1-147967865	S2-809746672,S2-210409234,S3-317334870,S3-647551781
S1-589252767	S2-271414785,S3-278616716,S3-196575248,S3-79309109
S1-634443595	
S1-570589006	S2-639214206,S2-759038714,S2-510491797,S2-437563078
S1-714145752	
S1-718761722	S3-788830486,S3-605541562,S2-667981810
S1-186193362	
S1-671932072	S2-734919,S3-483953406,S2-658552249,S3-718588009
S1-316092944	S3-402967132,S2-882578670,S2-797158704
S1-136220080	S2-903487411,S2-87400480,S2-818555468,S3-631351575
S1-322118931	S2-542848003,S3-738988662,S3-357417293,S3-60125750
S1-635533426	
S1-828970332	
S1-572963605	
S1-583119186	
S1-260725874	
S1-50942720	
S1-314878180	S2-915195386,S3-739675329,S3-348648051
S1-833338175	S3-730943764,S2-231172414,S2-634116840
S1-730537765	
S1-188507134	S2-124475691,S3-488881036,S3-669655862,S3-58393175
S1-888842094	
S1-777468923	
S1-605467894	
S1-963678048	
S1-363901824	
S1-60391007	
S1-89630684	S2-87371279
S1-17632182	
S1-781317252	
S1-428611279	
S1-722161034	S3-177406849,S2-25925844
S1-774346436	S2-241304206,S3-284411179,S3-468484387,S3-488272047
S1-931124255	
S1-439452492	S2-826390904,S3-114272224
S1-823614678	
S1-855370811	
S1-786141696	S3-970824991,S3-658321829,S2-393432501
S1-944715508	S2-991886104,S2-119327391,S3-448010633
S1-230079778	
S1-929117937	S2-284099723,S2-599581832,S2-67823045
S1-805874153	
S1-809412519	S2-548889798,S3-165370775
S1-252186915	
S1-347867040	S2-189033287,S2-146609348,S3-876951280
S1-174660388	
S1-130569496	
S1-108690362	S2-573462234,S2-361142019,S2-69860804,S2-372640743
S1-436970216	S2-88408114,S3-709540987,S3-584739120
S1-775042579	
S1-485018275	S3-908648424,S2-208875672
S1-334940132	
S1-323549218	S2-341911249,S3-324085074,S3-801750576,S2-936770417
S1-366923413	S2-66456963
S1-645975430	
S1-9275987	S2-958902776,S2-663576238,S2-765388706,S3-136979777
S1-45705184	S3-721778956
S1-887625143	S3-219357416,S2-505013789
S1-208946465	S2-54584666
S1-982128519	S3-378691836
S1-786327211	S3-522695947,S3-971951874,S2-87210029
S1-502824804	S2-129413862,S3-568671178
S1-250679740	S2-308720435,S2-116552037
S1-44257478	
S1-764088156	S3-111147487,S3-12377475
S1-663184534	S3-361979154,S2-995707314,S2-272350271
S1-164685108	S3-273255984,S2-815151753,S2-864122482,S2-100236993
S1-552418143	
S1-94809374	S2-955788768
S1-899109316	
S1-463999491	S3-879243231,S2-37944215
S1-511915270	S2-371187459,S2-987274428,S3-9291232,S3-296488503
S1-960329613	
S1-857016982	S3-977649384,S2-81720611,S2-513986739
S1-45715935	S2-189887192,S3-532043644
S1-487770131	
S1-255317366	S3-726782487
S1-896066631	S3-863356000
S1-553396214	
S1-264168976	
S1-984552063	S2-294556713,S3-793982985,S3-811183290
S1-511382802	
S1-311003661	S3-151171698,S2-421944253
S1-147511352	S3-547922843,S3-758194562,S2-317821164
S1-768090303	S2-430198532,S3-700090948
S1-236230562	
S1-97076143	S3-609443484,S2-370952968
S1-127246161	
S1-946031894	S2-464384000,S3-861087330,S2-594890975,S2-515441317
S1-91762758	
S1-734268469	S3-403291302,S3-769047283,S2-679389041,S2-672087724
S1-875565785	S2-820713401,S2-285337911
S1-693485251	
S1-36805628	S2-721598660,S2-494833190,S3-632121822
S1-625847879	
S1-693884927	
S1-277446201	S3-695792399,S2-592822682,S3-148607716,S3-445080322
S1-447198077	
S1-299557990	
S1-257556170	
S1-549562949	S3-447326991,S3-279010577,S3-458927161,S2-182367284
S1-119379282	S2-983142042,S3-474586830,S2-621585537,S2-737056339
S1-607550241	S3-761490128,S2-748176651
S1-53937068	S3-615720973,S2-901881495,S2-326778655
S1-245536315	S2-706600469
S1-342428270	
S1-53274326	S2-736150114
S1-470903656	
S1-525622621	
S1-86274177	
S1-618021257	S2-257843795
S1-795068327	S2-490224439,S3-804459811,S3-365775835
S1-569068592	S3-966885677,S2-410140587,S3-490968245
S1-122990995	
S1-343149127	S3-644991831
S1-544826478	S2-381359282,S2-515698321
S1-12015051	S2-968920896
S1-760710528	S3-717487056
S1-555200264	S3-974800273,S2-280588954,S3-774986891,S3-420056182
S1-512628129	S3-481604214,S2-99142500,S2-958536386
S1-852475346	S3-691731809,S3-367058574,S3-163982666,S2-113440288
S1-503926144	
S1-104847241	S3-27192874,S3-351331259,S2-800413815
S1-197141768	
S1-670295209	
S1-640521911	S2-147213716
S1-391026123	S2-839262459,S3-594227506,S2-791233960,S3-828170486
S1-471132641	S3-381231328
S1-376134294	
S1-73686311	
S1-101295299	
S1-438437076	S2-554715213,S3-521320888
S1-663226094	
S1-569949337	S2-724970195,S3-529920274,S3-711773391
S1-446876510	
S1-754705947	S2-721370519,S2-58250997,S3-491375210,S3-323556467
S1-525233318	S3-799949331,S3-720000621,S3-699121726,S3-626283876
S1-784812251	
S1-208851256	S3-74868926
S1-440494600	S2-308646939,S3-579476009
S1-273640441	S2-828388999,S3-522755537,S2-214293457
S1-865432116	
S1-966251764	S2-517505527,S2-619467594,S3-977820144
S1-311769243	S2-999971176
S1-644111253	S3-750541262,S3-10202488,S2-575972204
S1-376554978	
S1-329078015	S2-74547920,S2-944083049,S2-390692462
S1-625238447	S3-306922734,S2-531496005,S2-131893783,S2-88464075
S1-640611360	S3-810813315
S1-814414875	S2-3679179,S3-49036777,S2-458015568
S1-56546159	S3-730436725,S3-918384229,S2-745243422,S3-948841135
S1-934652322	S2-89508198,S3-16100319,S3-322004150
S1-196348166	
S1-642663458	S3-911390902
S1-890786280	
S1-179664261	
S1-416739008	
S1-903603564	
S1-348633866	S3-715157100
S1-556018621	
S1-713087073	S3-921608334,S2-677545903
S1-810967527	S3-498511432,S2-844836899,S2-874270676
S1-102427979	S3-170971810,S3-420295369,S3-893159697,S2-194648096
S1-155797268	S3-683912720
S1-752056905	S3-770802607,S2-522425658,S2-216368021,S2-147946806
S1-770650929	
S1-291045369	S3-227170586,S3-568088,S3-267612967
S1-758992309	
S1-960767286	
S1-716393427	
S1-247746255	S3-600995992,S3-267822289,S2-76483195
S1-744937610	S2-587017457,S2-105444602
S1-330267378	S3-110806036,S3-849084053,S3-791170196,S3-566911286
S1-463533594	S3-472212551,S2-420601210
S1-656077333	
S1-412426342	S2-537671639
S1-377453899	
S1-953406610	
S1-553597853	
S1-716717325	
S1-982914981	S2-278494994,S3-519037981,S3-911957709
S1-749816943	S3-706394629,S3-36826003,S2-34649221
S1-139273227	
S1-379905477	
S1-341985039	S2-191700351,S3-443182896,S2-338349614
S1-751351932	S2-644812456,S3-250855012
S1-88294012	
S1-14088765	S2-619338578,S2-617777974,S3-642659452
S1-801363801	S2-545457708
S1-840949652	S2-889132154,S3-318556838,S2-227386217
S1-204386086	S3-702080324,S2-264562022
S1-234741895	
S1-543917177	S2-771976021,S3-7386184,S2-901093406,S2-304755141
S1-965170896	S3-621596964,S3-47127076,S3-260666090,S3-813829242
S1-468721988	
S1-860298656	S2-90686880,S3-19913093
S1-187821027	
S1-551033551	S3-824382779,S3-218511831,S3-134631013,S2-538556592
S1-371193228	S3-730753935,S2-66481307,S2-153319945,S3-965279140
S1-620317274	
S1-433502446	S2-342601767,S2-596434634,S3-956953880
S1-985393681	S2-7591359,S3-781782999,S3-724119555
S1-624267541	S3-818942747,S2-822140306,S2-504934422,S3-553561821
S1-978447130	S2-758309291,S2-492764452,S2-334281967,S3-72986228
S1-846449559	S3-708237244
S1-272643946	S3-250414634,S2-366758331,S3-223332984,S2-911948273
S1-57493084	S3-767406871
S1-671965541	S3-693877095,S2-551720990,S3-591269894
S1-705938770	S2-975930939,S3-164911680,S3-52416082,S3-823709080
S1-60005821	S3-133535918,S2-915407119,S3-25830209
S1-550994952	
S1-795355588	S3-13570284,S3-414064279,S3-552113828,S3-460638770
S1-566407208	
S1-251013849	S2-461677584,S3-916208039,S2-889626059
S1-434619095	S2-305370843,S3-468911341
S1-401806302	S3-748870464
S1-770614049	S2-303203463,S3-624192451,S3-599451257,S2-98020829
S1-309645696	
S1-345309375	S2-373086951,S3-695371662,S3-467560285
S1-255872095	S3-782788633,S3-828957414,S2-782099546
S1-383647464	S2-135221191,S3-789190235
S1-434426659	
S1-883420991	S3-587447038,S2-166246497
S1-673668676	
S1-813061827	
S1-495504783	S2-400054209,S3-33015415
S1-476117950	S2-114855652,S3-160075524,S2-448765185
S1-466598443	S3-316901297
S1-847426938	S2-452043051
S1-347729356	S2-546370905,S3-547717661
S1-854483132	S2-677130477,S2-528951494,S2-149273054,S3-347279111
S1-759968562	
S1-846518199	S2-958315666,S3-889210288,S3-932218684,S2-84724766
S1-966185742	
S1-766083974	
S1-477149634	S2-807901180,S2-846806783,S3-999337005
S1-634575882	
S1-219244495	
S1-670173246	S3-864056768,S2-223831808,S3-352508158,S2-385139385
S1-137840983	S2-687358256,S2-105899788
S1-112014693	S2-631240530,S2-515348029,S3-997188281
S1-308777357	S2-489321591,S3-135001153,S3-286227608
S1-80771177	S2-263122357,S2-94168656,S2-171168197,S3-249383591
S1-969019879	
S1-580292602	S3-555428425
S1-907790162	
S1-20062520	S3-612765588,S3-650994508,S2-505890771
S1-148988259	
S1-226998408	
S1-232574541	
S1-304817570	
S1-702610525	
S1-282450926	S3-746276010,S2-559463941,S2-573161411
S1-161449073	S3-335147759,S2-871141527,S2-790468300
S1-411991266	S3-181537048
S1-100627289	S3-289693587,S2-594748318,S3-284662202,S2-124516456
S1-687330727	
S1-547332958	S3-381562252,S2-107574777
S1-662347195	S3-653877733,S2-207403934,S3-925771012
S1-801603317	
S1-894181499	S3-831872507,S2-563694549,S2-758670733,S2-595418862
S1-962258318	S3-365693144,S2-871991997,S3-701737006
S1-616167852	
S1-890633474	S2-845080748,S2-888262595
S1-72597282	
S1-285320042	S2-778722082,S2-798847463
S1-742246086	S2-162393297,S2-482635770,S3-440601912,S3-538868425
S1-799720332	S3-263093486,S3-319588485
S1-835517289	
S1-733053925	
S1-408908283	
S1-903297756	S3-738638804,S3-589530423,S2-139896280
S1-550044862	S3-540654086,S2-318975644,S3-799479539
S1-458940609	S2-286104507,S3-207677145
S1-475018654	S3-676987445,S3-842021069,S2-909257220,S2-120713011
S1-384390931	S3-119348677,S2-607160833
S1-676217055	S2-529940531,S2-576724876,S2-739066733,S3-22853007
S1-538256077	S3-336321691,S3-529341437,S3-841020990
S1-434862701	
S1-783462534	S3-939698313,S3-324930485,S2-530019616,S2-516222400
S1-228233006	S3-563169498,S2-402833286,S3-773046874
S1-605963399	
S1-313617414	S2-13242722,S2-87289961
S1-124870083	S3-325282675
S1-624689568	
S1-937198185	
S1-73913057	
S1-699689679	S3-800493759,S3-438229374,S2-773533148,S2-753976410
S1-924840966	S2-885628642,S2-127042695,S2-856750148
S1-766668725	S2-403615025,S3-885247434,S3-321152406
S1-91144431	S2-751165283,S2-724854191,S3-407456142,S3-346669736
S1-543166401	
S1-223598635	S3-877857398
S1-836834850	S2-767758516,S2-387856068,S3-753834702,S3-516880193
S1-951994938	S3-105746607
S1-716353378	S3-350322990
S1-271794652	S2-988019805,S3-43901401
S1-146648619	S3-929146087
S1-62273270	S2-469430281
S1-496706528	S3-696689350,S3-951959385
S1-165698264	S2-175735936,S3-799946153
S1-29699530	
S1-30097557	S2-678881530,S3-436982871,S3-947206467,S2-552531371
S1-170462463	S2-494209537,S2-100473316,S3-328534039
S1-238143309	
S1-780075893	
S1-436163249	S2-455409828
S1-625865547	
S1-335117164	S2-455965705,S3-595048693
S1-586583366	
S1-957399786	S2-486264186
S1-37128229	S2-472437617,S3-226746638,S2-870309094,S2-788243132
S1-193989488	
S1-906892445	S2-539376494
S1-372080355	
S1-647619456	S2-106953532,S3-26585661
S1-828573994	S2-661440743,S3-185614302,S2-798709195,S2-682563521
S1-958771183	S2-131218261,S2-728082146,S2-646963020,S2-384727558
S1-575396991	S2-485899734,S3-426651613,S3-299929334,S2-310693549
S1-283615945	S2-945943694,S2-757832387,S3-79403510,S3-709453708
S1-214842906	
S1-60252245	
S1-376549662	S2-487052110,S2-747962558,S2-288319530
S1-651425889	
S1-409063260	
S1-169850468	S2-344084731,S2-912409150,S3-792129041
S1-292950454	
S1-368696533	
S1-517882840	S2-910984788,S3-77084788,S3-729270953
S1-457229008	S3-922117636,S2-483999462,S3-930284914
S1-589023009	S2-725777786
S1-578969623	S3-974793241,S2-85278813,S2-67083844,S2-351610222
S1-591517678	S3-945472492
S1-652324090	S2-113164020,S3-458112370,S3-992598648,S3-421212607
S1-422001919	S2-239587746,S2-422022785,S3-682453422
S1-944410685	
S1-953839999	S3-414638249
S1-535410855	
S1-303938058	S3-399677379,S3-907953076,S3-155920269,S2-501402384
S1-346520844	
S1-997980471	S3-812228048,S3-91307998,S2-897976419,S2-517340904
S1-791894788	S2-121718743
S1-407839814	S2-17791655,S2-743877241,S2-432697457,S3-566989725
S1-282253353	S3-62731686,S2-838681653
S1-18769870	
S1-627231411	S3-968378766
S1-352382211	S2-154810296,S3-840890076,S2-975836872
S1-326848004	
S1-38088891	S2-451631008,S2-66623615,S3-904784902,S3-137649372
S1-665020516	S2-460813477,S2-240988746,S3-940407400
S1-74816877	S2-799134891,S2-69838755,S3-966419562,S3-688032858
S1-403554732	S2-321828275,S2-294189165,S3-74136683,S3-575734000
S1-282753524	
S1-561263202	
S1-835854133	
S1-751063936	
S1-229346618	
S1-326964399	S2-219726386,S3-522450816,S3-435205618
S1-504360157	
S1-622992948	
S1-208093617	S3-385022954,S3-356771730,S2-290075472
S1-604954959	S2-317259212,S3-268672572,S3-333729484,S3-900474693
S1-50051473	
S1-822509559	S2-332277233,S3-718274042,S3-958871669
S1-6366939	
S1-499971652	
S1-323787287	S3-549516751,S3-632680531,S3-385989332,S3-92592121
S1-849894199	S3-264416339,S3-858721658
S1-349322975	
S1-953406233	
S1-232500520	
S1-569532399	S2-777830517,S3-611588155,S3-734671395
S1-848861624	S3-846334429,S3-656135376,S3-719313613,S2-652181061
S1-291938607	S3-84185615,S3-4925767,S3-464673454,S3-523466234
S1-829621176	S3-330118215,S3-207409884,S2-903592298
S1-19609500	S2-879573637,S2-977485348,S2-117115452,S3-180366433
S1-298703037	
S1-955123685	S3-443291230
S1-502476053	
S1-154049859	S2-965088466,S3-439291007,S3-393985530
S1-573345888	
S1-91670591	
S1-111578747	
S1-680488434	
S1-700740956	S3-228575200,S3-376879514
S1-22798291	
S1-387632675	S3-144792218,S3-715806490,S2-48583685
S1-346747849	
S1-174624173	
S1-722369848	S2-849455370,S2-656603794,S3-461209822
S1-272973833	S3-990642222,S2-794660602,S3-244495440,S3-219940694
S1-11153402	S3-874522420,S3-731461055,S2-228092143,S3-172262670
S1-769919367	
S1-183511629	
S1-336019115	
S1-173875688	S2-138063603
S1-731634666	S2-428115777,S3-200948373,S3-384507143
S1-63674501	
S1-283542377	S3-938941795,S3-732690294,S3-885503024
S1-901145662	S3-949534686
S1-946298910	S2-125006244
S1-395210046	
S1-345199198	
S1-919027200	S2-481177558,S3-642067762
S1-970060998	
S1-569692360	
S1-782811053	
S1-899644953	S2-633342830,S3-451632024
S1-586055609	S3-876344691,S3-699995885
S1-779082967	
S1-202471346	S2-18205713,S3-783258114
S1-297336905	S2-560701464,S3-169393888,S3-254973572
S1-871083881	
S1-493844979	S3-365488727,S3-33377045,S2-409291151,S3-853870008
S1-401490389	
S1-990413156	
S1-957615204	
S1-509078003	S3-42579392,S2-932798952
S1-811025144	
S1-65413937	S3-223884702,S2-248316381
S1-330235943	S2-46203453,S3-600647465,S2-945736124,S2-189154421
S1-626597033	
S1-898703523	S2-746666612,S2-295623283,S2-196023875
S1-225239505	
S1-174703726	
S1-532291417	
S1-115926299	S2-976628587,S3-361744790
S1-524171757	S2-639469316,S3-710585816
S1-888555548	
S1-196405501	S2-805530862
S1-866879246	
S1-769232015	S2-144169670,S3-507516804
S1-17949682	S3-238191695,S3-541298184,S2-451425324
S1-843483039	
S1-298304884	
S1-215277855	
S1-850769938	
S1-387813542	S3-451856202,S2-944494233,S2-894051119,S2-165765238
S1-214962208	S2-121839054
S1-105779042	
S1-923706442	
S1-513753748	
S1-656490285	S3-937691188,S3-726480796,S2-264233246
S1-526042360	S3-760205633,S3-693596415,S2-341261075,S2-181149263
S1-68415562	S3-969241754,S3-922922414,S3-956217519,S2-884327928
S1-768855294	
S1-361620039	
S1-104066896	S3-9762817,S3-628793012,S3-176947383,S2-138155180
S1-356155805	S3-640794899,S2-532653525,S2-14010521,S3-815542950
S1-614204303	S3-979945104,S2-666460297,S3-550418787
S1-812788368	
S1-395836568	S3-246292980
S1-467704333	
S1-432425118	S3-186555997
S1-637286275	S2-436284745,S2-377729294,S2-540344512
S1-66695284	S2-703953911,S3-604603682,S3-49346419
S1-148107233	
S1-903996817	S3-893767446,S2-617488160,S2-3424028,S3-774873669
S1-627716765	S2-503294939,S2-976126100,S2-466834808
S1-562441876	
S1-348727067	S2-156670606,S3-174357996,S3-705470691
S1-292220390	S3-626221246,S2-786102441
S1-28857131	S3-183938352,S3-2258808,S2-423491978,S2-45433997
S1-922605267	S2-309432151,S2-394680308,S2-163619632,S3-875486584
S1-580736643	S2-151998942,S3-770351884,S3-844613914,S2-368623690
S1-329585751	S2-921849161
S1-448040087	S3-605466901,S3-768943206
S1-560874399	S3-922577052,S3-584125280,S3-417335894,S3-653088941
S1-839769910	
S1-134755367	S3-622208835
S1-956911126	
S1-637139835	
S1-53741776	S2-518586129,S3-899917448
S1-107129938	
S1-147336547	
S1-415569229	
S1-913512346	S3-113183098,S2-542660325
S1-885125793	
S1-434792255	S2-794483982
S1-125386204	
S1-542886790	S2-749611878,S3-383972458,S2-190379371,S3-700428761
S1-642429313	
S1-1262011	S2-311753055,S3-693103491,S3-377146965
S1-450548142	
S1-787977841	
S1-454416828	
S1-708640766	S3-492445402
S1-482956768	S2-125429131,S3-468983305,S3-900226692,S3-952805167
S1-462363928	S2-981143195,S3-148138409
S1-119167173	S3-593040493,S3-631101896,S2-81814694
S1-13750479	
S1-753903617	S3-494228671,S2-479316782,S3-709405216,S2-54577179
S1-984251038	S2-947027631,S3-450809789,S3-147491041
S1-256608260	S2-649621531,S2-18997142
S1-989887816	S3-894143964,S2-907036231,S2-515334086
S1-411864696	S3-116199162,S3-220907269
S1-869527982	S3-508110876,S3-931930837
S1-326258379	
S1-35268120	S2-655276758,S3-159371610,S3-532179214,S3-889205273
S1-618523861	
S1-70585782	
S1-310724692	S2-643350443,S3-818089158,S3-388017061
S1-154175345	
S1-24645166	S2-103987338
S1-854243878	S2-422270892,S3-259394015
S1-200923603	S2-853795339,S2-773401565
S1-675478214	
S1-609804930	S2-102414370,S3-520050005,S3-329727683,S3-713474562
S1-116310839	
S1-757997939	S3-359577291,S2-22370034
S1-430410446	
S1-987901569	S2-421634194,S3-440696724,S2-307266021,S3-335528428
S1-240077204	S3-71026322,S2-202727022,S3-89611684,S2-12705971
S1-294426989	S3-471287764,S3-108348701
S1-347415609	S3-747611334,S3-642357787,S2-998035301
S1-854033846	S3-768394370,S2-754880740
S1-790215093	S2-324772985,S3-924989506,S3-785004990
S1-541774749	S2-464150586,S2-716193151
S1-279789944	
S1-977903444	S2-191931263,S3-573797814,S3-268922817,S3-602399337
S1-850295129	S3-541206887
S1-896915790	S3-519995912,S2-113275216,S3-98966510,S2-70463112
S1-297481351	S2-762085681,S3-728182114
S1-736918113	
S1-558626907	
S1-7642347	S2-680040605,S3-378501720
S1-990751379	S3-308062991,S3-945475372
S1-553287919	S2-822363670,S2-452093382
S1-125624473	S2-719850427,S2-760223415,S3-671352034
S1-681644763	
S1-118354352	S3-31724045
S1-357448681	
S1-217157719	S2-371226467,S2-764510922,S2-262417396,S2-563604153
S1-522532588	S3-951397245
S1-780699964	S3-54079388,S3-426917130,S2-923222822,S3-161609394
S1-231229386	S3-744591273,S3-583501282
S1-144639548	S2-584436085,S3-751502779,S2-38132857,S2-565144741
S1-609677206	S3-930223019,S3-28896975
S1-543898377	
S1-914321190	
S1-996043944	S2-910812235,S3-246750819,S3-782926079
S1-967909623	S3-320039325,S2-630139989
S1-908025722	S3-58395032,S3-923968533,S2-963860984,S2-923848704
S1-696049191	S2-731711321,S3-756044491,S2-682916821,S3-579422577
S1-236893396	S3-172039176,S3-656900565,S3-752441697,S3-17407174
S1-171810335	
S1-743683170	S2-607776867,S3-258524635,S3-374040714,S3-136162283
S1-783036894	
S1-757526688	S3-694285174,S3-103111461
S1-441308872	
S1-841392318	
S1-762405238	
S1-732560651	S2-513185935
S1-83060081	
S1-452223552	S2-885194762,S3-747620055,S3-767410979,S2-92711773
S1-597737229	S3-278778696,S2-339170811,S2-767857026
S1-936864222	S2-437284036,S3-14009030,S3-62298106
S1-74170581	
S1-711836088	S2-203765404,S2-219590688,S3-632549744,S3-667941725
S1-292178146	S2-44788315,S2-296965301,S3-254525204,S3-606410625
S1-951190867	
S1-499598116	S2-667600485
S1-173220203	S3-170793297,S2-307740019,S2-119961017,S3-827433451
S1-932963549	S3-154890221
S1-130805198	S3-551440701
S1-541426543	
S1-29245471	
S1-307483382	S3-3116620,S3-249661636,S2-36460738
S1-225241168	S2-73438310,S3-95062210,S3-228408553
S1-334688849	S2-331620621,S2-109752314
S1-922424895	S3-849395868
S1-199717916	S3-644649347,S2-473775847,S2-61812193
S1-293783132	S3-804821000,S2-143739912
S1-926912238	S2-64307360
S1-463706043	
S1-436093782	
S1-630730190	
S1-272979419	
S1-769316748	
S1-690396239	S3-827953060,S2-374822231,S2-179646169
S1-610914640	S2-184398678
S1-980477246	S2-467069532,S2-266162080,S2-218079582,S3-2207773
S1-310467224	S2-356889420,S2-191496757,S3-310628881,S2-440365023
S1-200741744	S3-508830155,S3-356737456
S1-38638020	
S1-653243806	
S1-183389282	S2-947195060,S2-819602804,S3-369698804
S1-163116860	
S1-96367565	
S1-613790443	S2-905878055,S2-587718230,S2-327055825,S3-400471208
S1-163362672	S2-497728680,S3-108084696,S3-713376375,S2-77058027
S1-110087772	S2-462533010
S1-851205452	S3-35083600
S1-147299073	S3-203714118,S2-358920331,S2-938378616,S3-526322535
S1-875098451	
S1-553162451	S2-578604859,S2-656300172,S3-623848084
S1-461602483	S3-235301699,S3-324173336
S1-298138935	S3-854414653,S2-453062207,S3-950670552,S3-374693680
S1-678655002	S3-902409781,S3-193803891,S3-444890187,S2-474147762
S1-217800067	S3-838680732,S3-946972352,S2-715177063
S1-928796183	
S1-842020349	S2-983485069,S3-577922884,S2-899490881,S2-511291600
S1-126534009	S3-693190587,S3-846425497,S3-204547542,S2-216397254
S1-117713567	
S1-717100245	S3-73056039,S3-339392137,S2-342193382
S1-426999781	
S1-965136941	S2-155603506,S3-735546554
S1-199112525	S3-528521792
S1-580637151	S2-853820476,S3-253689662
S1-634869852	
S1-547567610	
S1-312601733	
S1-671678204	
S1-11887829	S3-655487661,S2-873906177,S2-217844875
S1-180179580	
S1-832224861	S2-823456673,S3-840920632,S3-806230671,S3-534026825
S1-241862543	
S1-409746781	
S1-855868242	
S1-391346393	S2-276763859,S3-779567298,S3-852993590
S1-16467930	S3-644422135,S2-364225682
S1-72018773	S3-314459600,S2-281390222,S2-194111385,S3-995450763
S1-290392481	S3-225891785,S3-763450208
S1-530474045	S3-943127634,S3-898896895
S1-198449532	
S1-543965133	S2-341996146
S1-692670528	S3-949106226,S3-501875798,S3-437199836,S3-201964273
S1-462829806	S2-48800748,S3-302882052,S3-167905662,S3-763564541
S1-348447523	S2-882825758
S1-56431129	
S1-150097481	S2-821113795,S3-88287444,S3-898178815,S3-637292997
S1-465545577	S2-612016042,S2-423464332,S3-287074709
S1-812356857	S2-530192820,S2-935498364,S3-974104096
S1-914000223	
S1-71402535	
S1-862854278	S3-774725223,S3-684583460,S2-861397917
S1-22244513	
S1-641042627	
S1-769738436	
S1-751427869	
S1-669747505	
S1-596244746	S3-580772001
S1-358662325	S2-94712793,S2-246018599
S1-323277466	S2-931489954
S1-630750716	
S1-80820165	S3-286457574,S2-597307269
S1-305299958	S3-385831387,S2-937934082,S3-493104588
S1-610223162	S3-457222788
S1-209229664	S2-666539186,S2-638433172,S2-934805941
S1-140056237	
S1-63373412	S2-282534288
S1-423756155	
S1-881894410	S2-64891911,S2-961481410,S2-65352871,S3-205205211
S1-196225753	
S1-22043573	S3-205866150,S2-437657663,S3-242739203
S1-810992814	S3-767642425
S1-145041696	S2-491562748,S3-478726598,S3-340696983
S1-435394926	S3-903495704,S2-446063912
S1-87097346	
S1-980133078	S2-103056321,S2-40678533,S3-819646843,S3-308917774
S1-550762638	
S1-198898031	
S1-62163054	
S1-4670061	
S1-240607442	
S1-43588002	S3-310618981,S3-806096339,S2-467276253,S3-902024736
S1-94830863	
S1-563551275	S3-796704156,S2-380010145
S1-804420385	S3-166378582,S2-61583850,S3-780901074,S3-23524143
S1-310734433	S2-789360975,S2-908747923,S2-323329448,S3-873673864
S1-798535977	S3-802172010,S3-770042578,S2-431690096
S1-766142161	S2-19720294,S3-31829632
S1-636961393	
S1-911326882	S2-991760242,S2-60933735,S3-485897519
S1-819151789	
S1-375461711	S3-359366538,S3-839603230,S2-934482689,S3-950542175
S1-785784199	S3-524682124,S2-123934922
S1-765808721	
S1-294056596	S2-7824246,S2-797169782,S3-19589361
S1-878488671	S2-506838931
S1-96102022	S3-526834577,S3-310308385
S1-736457705	
S1-920204369	
S1-934706080	S2-728326356,S3-477999931,S2-539797174
S1-372756528	S3-61112807,S2-167475515,S2-164779224
S1-322008244	S3-601452117,S2-491593550,S2-33536863
S1-798756550	S3-17821740,S2-583289348
S1-4434841	S2-742316575,S3-333885391
S1-656054141	
S1-918719780	S2-557696537
S1-899683274	S3-574412879,S2-212916025
S1-884611376	
S1-905019470	S3-418684274,S3-41936821
S1-679674182	
S1-365527972	S3-828097796,S2-663199617
S1-335897105	
S1-541920163	S3-195571301,S2-110641031,S3-326934231,S3-661908131
S1-759185396	S3-643268430,S3-875916904,S3-7067508
S1-216714678	
S1-404985010	S2-497483433,S2-424244921,S3-728882989
S1-595344247	S2-962500088,S2-884687558,S3-28662409,S3-614730735
S1-917753977	
S1-567745631	S3-829248525,S2-488941353
S1-842596528	
S1-68961661	
S1-183531930	S2-722380711
S1-109328799	S2-578035103
S1-111893592	S3-272799715,S3-114362120,S2-914322463
S1-672268650	S3-83221239,S2-133039314,S3-845827696
S1-436517221	
S1-877069075	S2-272175434,S3-980073250,S3-584540858
S1-821131267	
S1-647128958	S3-162211512,S2-529116764,S3-799327913
S1-982415278	S2-681672991
S1-854289796	S3-318004535,S3-442414407,S2-137405597,S3-888254308
S1-149883376	
S1-264117636	S2-905131770,S2-1560171,S3-643732344,S3-345587546
S1-219329191	S2-824487715,S3-762268606,S2-410501974,S3-23385510
S1-322086819	
S1-976968111	
S1-49161631	
S1-987829376	S2-715468012,S3-905038804
S1-807501633	S3-282926161,S2-106301404,S2-280387672,S2-636705375
S1-899141843	
S1-518409566	S3-257671002
S1-938025526	
S1-872055628	
S1-800752296	S3-814483933,S3-51650855
S1-267843422	S2-623705964,S2-421291994,S3-426571182,S3-36062945
S1-668605165	S2-828113927,S3-665989890,S3-338119452,S3-666751876
S1-193083795	S3-835962362
S1-437672414	S3-289927445
S1-86339568	S2-373756463,S2-165879406
S1-289444646	
S1-244870847	S2-469885049,S2-866685243
S1-874201483	S2-96400993,S2-396992047,S3-440755941,S3-291130527
S1-325790572	S2-144667222,S3-296587309,S3-504919711,S2-548456393
S1-983172572	S2-85726649
S1-953662557	S3-957229168,S2-270701481
S1-891707828	
S1-992938697	
S1-339237690	S3-989852199,S3-971836758,S3-624747335,S2-773489756
S1-599463039	
S1-374344122	S2-139420189,S2-601829676,S3-269469626,S3-440080697
S1-425882305	S3-450303105,S2-677918565,S2-1185412,S3-202461897
S1-988714880	S3-218628891,S2-482702229,S3-647392618,S3-824462971
S1-665969170	S3-374428806,S2-501504951
S1-116503826	S3-983281336,S2-381626704,S3-878574318,S2-729747978
S1-70796737	S3-706666287,S3-29125279,S3-228482235,S2-108312602
S1-198306333	S2-443888689,S2-727463813,S3-938915111,S2-994896827
S1-845970577	S3-96844564,S3-695497194,S3-97699002,S3-936956734
S1-787418301	S2-68392008,S3-581493521
S1-827816350	
S1-982003327	
S1-823498274	S2-934412330,S3-815567785,S3-336076981,S3-856644705
S1-810865505	S3-773435106,S2-939661653,S2-482040860
S1-548679969	S3-176356932,S2-544535752,S2-614824581,S3-834011814
S1-302189878	
S1-38417695	S3-932768516,S2-312256442,S2-169206603
S1-103627046	S2-702608377,S3-960371672,S3-88673844
S1-803546593	S3-948823768,S3-529115735
S1-838637678	
S1-337938245	
S1-236501880	S2-826646375,S3-666322312,S3-439016200
S1-601741756	
S1-557599284	S3-36767296,S2-940404279,S2-701012922,S2-219262770
S1-477366420	
S1-513207168	S3-770497063,S3-487304139,S3-914157574,S2-355681085
S1-626450384	
S1-710092762	
S1-91510433	
S1-111904740	S3-863056433,S3-688209842,S2-496908633
S1-236867252	S2-764788795,S3-619176962
S1-500919090	S2-283979442,S3-732520754
S1-994414721	
S1-177121575	S3-540107976,S3-329946154,S2-570451117,S2-776404855
S1-994253004	S3-485147731
S1-589293078	
S1-223398472	
S1-235133995	
S1-106572969	S2-147687318
S1-601137439	
S1-220229466	
S1-584452199	
S1-116899733	S3-565275127,S3-63665648,S2-952501301
S1-606997476	S2-892903775,S2-389258705
S1-360225386	
S1-139084603	
S1-888449000	
S1-948742371	
S1-135364550	
S1-123302362	S3-435450517
S1-844687104	S3-86245601,S3-671462155,S3-925417863
S1-214677949	S3-102569067
S1-583575967	S3-616975255
S1-916351146	S3-563433112
S1-848005733	
S1-868677145	
S1-201461821	
S1-626753936	
S1-235784746	S2-296147102
S1-710368299	S2-558917162,S2-301151978
S1-182700992	S3-845542933,S2-787015114,S3-660718299
S1-778084609	S2-952863095,S3-585083083,S3-455472972,S3-278386593
S1-260688440	S3-476132864
S1-109576214	
S1-846448984	S3-441417457,S3-270215694,S2-52075047
S1-36025824	S2-865833700,S2-237726849
S1-885041764	S2-805015788,S3-8553983,S2-303286671,S2-302406195
S1-212715159	
S1-757516715	
S1-784757444	
S1-935831456	S2-201331207,S2-579844206,S3-496014175,S3-803884034
S1-783108120	S2-331882094,S2-932637559,S2-806652760,S2-94114122
S1-751897555	
S1-747592738	S3-416420602,S3-782985267,S2-603563541
S1-189625317	S3-338216937,S2-33068697
S1-537320679	S3-785196827,S3-531911506,S2-948136080
S1-643684174	S3-676595960
S1-899539960	
S1-583929949	S3-924767498
S1-192186765	S3-863933510,S2-944613305,S2-524291536,S2-434256836
S1-385960173	
S1-356444056	S3-825699169,S3-236695665,S3-493188031
S1-397052889	S2-167969405,S3-992548294,S3-328749948,S2-186234756
S1-401685495	
S1-975571827	S2-295716598,S3-431067807
S1-527747205	S3-902813709,S3-929092060
S1-484675192	S2-728209034
S1-640626512	
S1-978199930	S3-864328722,S3-735296510,S3-339603432,S3-938970824
S1-446911788	S3-725762150,S2-717701852,S3-375875421
S1-740971643	S3-531062844
S1-576380112	
S1-370815793	S3-449668864,S2-446677357,S2-928513994
S1-139136571	
S1-289891032	S2-75864552,S3-253743878
S1-963447050	
S1-648345513	
S1-682346037	
S1-221058397	
S1-469524137	
S1-843356235	S2-354055838
S1-185344763	S3-685225659,S3-620181244,S3-457389893,S2-426519593
S1-496021635	
S1-713538292	S2-703604719,S3-989796218,S2-648596164
S1-120126103	
S1-15325433	
S1-451134560	S3-218321053,S3-138138229
S1-380104034	S2-550226078,S2-266292624,S2-213905501
S1-883947352	S2-840329426,S2-891622625,S3-243490956
S1-276169916	S2-883252407,S3-264481265,S3-754183533,S3-16205686
S1-880187490	S2-680167633
S1-801884485	S3-490913283
S1-395050833	
S1-758457817	
S1-809620750	
S1-786286291	
S1-267646738	
S1-185785336	S2-683323732,S2-420034591,S3-630948195
S1-476728956	S2-184762678,S2-511322107
S1-477343700	
S1-320575026	S2-231937800,S3-354236923
S1-643071490	
S1-595652306	S3-64768625
S1-92767508	S3-18448015,S2-933100009
S1-150879515	S2-599348694
S1-911151347	S3-207483882
S1-269981151	S2-440618961,S3-611972067
S1-297980164	S2-61383837,S3-190366026,S2-146099484,S3-510542862
S1-981278929	
S1-843746898	
S1-151214382	
S1-591105644	S2-873793830,S2-329427523,S3-952347423
S1-607239198	
S1-512464248	
S1-559078271	
S1-817562382	S3-880210209,S3-597150427
S1-996996435	
S1-907041820	
S1-571656057	S3-706399641,S2-282124076,S2-15861374,S3-900223891
S1-41189434	S3-832055471,S2-931932803
S1-800322222	S2-834748910,S3-875670514,S3-443827767,S3-783309369
S1-443181870	
S1-29883521	
S1-196086933	
S1-168539949	S2-148407826,S3-25947343
S1-968696427	
S1-444357592	S3-832591547,S3-142117391,S3-447613698,S2-541197317
S1-48550477	
S1-439121057	S3-292465442,S3-249102028,S3-379004072,S2-839142579
S1-513326892	S3-479862744,S3-802556887,S2-149340524,S2-200222395
S1-698749766	S2-46705165,S2-170018663,S3-983426712,S3-374900186
S1-505975491	S3-434325240,S3-675506619,S2-791208999
S1-796702780	
S1-649238071	
S1-687079930	S2-79755414,S2-155051291,S3-634127853,S2-904836472
S1-485852828	
S1-965832884	
S1-353821653	
S1-813589354	
S1-624188984	S3-699744696,S3-416590399,S2-530540909,S3-432510937
S1-496031833	S3-929664528,S2-97978508,S3-544853090,S3-650609872
S1-9743697	S2-931600708,S3-362515429,S3-809510503,S2-724126197
S1-768595256	S3-379249042,S3-563043061,S2-823565668
S1-761445472	S3-882005768,S2-67994292,S2-59660783,S2-486319133
S1-950693131	S3-520643167
S1-60647384	S2-104178655,S2-708538185
S1-567197084	S2-233417861,S2-767735218,S3-375002650,S3-114334317
S1-21231128	S2-668375061,S2-201956301,S3-345392571,S3-630739896
S1-506486677	
S1-953702659	
S1-391744168	S2-140541479,S2-287755337
S1-489570163	S3-859274083
S1-303963176	
S1-40597859	
S1-770124117	
S1-917937383	S2-969723407,S2-3727192,S3-400901132
S1-991334046	
S1-863928129	
S1-281945419	S3-880867605,S2-736842861
S1-336657075	S2-946697629
S1-562823122	S3-738204798
S1-459932497	
S1-644405451	
S1-453240221	
S1-883448589	S2-317363738,S3-547674008
S1-813905862	S2-261567910,S2-47021949,S3-774783053
S1-546200246	S3-795112544,S2-391451332,S2-767811350
S1-953385961	
S1-324045613	
S1-706750180	S3-27271229,S3-526789504,S2-20970185,S2-400830833
S1-265257706	S2-426027940
S1-234593580	S3-481718358,S3-929815538,S2-637127758
S1-673757298	S3-151329035
S1-118394794	S3-657042185
S1-937719248	S2-435024845,S3-973903441
S1-602217744	
S1-719649077	
S1-220010667	
S1-719028940	S2-62488961
S1-424446336	S2-318509,S2-115825135
S1-378629959	S3-340065748,S3-408908378,S3-768118045,S2-225307046
S1-451214925	
S1-574406665	
S1-886730266	
S1-645636274	
S1-726414055	
S1-526927872	S3-272712900,S2-630294609,S3-686247233
S1-604096680	S3-536372166,S3-153441290
S1-262409608	S3-927580227,S3-360832288,S2-460377477
S1-234379342	S3-849939731,S2-537775694,S2-994624962
S1-190879708	
S1-14025	S2-465945500,S3-649496909,S2-558656376
S1-432193860	S3-297300508,S3-801745142,S2-517240149,S3-461810774
S1-824754774	
S1-549481194	S3-525369143,S2-740781090,S2-271586045
S1-729581014	S3-727138083,S3-189589060
S1-422895191	
S1-904630849	S3-798206059,S3-454609444,S2-544183629
S1-226421551	
S1-236592817	S2-776010994,S3-360836145,S2-678362606,S2-865929607
S1-634685275	
S1-445828167	S2-124118985,S3-781389400,S3-794997907
S1-463711638	S3-426915528,S2-4635305,S2-635626044,S2-610722946
S1-10112641	S2-197494524,S3-633662900,S2-750587970,S2-611836695
S1-964553413	S3-672848826,S2-952572998,S2-30585757
S1-652791673	
S1-642156897	
S1-96500927	S2-742816585,S2-310158413,S2-650430198,S3-354972600
S1-713346499	
S1-639637065	
S1-18159490	
S1-70951571	
S1-575265137	
S1-831414943	
S1-510453317	S3-54462431
S1-767948269	
S1-727365701	S2-798397617,S2-145018310,S3-983872369,S2-351450718
S1-57504435	S2-457363186,S2-974643129,S3-497528574
S1-252776629	S2-851942766,S2-355695847
S1-9007305	S2-246727149
S1-759555152	S3-699514531,S2-288549486,S2-206311583
S1-96826736	S3-256635771,S2-294311339,S3-960306080
S1-469911440	S3-601531187,S3-850881486,S3-624119854,S2-653786043
S1-968817912	S2-578430389,S2-648334253,S2-563889010
S1-75481010	S3-995139160,S3-616505273
S1-407303369	S3-999002040
S1-917390555	
S1-200517748	
S1-392021114	S3-553572027,S3-333848661,S2-980215726
S1-325808189	
S1-255301807	S3-653514965,S2-61931425
S1-555664691	S3-850065047,S3-65269503
S1-965924187	S2-410955985,S2-356388295
S1-656225644	
S1-84193185	S3-485346699
S1-265350900	S2-942455476,S3-686676474,S3-168254159
S1-935261107	
S1-225066831	
S1-899999379	
S1-708147470	S2-659795458,S2-553514369
S1-520622608	
S1-961347872	S3-209589135,S3-646824559,S2-733132208
S1-896462778	
S1-859665927	S2-494399650,S3-983508142,S2-135589848,S2-531964180
S1-374716732	
S1-485364146	S2-595524079,S3-156821696,S2-242079846
S1-590902081	S3-418990808,S3-652909996,S2-875258336,S2-212169430
S1-918757717	S2-793163009,S2-246025574,S3-850710934,S3-997686224
S1-377518940	
S1-938185553	
S1-513513146	S2-956982693,S2-990679372,S2-154927506,S3-543364694
S1-337407701	S3-704982942,S3-599782526,S2-538405167
S1-799688574	S3-119055178,S3-671666769
S1-731225744	
S1-541581385	S3-131079394,S2-658343913
S1-262818319	
S1-388774887	
S1-345623317	S3-998005353,S2-223695895
S1-687046392	S2-431331073,S2-297150763,S3-85494117,S3-656291981
S1-756112916	
S1-306833712	
S1-735643474	
S1-106143962	S2-295758913,S3-899918913
S1-625180741	S2-232320021,S2-24444751,S3-837698862,S3-576888319
S1-565363061	
S1-76085522	S3-357546035,S3-28425870,S3-214434154,S3-728790600
S1-527140852	S2-388477523,S3-656137545,S3-230817702,S2-697817361
S1-904660796	
S1-686855292	S3-816586441,S2-2196417
S1-579385030	S2-921624357,S2-755046557,S3-719407230,S2-773969097
S1-713143915	S2-888284366,S3-690532571,S2-857057919
S1-682793345	
S1-750076629	S3-936643929,S2-936517371
S1-32485704	
S1-741123387	
S1-135174773	S2-134032989,S3-906722897,S3-204369325
S1-838085024	
S1-6816617	S3-384482767,S2-193267979
S1-640060395	
S1-637404144	S3-854873411,S2-228822324,S3-94107628,S3-13422224
S1-197412656	S3-231586060,S2-996596240
S1-406349253	S2-767769796,S3-899356540,S3-23032548,S2-385583323
S1-178440408	S3-835568721
S1-132525577	S2-216852908,S3-623871654
S1-947128107	S3-237431516,S3-25958688,S2-192125941
S1-864432412	S3-14156284
S1-565309995	S2-42185374,S3-784007282,S2-292489129,S2-180943408
S1-538503355	
S1-312796914	
S1-619646152	S2-209499485,S3-757540632
S1-361024356	S3-178951414,S2-638619429,S3-172015213,S2-492179626
S1-651213822	
S1-99906756	S2-139747527,S3-242907719,S3-151152269,S3-132467992
S1-25968076	S2-620172417,S3-348251141,S3-661923676
S1-164614827	S3-592006618,S2-197003150,S3-525375756,S3-872897261
S1-569507329	S2-270703927,S3-883914423
S1-429626720	S3-591577818,S3-100201712,S2-110654032,S3-568331409
S1-216446400	
S1-348632356	S3-938483974,S3-721729042,S2-340211427
S1-32033576	S3-542089425,S3-889138892,S3-397521519,S2-139117374
S1-558794180	
S1-250292473	S3-840397322,S2-835036724
S1-663837467	S2-154251239,S3-8385570,S2-242079437,S3-660270022
S1-704751646	
S1-439753246	S2-619136089,S2-290544669,S3-165325177
S1-578296001	
S1-185765092	
S1-373208449	
S1-884927737	S2-407464737
S1-57646476	
S1-719470970	
S1-144255942	
S1-681458839	S3-664926243,S3-313878351,S2-818463686,S3-84277912
S1-645577852	
S1-401689736	S3-368973629,S2-921918941,S3-902549633
S1-778378137	
S1-554427686	S3-953896828,S2-588726921,S3-999066340,S3-196642257
S1-795011379	S2-267483607,S3-921765073,S2-742102645,S2-669195523
S1-126449527	
S1-699027414	S3-274598869,S3-181406832,S2-976264127
S1-994617060	
S1-127797806	S3-771831244,S2-872774887
S1-549529033	S3-100675960,S3-875977709,S3-489203126,S2-416963143
S1-901326637	S3-941138264,S3-775957708,S2-829277245,S2-503007802
S1-477680068	
S1-363625493	S3-242347637,S3-256153490,S3-793903448,S2-220190509
S1-60979738	
S1-89379951	S2-94144437,S2-169531477,S2-77380475
S1-965456285	S3-49112550,S3-121027758
S1-877395477	S3-545470703,S3-730887464
S1-168597623	S2-952289116,S2-346369681,S3-160426598,S2-448745811
S1-186162899	S3-915501826,S2-156570921
S1-239695750	S3-413725265
S1-951606778	
S1-295665068	
S1-584205659	S2-234014960,S2-319814920,S3-886545220,S3-617397346
S1-204806938	S3-109284072,S3-443282564
S1-827085326	
S1-949833962	S3-317742610,S3-529016160
S1-990289237	S3-455886804
S1-729604722	
S1-919570819	S3-523238994,S3-657927093,S3-449066567,S2-769936401
S1-459912080	
S1-88890157	S3-849424303
S1-425021936	
S1-331780563	S3-243195254,S2-261884235
S1-77198576	
S1-979691419	S3-104128043,S2-462721399,S3-791400266,S3-52548687
S1-945714956	
S1-752086483	S2-621013746
S1-293644362	S3-721938951
S1-847581748	
S1-26605337	S3-223542173,S2-669158248,S3-20724600,S3-470076697
S1-781271806	S3-811268209,S2-493306581
S1-91947603	S2-27889110,S3-329541792,S3-641439315
S1-733868481	S2-342530567,S3-987186245
S1-539527574	S2-310583283,S2-665609695,S3-303019061,S3-153269958
S1-841900604	
S1-822570724	
S1-851887502	S2-123868893,S3-690232125
S1-637336102	
S1-13054638	
S1-39344461	
S1-952526252	S2-386483519,S2-2679560,S2-122921124
S1-726283459	S3-912321972,S3-137392920,S3-125152189,S3-992302272
S1-622213015	S3-79533131,S3-684056664,S2-934442668,S2-53593052
S1-702412196	S3-572074730,S2-109737739,S2-385559885,S2-620953099
S1-293004231	
S1-886121154	
S1-466829911	
S1-738393536	
S1-516001194	S3-37403201,S3-82827743,S3-365293604,S2-358484119
S1-169599256	S2-47417046
S1-775164528	
S1-432821059	S3-629579983,S2-855791241,S2-563949234
S1-555656573	S2-725929317,S3-309412384,S2-276596956,S3-42073607
S1-407174554	S2-455778737,S2-464232433,S3-161773174
S1-326382908	S3-485905585,S3-970512068,S3-531227695
S1-317592645	
S1-91673332	S2-590512040,S3-939356615
S1-638158816	S2-836228648,S3-258443490,S3-719181785,S3-566413267
S1-900683971	S2-898253306,S3-771409396,S2-848980608,S3-881043542
S1-510034187	
S1-475865116	S3-308806122,S2-474251019,S3-838216044,S2-941676871
S1-71920418	S3-479288394,S3-678333897,S2-442316581,S2-764649855
S1-73276230	
S1-725086397	
S1-103334519	S2-611020751,S3-958239492
S1-573990093	
S1-424709757	
S1-714491470	S2-657016905,S3-276586318
S1-702390467	
S1-940673230	S3-319484519
S1-165374245	S2-207132867,S3-583752194
S1-575115842	S2-628103147,S2-874559629,S2-791473613,S2-977496990
S1-433900962	
S1-113431841	
S1-932690020	
S1-573480215	S2-859815997,S3-744676896,S3-956163401,S3-313834716
S1-981759622	S2-880863245,S2-143606188,S2-527412780,S3-921641613
S1-145274036	
S1-274340471	S2-854057708,S2-879493646,S2-278803424
S1-319135674	
S1-862384120	
S1-779401534	S3-944546102,S2-527354611
S1-370643168	
S1-107774856	S2-960339490,S2-915670686,S3-34474142,S3-478839176
S1-372217926	
S1-935690953	S2-629910391,S2-319375168,S2-649114808,S3-881016659
S1-950032660	S2-161976377,S3-733615234,S3-238090105
S1-601457124	S2-746873655,S2-19899409,S3-914848929,S3-364530732
S1-140841166	S3-355969644
S1-587792859	
S1-883837807	
S1-929479141	S2-815370391,S2-987193241,S2-7553094,S2-28971650
S1-536246190	S3-943997074,S3-685250044,S3-864357815,S3-820730978
S1-494759836	S3-839159908
S1-311807445	S3-727273790,S3-408266879,S2-231597648
S1-962782789	S2-513684179,S3-922652396,S3-646394546
S1-823730115	
S1-166183138	S2-738843089,S3-106360966
S1-214819672	
S1-683477702	S3-923832336,S3-258740186
S1-686803444	
S1-338048997	
S1-857316814	
S1-889749447	S3-278874772,S2-63291401,S2-217025299
S1-963608777	
S1-278431035	S3-977335506,S3-871992278,S3-462427856,S2-156701721
S1-169139238	
S1-96663907	
S1-859707011	S2-906046341,S2-834601822
S1-775038381	
S1-146111765	
S1-220207192	
S1-320897692	S3-33715889,S3-424010855,S2-919736011,S2-869099757
S1-811138279	S2-426094546,S2-121430595,S3-567236150,S3-38330215
S1-199255827	S3-957352640,S3-54539885,S3-381616354,S2-784847772
S1-388611221	
S1-268793656	
S1-862181509	S3-108449786,S3-760834376,S3-696668986,S2-257607702
S1-590095332	S2-218046341,S2-180301845,S2-174482010,S3-551500016
S1-175708394	S3-9785182
S1-172804418	
S1-865533160	
S1-971840859	
S1-225101225	S3-946311918
S1-606907109	S3-171275605
S1-262584604	S3-891458272,S2-641285602,S2-375334252,S3-774411774
S1-137246952	S2-825762849,S2-953341283,S3-68412141,S2-352524172
S1-12554179	S2-263064661
S1-883723710	S2-482905619
S1-924155275	
S1-296256627	S2-750317299
S1-745696963	
S1-816751500	
S1-503884906	
S1-359570580	
S1-454192247	S3-519842563,S3-205227762,S3-931248540
S1-32977077	
S1-525490934	
S1-304644754	
S1-235172821	S3-919870236,S2-892720233,S2-800220812
S1-667852528	S3-272045574,S3-974699636,S2-161740345,S3-847062547
S1-87197	S2-40741854,S3-970210648,S2-917603610,S2-744328662
S1-923456928	S2-442048635,S3-669879672,S3-105986291,S2-822686861
S1-454034007	
S1-599619668	S3-140419363
S1-806411378	S3-754265431,S2-474754379
S1-596150484	S3-165567224
S1-846549319	
S1-535341604	
S1-552908427	S2-846479152,S3-913047013
S1-226334283	S3-210490011,S3-599970191
S1-495508681	S3-645826982,S3-358917713,S2-413390256
S1-575843409	
S1-370419392	S3-548580459,S3-807229780,S3-631859282,S3-543379345
S1-778557112	
S1-16384378	S3-967222399,S3-630448839,S3-41107926,S3-145619632
S1-821446652	S3-341331169,S3-794660718,S3-203056389,S2-859034793
S1-939382118	S3-921984894,S2-886085478,S3-287318783
S1-634931438	S3-828375666,S2-766782250,S3-8219914
S1-13473754	S3-947623266,S2-159277920
S1-680193155	
S1-642415820	
S1-941785146	S2-81905711,S2-580414002,S2-360474026,S2-581112128
S1-152872473	
S1-800335868	
S1-337779050	S3-496171061,S2-107953187,S2-645808077
S1-443192031	
S1-753183920	S2-660537616,S2-285930234,S3-903491891,S3-44376113
S1-155281853	S2-642356109,S2-986607686
S1-933264847	
S1-319246421	S2-706413878,S2-244987230
S1-825890635	S3-483132778
S1-97368609	
S1-289039503	S3-311640341,S3-36888675,S3-430886874
S1-373473135	S3-961933481
S1-397292324	S2-74582165,S3-653771616,S3-51230281
S1-798418172	S2-286661784,S2-925769572,S2-893626413,S3-387539757
S1-486047436	
S1-100678463	
S1-53294366	
S1-113664270	
S1-638574752	S2-33920965,S3-554372041,S3-2202240
S1-96106020	
S1-423622752	S3-921699046,S3-703240011,S3-232118687,S3-844347684
S1-169927583	
S1-545326374	
S1-471411100	
S1-957751601	
S1-31330668	
S1-594559530	S3-986537787,S3-805226867,S3-936822882,S2-371715635
S1-863650060	S2-211371170,S3-403290423,S2-841826862,S2-293104825
S1-939742500	
S1-714247723	
S1-605233161	
S1-76467091	
S1-886715176	S3-947198432,S3-28408775,S2-351768174
S1-996225434	S3-310096469,S2-684128264,S3-317077342,S3-521241273
S1-565384212	
S1-361885711	S3-785708278,S2-61132581
S1-845857747	S3-335331653,S3-883596421
S1-544181079	S3-85803838,S2-607362393
S1-539896400	
S1-14463462	S2-16259926,S3-308322135,S3-184423926
S1-257955210	
S1-440851958	
S1-378636967	S2-404502133,S2-947566684
S1-23436402	
S1-688892694	S2-953150710
S1-560071667	S3-426548224,S3-672451562
S1-344065091	S2-734607144
S1-177654987	
S1-793165874	
S1-928915557	S3-47676346,S3-200652245,S3-809233367,S2-694530502
S1-977521071	
S1-62059638	
S1-205631026	S2-488766822,S3-764151625
S1-817379111	
S1-150622262	S3-503777079,S3-199976141
S1-864278457	S3-872352971,S3-563219348
S1-705582979	S2-975613591,S2-742407434,S3-990825214
S1-365213944	
S1-161939962	
S1-565111522	S3-916377482,S3-379557597
S1-971125611	S3-881617610,S3-502533797
S1-773184476	S3-293522237,S3-158858164
S1-343516552	S3-383158721,S3-660718753,S3-636579547
S1-236178931	S3-822474620,S3-66456768,S2-3985132,S2-816188887
S1-378166223	
S1-284063738	
S1-139050463	S3-308632331,S2-369628348,S2-366551363
S1-84651701	
S1-252785354	
S1-690412324	
S1-945074054	S2-808129847,S2-475139061,S3-796750207,S3-634325932
S1-671215058	S2-710564165,S2-356593585,S3-853862450
S1-453632253	
S1-443229594	S3-205597083,S3-361682055,S2-889257552,S2-429321999
S1-211989409	
S1-819882810	
S1-281259490	
S1-220398833	
S1-355581313	S2-102775287,S3-513084626
S1-615104361	S3-94259562,S2-671678680,S3-940045592,S3-155216836
S1-63028764	S3-923406123,S2-671679696
S1-696478288	
S1-139390975	S2-495171662,S3-952861652
S1-570485020	S2-190787587,S3-754068499,S3-289899052,S2-824927505
S1-449426738	
S1-894590812	
S1-950043604	S3-270416523
S1-324723613	
S1-751107199	
S1-502599888	
S1-63859250	S3-494742549,S3-2973912,S2-842394983,S2-147315042
S1-118718237	
S1-339142270	
S1-261957993	S2-99940170,S2-379026139,S3-674734966,S3-613331234
S1-485139966	S2-762193138,S2-700082402,S3-451904227,S3-604859659
S1-495532367	
S1-459654529	S3-697452370,S3-995629471,S2-977511488,S2-587864705
S1-650060199	S3-389229222,S3-413410513,S2-57055859
S1-66998691	
S1-437310388	S2-360265270,S3-83786045
S1-673360762	
S1-374873236	S2-265748782,S3-474126710,S3-830586959,S3-668789256
S1-564557305	
S1-708159483	
S1-37213072	S2-449471949
S1-839598738	S2-304207689,S3-607369442,S3-404159975
S1-593554762	
S1-527082628	
S1-963965358	
S1-519824035	S2-896191329,S2-362688192,S2-136131069,S3-986300152
S1-955454417	S2-328145605,S2-658826300,S2-718125888,S3-116680834
S1-445634978	S2-612988517,S3-923209207,S2-28731866,S2-159527867
S1-96012565	S3-423066515
S1-10233958	S2-745029139,S3-690499223
S1-982727664	
S1-178120212	S2-558618990,S2-350469387,S2-164380967,S2-569617619
S1-879068270	
S1-427085675	S2-478227235
S1-941010005	S2-681998047,S3-951340728,S3-838209260
S1-281475228	S2-745436994,S3-903973174,S3-174352439,S3-734368399
S1-736522532	S3-955721088
S1-19610067	
S1-62325533	S2-132976910,S3-133807772,S2-18899330,S3-497017928
S1-833296973	S2-210296535
S1-714256749	
S1-710147159	S3-309252484,S3-602961159,S2-860987708
S1-679921509	S3-765354966,S3-536822351,S2-273034313
S1-508290180	S2-207413405,S3-763624018,S2-949425992,S3-518605418
S1-337310583	
S1-605372319	S2-448096318
S1-891921539	S3-380533552,S2-678791969,S3-713329922,S3-850948198
S1-768005199	S2-152838107,S3-518960824,S3-777573697,S3-248978288
S1-442710300	S2-290549436,S3-916808789
S1-889009244	
S1-267625619	
S1-614440608	
S1-646331534	
S1-456183880	S3-958866578,S3-910845772,S2-694671108,S2-112207814
S1-367705865	
S1-624811406	S3-88133042
S1-536946498	
S1-505098977	
S1-585670252	
S1-220072030	
S1-173871309	S2-472709417,S2-367274874,S3-358255380,S3-259325798
S1-190234181	S2-651038137
S1-963486069	
S1-587033548	
S1-363670705	S3-192221593,S3-390760168,S3-584945764,S2-238775538
S1-554420349	S3-553201428,S2-669025103,S2-347152956
S1-550871529	S3-763169263,S3-382387580,S2-238270698
S1-788084670	S2-28699185,S3-790153568
S1-953731816	
S1-961737193	
S1-533694027	S2-38686519,S3-346090244,S2-841287519,S3-513525457
S1-497636793	S3-658620778,S3-201582099
S1-523316680	
S1-554270724	S3-874644053
S1-997227894	S3-11129801
S1-413066341	
S1-624037096	S3-291761459,S3-186040280,S2-961851303
S1-681596772	
S1-771473162	
S1-651418869	S3-380788163,S3-834518631
S1-287826488	
S1-931923841	
S1-516968463	
S1-420673626	S3-633225855
S1-177864343	S2-227053845,S3-374412697,S3-841554974,S2-609389506
S1-167759917	S3-559225227,S3-819452599,S2-667217784,S2-431241635
S1-454099271	S2-784485199
S1-916069099	S3-766934748,S2-834826335,S2-988786333
S1-583766363	
S1-763399034	S3-633251454,S2-136430454
S1-701227337	S2-886336272,S3-553329326,S3-252012147
S1-10731393	S2-889050762,S3-117570775,S3-983221571
S1-491356948	
S1-795218914	S2-937899419,S2-533744877
S1-489786558	
S1-680931037	
S1-431714455	S3-927941356,S3-433951297,S2-931014880
S1-924974782	S3-59286148,S2-731130330
S1-20336379	
S1-408314656	S3-984075797,S2-224556166
S1-239335024	S2-983638741,S3-433146539,S3-65879611,S2-55539000
S1-573209868	S2-485306122,S3-503056553,S2-401390202,S3-722678414
S1-350833821	
S1-13929797	S3-360451030,S3-863858218
S1-564767847	S2-733498577,S3-900504384,S3-916657510
S1-660860793	
S1-96893427	
S1-46453535	
S1-706726599	S2-823030637,S3-61297573
S1-81099731	
S1-28177652	
S1-435234344	
S1-876969292	
S1-191505561	S2-322678717,S3-944442269,S3-410782811,S3-661565945
S1-36895480	S2-342198247,S2-728971611
S1-814688038	
S1-616301295	
S1-660518702	S3-854683770,S2-727599033,S2-42747176,S2-37007176
S1-200876271	S2-756038239,S3-843649693
S1-890841026	S3-14450061,S3-716224137,S3-162441085
S1-342975959	
S1-870270273	S3-565561736,S2-453355896,S3-318911453
S1-708398251	S2-585365111,S3-595988289,S3-289921748
S1-53559745	
S1-5063957	S2-436686748,S3-44171661,S3-549398432,S2-401363082
S1-962192944	
S1-692082808	S2-920408034,S3-837556742,S3-170961385,S2-954235994
S1-791691316	S3-384697167,S3-819467159,S2-442651907
S1-38887632	S3-98008476,S2-478630362,S3-229259986
S1-561118632	
S1-346989430	S3-877447761
S1-662783264	
S1-918564903	
S1-805804554	S3-649826535,S2-564208722
S1-485127233	S2-341838120,S2-938525495,S3-416887866,S2-973286444
S1-57203956	
S1-281376521	
S1-525882575	S2-400341377,S2-190627671,S2-919035096,S3-844085950
S1-335115203	S2-275196649,S2-472138456,S2-869024527,S3-776153755
S1-600961369	
S1-592713085	
S1-567867111	
S1-499887272	
S1-860057298	
S1-804363813	S3-801139609
S1-658439527	
S1-17416662	
S1-267095170	S3-15883519
S1-817117937	
S1-877756537	S3-639504866,S2-797578167,S2-267222031,S3-495936457
S1-639292961	S2-763588197,S2-518478852,S3-494809325,S3-445833737
S1-582119990	S2-250702065,S3-905261669,S2-188431680
S1-582755022	S3-724165415
S1-400054789	S3-226661865,S2-207184706
S1-660417269	
S1-173012736	S2-999744662,S2-611625605,S3-738581553
S1-606426802	S3-997759402,S3-167776769,S2-694139506
S1-609849335	
S1-676035376	S2-731842309,S3-807910953,S3-385191016,S2-612009845
S1-457976022	S2-945555702,S2-201934049,S3-254549996
S1-233401543	
S1-704623918	S3-151231809,S2-437201022,S2-64754013
S1-250592920	S3-809152864
S1-402862264	
S1-986178356	
S1-480988666	S3-855073586,S3-856734742,S3-424261923,S3-986393396
S1-787364280	S3-387964370,S2-206168730,S3-506892862,S3-657045061
S1-548220905	S3-432021901,S3-345045194,S2-17988475,S3-747253546
S1-615885451	S2-495055935,S2-402884146,S3-396206291,S2-171643591
S1-380363878	S2-330878270,S2-267632542,S3-370666949,S3-452238445
S1-681362488	S3-643942730,S3-759195601,S2-428386650,S3-868686697
S1-43912785	
S1-153542924	S2-721065645,S2-83746707,S3-497740848
S1-457279745	S3-479287897,S3-329758950,S3-253035583,S2-253666941
S1-860404706	
S1-670506974	S3-913089187,S2-429512834,S3-827245860,S3-418096400
S1-813774676	S2-570225151,S2-441977599,S2-539563170,S3-625180750
S1-600360922	
S1-692159173	
S1-221571016	S3-773741408,S3-12202571
S1-692087819	S2-269660120,S3-32897943,S2-192327442
S1-813481588	
S1-587822128	S2-545927060,S2-213057831,S3-611616903,S3-807209301
S1-988393849	
S1-246965020	S2-52679834,S2-11685341,S3-905801023,S3-931547195
S1-259471284	S3-331879186,S2-928470717
S1-598689296	S2-788076658,S2-236253929
S1-688663156	S3-285585116,S3-243385422,S2-671911760
S1-204262759	S3-551548608,S3-751854066
S1-321498346	S3-679454750,S2-932446085
S1-195436561	S2-737754123,S3-960249045,S3-417433042
S1-456909796	
S1-18338837	S3-614266448,S2-800102152,S2-427417344
S1-113984741	S3-921487323,S2-766024809
S1-213412512	
S1-10653356	S2-196335005,S3-130676417,S3-641848056
S1-5256070	S2-237279713,S2-460510203,S2-983719942,S3-134036474
S1-900724854	S3-313080887,S2-405292143,S2-149316494
S1-276380727	S3-830072606,S2-314648975
S1-1496918	S2-526861810
S1-70952662	
S1-489343715	
S1-233044125	S3-224951307,S2-639701781,S3-514219623
S1-358107998	S3-969777519
S1-6768515	S2-872882308,S3-139495160,S3-622878259,S3-938126431
S1-53187331	S3-438157802
S1-165192784	S3-100312578,S2-646220643,S3-601294412
S1-541382736	S3-438978648,S3-112653318
S1-114733933	
S1-541334103	S3-325907055,S2-82708761,S3-602750252,S3-807068905
S1-199710718	S3-672792651,S3-523358476,S3-424612463,S2-452770849
S1-946542411	S2-821927685,S3-52850050,S3-651241919,S3-769707368
S1-741028067	
S1-284581435	S3-269762073,S3-918685828
S1-317164939	
S1-145860613	S2-303182571,S3-896163437,S2-636870703,S3-754431336
S1-590858136	
S1-279784401	S3-240298281,S3-74901276,S2-130489897,S2-242678176
S1-302866456	S3-4141683
S1-495444078	S2-951290333,S3-112610771,S3-138722978
S1-699429151	S3-988725397,S3-9720306,S3-739081557
S1-21255055	S2-152290960,S3-183379660,S2-93996040
S1-234402755	S2-885546972
S1-176967160	S2-522112718
S1-372538957	
S1-20376505	S2-634852911,S3-635385844,S3-704688954,S3-228748455
S1-971088957	
S1-862659306	S3-45441843,S2-678495988,S3-275032674,S3-415017040
S1-260874938	S3-623142079,S3-159540654,S2-157622662
S1-118780574	S3-344270140,S2-542268420
S1-509911331	
S1-169592409	S3-850953356,S3-465298059,S3-964404995,S2-541653433
S1-985170828	S3-818514336,S2-989331589,S2-235255435
S1-547171128	S3-772567811,S3-223827549,S3-531066102
S1-770167276	
S1-571004885	S3-204192101,S2-439141641
S1-323951647	
S1-361412838	
S1-178355617	S3-411561996,S2-484682470,S2-719497250
S1-538806919	S3-993196380,S3-282626542,S2-408507364
S1-201173263	
S1-958376649	
S1-19484496	S2-571893510,S3-956378423,S2-392013271,S2-807317138
S1-17107053	
S1-140506360	S2-610207357,S3-359803271
S1-95251303	
S1-905891098	S2-313062277,S3-367211642,S2-910864661
S1-19481998	S3-172750585,S3-827700603,S2-882233365,S3-321899515
S1-229166573	S3-83733686,S3-417788240,S2-303171612,S3-47295071
S1-210895929	S2-257995575,S2-341815809,S3-822344232
S1-440281672	S2-752379443,S3-410426066,S3-3917324,S3-466999193
S1-127142088	
S1-687601074	S3-703778749
S1-218489630	S2-473164879,S2-530326779
S1-951422442	
S1-602419766	S2-49139227
S1-931551509	S2-841992800
S1-795963195	
S1-947073151	
S1-409351862	S3-773254792
S1-611440155	S3-746441925,S2-15002265
S1-59626316	
S1-198395232	
S1-356536754	
S1-962482579	S3-911252470,S2-755338515,S2-132525661,S3-182339694
S1-292701707	S3-990005493,S3-411996395
S1-604814681	
S1-696798146	
S1-668154199	S3-583924071,S3-55151094,S2-565307307,S3-778219799
S1-798176991	
S1-365246469	S3-195372286
S1-216387907	S3-175831984,S2-867788849,S2-712060151,S3-929031020
S1-966517733	S3-317425004
S1-157959586	S2-764378146,S3-374207582
S1-466221078	
S1-74082535	S3-618802605,S2-551138258,S2-277400500,S2-237107186
S1-566160266	
S1-48344468	S3-910548558,S2-1740823,S3-939084174,S2-845956275
S1-956955913	S3-710178245,S3-445360661,S3-582051136
S1-671896289	S2-146829968,S2-513271335,S2-483721454,S3-100196688
S1-303212473	S3-84659217,S3-696048917
S1-439124562	
S1-9185340	S3-57187860,S3-95139490,S2-592872877,S2-126438819
S1-551006398	S2-433952026,S2-628748741,S3-468225929,S3-445106210
S1-212862757	
S1-797306419	
S1-142232944	
S1-144291474	S2-952752560,S3-991706780,S2-906542487
S1-226027882	
S1-939821789	S3-548868744,S3-509690982,S3-703386990,S2-378828455
S1-503321857	
S1-743072781	S3-184078055,S3-206995184,S2-750308758,S2-467037862
S1-343720019	
S1-532173341	
S1-578506460	S2-562032352,S3-304894607
S1-83770348	
S1-696274800	
S1-735041803	S3-455505434,S2-990719296,S2-833065906,S3-803107447
S1-616118156	S3-670510213,S3-178810753,S2-760702609,S2-941316844
S1-195476070	S2-880482138,S3-840977883,S2-218782500,S3-627980956
S1-585949746	S2-318749638,S2-179206755
S1-343535098	
S1-344827030	
S1-551864254	S3-830851376,S2-646159492,S3-92317851
S1-82714455	
S1-895481319	S2-771450434,S3-566682388,S2-462560205,S2-719313427
S1-800222249	S2-123839047,S3-710772083,S3-629466866,S3-734538607
S1-887129525	S2-800372851,S3-897281514
S1-617703372	S2-85923540,S3-318636931,S2-691078463
S1-826606027	
S1-835468715	S2-424052402,S3-958372008,S3-583261860
S1-289244675	
S1-326946397	S3-886697908,S2-83664700,S2-494661046,S3-619476311
S1-221674323	
S1-709855299	S2-337059663,S2-103226456
S1-116314891	S3-886633757
S1-870076211	S3-367394037
S1-302037252	S3-397314095,S2-311306398
S1-941599755	
S1-565779151	S2-249016641,S3-139823540,S2-968989641,S2-352672629
S1-482034750	S2-989330184,S2-683903500,S3-548554974
S1-19963354	
S1-360588959	
S1-171854641	
S1-317064121	
S1-742979659	
S1-738092536	
S1-949101584	S3-944991694
S1-736631741	S3-173177123
S1-377603649	S2-299092584,S3-631983012
S1-140871522	
S1-161687595	S3-334718620,S2-564563930
S1-806076015	S3-245636444,S2-904901395
S1-816662489	S2-537667664,S3-992814184,S3-468781109,S3-674260684
S1-796643959	
S1-456540554	
S1-520677864	
S1-601538511	
S1-248853312	
S1-174061814	
S1-188507552	
S1-339295921	
S1-42216321	
S1-64052538	S2-247732407,S3-745574267,S3-320186405
S1-226520589	
S1-736401602	S2-75000956,S3-874355643,S3-171845274,S2-519555733
S1-402118161	S3-924780938,S3-265296354
S1-472692219	
S1-960921896	S2-415307696,S2-135113442,S3-831261770,S3-421344603
S1-917886553	S2-886875719,S3-498692787,S2-397523336
S1-722562395	
S1-688981613	S2-97617882,S3-866856937,S3-425140593
S1-238082118	S3-970272949,S3-477454670,S2-920812889
S1-820491727	S3-791712205,S3-740528050,S2-833113208,S3-768340895
S1-890967071	
S1-946298808	S3-911062778,S3-146023625
S1-494255759	
S1-439753712	S3-55290410,S3-132546812
S1-251829047	S3-676885704,S3-551424506
S1-445722373	
S1-889273081	S2-265361067,S2-95730211
S1-499665721	S3-383565776,S3-270581183,S2-929958538
S1-177120442	
S1-510140507	
S1-313509824	S3-38659639,S2-64508509,S2-97786378
S1-345242746	
S1-553116208	
S1-856274460	
S1-214920419	
S1-58721342	S3-781122848
S1-926456962	S3-187088605,S3-8871152,S2-39454900,S3-595188105
S1-434925774	S3-864257071,S3-61637280,S3-553518935,S2-997890930
S1-813602724	
S1-695364795	
S1-305764628	S2-217307305,S2-607221430,S3-695139847
S1-517889711	S2-930820489,S2-834006704,S3-164067195,S2-198307860
S1-784773581	S3-57673712,S2-932284004
S1-125268716	
S1-880000030	
S1-473900381	
S1-541423692	S3-446467225,S3-579109072,S3-161781260,S2-135161801
S1-4794727	S3-344135134,S2-799421781,S2-213034454,S3-781451286
S1-817617635	
S1-514195859	S3-575944123,S3-187894538,S2-702099933,S2-180408468
S1-929421137	S3-278962078,S2-229547424
S1-957121000	S3-628433088
S1-303946596	
S1-244499461	S3-64246934
S1-869257048	
S1-906757280	
S1-259166361	
S1-110561951	
S1-671214408	
S1-513834440	S2-290448108,S2-146568275,S3-624126798,S2-530601670
S1-313012959	S3-961842355,S3-385936593,S3-801523835,S2-958593448
S1-433459299	
S1-625395590	S3-341240788,S3-20026718,S3-826977024,S3-580674537
S1-447760307	S3-322365048,S2-799938166,S2-737990483,S3-926661408
S1-793985081	S2-358628107,S3-659023139,S2-557254581,S3-942542986
S1-796506698	
S1-647173598	S2-125154473,S3-45202017,S3-669029029,S3-143786806
S1-105103197	
S1-106479443	
S1-391026476	S3-751334369,S3-691061916,S3-16257907
S1-781176689	S3-480386139,S2-467067815,S2-459257539
S1-895505337	S3-903356077,S2-145674797
S1-688389912	S2-370470598,S3-386681119
S1-416403348	S3-670940005,S2-183018765,S2-96512576
S1-777527675	S2-968260239,S2-645506556,S2-84905087,S3-909227287
S1-558290052	S3-670105708,S2-182480659,S3-116680834
S1-436470482	
S1-340022410	S3-313471878,S3-424820749,S3-443942663,S2-719921578
S1-494474697	
S1-866275232	S3-588322544
S1-426797297	
S1-746730352	S2-613662326
S1-856759938	S2-971855621,S3-57182080,S3-952988005,S3-745679353
S1-732936330	S2-449829493,S2-656430446,S3-652690912
S1-187598894	S3-797581478,S2-824790504,S2-594575583,S3-511193493
S1-703108469	
S1-748878796	
S1-794695855	
S1-397003562	
S1-129061106	
S1-898314656	
S1-441751235	S2-387583816,S2-101217300
S1-936687016	
S1-197540582	S3-157970814,S2-282591244,S2-720265239
S1-947752186	S2-856484317,S3-805139976,S2-622092846,S2-122784878
S1-197198225	S2-783550317,S3-465518964,S3-138608097,S3-998338354
S1-930912518	
S1-262798743	
S1-7595212	S3-163948558,S2-920060056,S2-928149896,S3-514333473
S1-242916752	S3-550313395,S2-253941311,S2-179681069
S1-493842644	
S1-912260890	S3-919010589,S2-560862876,S2-181219778,S3-478926006
S1-947103766	S2-210204223,S2-342401194,S3-69206088,S3-146798033
S1-621093253	S2-17947711,S3-317188345
S1-244135237	S2-88935672
S1-867099140	S2-735289891,S2-58870892,S3-659879999,S2-24507903
S1-191177126	S2-244177868,S3-505186062,S2-114882615,S2-554155190
S1-812203285	
S1-65035362	S2-416200291,S3-712097099
S1-516073567	
S1-664484680	S2-34670131,S3-185791511,S3-717511450
S1-948865351	S3-561771626
S1-150579702	S2-729224815,S2-259438652,S3-185298981
S1-859714508	S2-697103456,S2-547235869,S3-501719697,S2-17102137
S1-286458573	
S1-804071983	S3-585247533,S3-280241470,S3-147073648,S2-272457984
S1-80104950	
S1-205216143	S2-119908649,S3-1113530,S3-245262063,S2-687778269
S1-771825940	
S1-245079374	S3-358858809,S3-925785352,S3-915914821
S1-931487722	
S1-741749289	
S1-178153156	S2-863113174,S2-853789008,S3-999263622,S3-457194039
S1-560612981	
S1-948037455	S2-438239924,S3-612729603,S3-686573928,S3-314125151
S1-885904576	S3-794514628,S2-41725018,S2-921795998,S3-545312240
S1-382863808	
S1-815513171	S2-654338728
S1-518712363	S3-958617803,S3-617010849,S2-608033376,S2-655416052
S1-928367841	S3-266800886,S2-753287127
S1-558008998	
S1-447694665	
S1-177513327	
S1-623261560	
S1-372555093	S2-673340505,S3-153177948,S2-646619771,S3-709462369
S1-912716862	S2-743347571,S3-170017387,S3-127049445,S3-446678924
S1-204208466	S3-143098726,S2-934919984
S1-78803007	S2-660265994,S3-212540722,S3-464334940
S1-432673399	
S1-81975089	
S1-464891480	S2-130582161
S1-653881468	
S1-628328086	S3-11334944,S3-831002562,S2-632872028,S3-688135166
S1-191293379	S3-274153179,S3-32217702,S2-936491174
S1-789180064	S3-897946092,S3-77712394
S1-746322153	
S1-73053918	S3-917095959
S1-358237327	S2-690004515,S2-639317505,S3-533441092
S1-990775671	S2-642896835
S1-471483728	S2-120993388,S2-568360523,S3-29749083
S1-214262310	
S1-100582019	
S1-206309015	S3-150804127,S2-828159640,S3-54437743,S3-745751734
S1-413940942	
S1-830025788	S2-486867699,S3-692378886,S3-258664127
S1-293944700	S3-113931811
S1-184641319	S2-459858479,S3-28479763
S1-335554704	S2-931914160,S2-568063532,S2-809908863,S3-368888246
S1-90815806	S3-741477145,S2-644939272,S3-440409137,S2-561677023
S1-351365155	
S1-633810419	S2-439567228,S2-318207110,S3-186167588
S1-627244107	S3-762562401,S2-437088069
S1-972081049	S3-524985537,S2-901229620
S1-562351075	S2-551563881,S3-413178663,S2-964924439,S2-55438009
S1-272898310	
S1-744891419	S2-522466536,S3-593056496,S2-218595398
S1-472300949	S2-488350592,S2-394948297,S3-106851202
S1-30910703	S2-506260472,S3-141954480,S3-590681770
S1-664096779	S3-724481593,S2-981989383,S2-832045536
S1-471971009	
S1-802371564	
S1-641609223	
S1-177678337	
S1-48255199	
S1-843283196	S2-607387356,S3-348825375,S3-929669924
S1-13283679	S2-807182743
S1-580770503	
S1-235892600	S2-785328744,S3-849592869,S2-517122829,S2-898498592
S1-257695042	
S1-391161227	
S1-823952864	
S1-233457223	S3-356001442
S1-961340152	
S1-473842869	S3-349327783,S2-97425303,S3-748246569,S2-120534521
S1-194836690	
S1-671532103	
S1-203230389	S2-274096441,S3-655871638,S2-71987339,S3-551382651
S1-255142521	S2-937597799,S3-913159688
S1-657454667	S3-586809821,S3-298462683,S2-558401685,S3-432172221
S1-151561916	
S1-47436708	S2-739613112,S3-192728397
S1-176639719	S3-666039187,S3-494277003,S3-475735398,S2-617650736
S1-131371491	
S1-17976655	
S1-894111627	S2-813168227,S2-229954095,S3-997340397
S1-418111107	
S1-641013657	
S1-794841509	
S1-563359761	S3-511740196,S3-688148654,S2-846202384,S2-654950436
S1-891324763	
S1-368175166	S2-335621362,S2-207245176,S3-240451623
S1-418089772	
S1-515928198	S3-98000588,S3-251352271,S2-583460343,S3-550890925
S1-899130371	S3-602847606,S2-713722016,S2-991872384,S3-692012713
S1-765061888	
S1-58476398	S3-112974571,S2-396835413
S1-938913270	
S1-394106123	S3-655584253
S1-465702580	
S1-562719521	S2-578144876,S3-280726025,S2-196119615
S1-684229465	
S1-79892957	
S1-236435714	S2-475456647,S3-866039099
S1-365393217	S2-451578650,S2-943243889,S3-231826568
S1-758075907	S2-827748720,S3-840285814
S1-768621476	
S1-600027964	
S1-37104935	S3-283898186,S3-685342774,S2-843414335,S3-579357517
S1-348189764	
S1-769940510	S2-625609773,S3-594436547,S3-604501422
S1-511312117	S2-359690910,S3-194465844,S3-954173231
S1-150208723	
S1-67680725	
S1-177505563	S2-433642494,S3-687241943,S2-539787017,S3-998983750
S1-310864026	S2-862209619,S3-439121960,S3-437732914
S1-268407259	S3-661838621,S2-22741244
S1-175142566	S2-426859006,S3-706392863,S3-521585630,S2-469385330
S1-452955641	S3-884297767,S3-842403179
S1-418851711	
S1-634653097	S2-538070343,S2-743809202,S3-301380367
S1-818820480	S3-21894684,S3-790500007,S3-523631916
S1-217562287	
S1-957087044	S2-486604807,S3-233031778
S1-676755754	
S1-153531428	S3-451990524,S3-393183730,S2-475639210,S2-409351327
S1-569925241	S2-690774795,S3-689354843,S3-587251823
S1-589425248	
S1-342599480	
S1-150076847	
S1-898372570	S3-542232511,S3-376858001,S3-937360906,S3-778764129
S1-703782232	S2-796189456,S3-881075087
S1-455400820	S2-852374489,S3-340109422,S2-202719820
S1-36301843	
S1-63763770	S3-610859248,S3-701707629
S1-156449141	S3-650006932,S3-845720784,S2-980300060,S3-308594791
S1-758830859	
S1-19533353	S2-594393515
S1-570459194	S3-931328563,S2-393061537,S2-28072108,S2-238546412
S1-460174905	S3-523654761,S3-397181211,S3-470129889,S2-719558073
S1-589167665	S2-758802296,S3-425704993,S2-952514304
S1-339980166	
S1-69735743	
S1-549362803	
S1-493785108	S2-945147170
S1-701320367	S3-428759510,S2-477121667,S2-687595928,S3-18557940
S1-473961747	
S1-844287371	
S1-930014237	S3-868457299,S3-991781572
S1-817965695	
S1-230562842	S3-703079222
S1-137395960	
S1-125011549	
S1-972455899	S3-630301106,S2-533862920
S1-296459339	S2-276977725,S3-755981445,S3-585617804,S2-287766930
S1-320074551	S3-214866405,S2-431127070
S1-307439646	S3-839418180
S1-727085278	
S1-341291428	S2-640652868,S3-841999243
S1-947574868	S3-501633487,S2-155698048,S2-93963678,S3-274127537
S1-597610546	
S1-955416837	
S1-60671670	S3-461818426,S2-442199419
S1-267297383	S3-97587065,S3-369281101,S2-218216780
S1-812459166	S3-847320591,S2-87475427,S3-62907997,S3-729777618
S1-849796309	
S1-866161952	S3-431064804,S2-720112709
S1-754354113	S3-360997982,S2-606473084
S1-364512490	
S1-76333980	
S1-924486280	S3-184246430,S2-684911771,S2-876016207
S1-816393224	S3-866618590
S1-771902925	S2-562228657,S3-15712480
S1-418056420	
S1-813037072	S2-621868654,S3-147263048,S3-697675224
S1-836907176	S2-250673286,S3-508224918,S3-512776500
S1-371410320	S3-79690103,S2-78028921,S2-665605277,S3-301545502
S1-576263492	
S1-881137385	S3-143080964
S1-427530909	
S1-150965156	
S1-210184784	S2-886112526,S3-653218097,S2-641563491
S1-627256105	
S1-855402832	
S1-654573473	S2-232436063,S2-995467019,S2-543167455
S1-919090529	
S1-253950417	
S1-845956965	S3-195276105,S2-914732150
S1-532766423	
S1-177091158	S3-123414895
S1-698822857	
S1-112362429	S3-983659712,S2-398519824
S1-847659067	
S1-254362428	
S1-704846760	
S1-234383007	S2-942723425,S2-957683544,S3-604872680,S3-828674277
S1-977616933	S2-896449721,S3-476669005
S1-656306954	S3-894359166,S3-329498386,S2-932696182,S3-136374798
S1-748038296	S3-14129776,S2-798114971,S2-644505458,S3-56717926
S1-703363061	S2-440128254,S2-353259184
S1-450757903	S3-667772744,S2-533189066
S1-314049416	
S1-769247199	S3-841968802,S2-42128551,S3-464317531,S2-608538019
S1-686503567	S2-240337725,S2-703274758,S3-664646874
S1-340580705	
S1-637709580	
S1-254686372	
S1-897222340	S2-786198424,S3-274085997,S3-270480506,S3-618013487
S1-798730785	
S1-352594006	
S1-672541145	
S1-32375557	S2-255784920,S3-554575275
S1-562171233	S3-153620783,S2-527354416
S1-231858299	
S1-543690490	
S1-58033400	S3-489597867,S2-161935415,S2-769240607
S1-865779680	S3-119781678,S2-282479925,S3-429189678
S1-588534681	S2-359796348,S2-246318254,S3-502940402
S1-946456397	S2-973859868,S2-727729625,S3-670875707,S3-344339584
S1-973438081	S3-22567847
S1-294927331	S3-631827645
S1-74178036	
S1-590504932	S2-856259191,S3-816159475,S3-588400046,S3-240163977
S1-738255656	S2-558366694,S3-172208117,S2-632015942
S1-187017375	
S1-201419988	
S1-894368746	S2-291980184,S3-454390245,S2-246177945
S1-764715378	S3-888582473,S2-63872171,S2-343751960,S2-999794823
S1-93054675	S2-51065952,S2-972555229,S3-818703855,S3-123185534
S1-146275752	
S1-72390322	
S1-843945464	
S1-729601792	S2-390596181,S3-4305707
S1-593422930	
S1-870163208	
S1-341729858	S3-284174400,S3-695983932,S2-755918042
S1-286862237	S2-283574757,S2-491262611,S2-988452154
S1-230510675	
S1-659170458	S3-125375047
S1-290014989	S2-983277445,S2-140810260,S3-74344975,S3-332200686
S1-711483072	
S1-576614435	
S1-446244396	S3-261404779,S3-21721754,S2-28870110,S2-236661668
S1-297891294	S3-357601556,S3-86992137,S3-640676146
S1-412187930	S3-769709474,S3-66696680,S3-663624223,S2-358789833
S1-593820675	S3-358905682,S2-828465758,S2-54288694
S1-885847092	S3-489312523,S3-882335529,S2-702090834,S3-352132868
S1-772936624	
S1-723681905	S3-854376345,S2-407244338
S1-177734696	S2-428410737,S2-343729523,S2-823450990,S3-301323866
S1-762254337	
S1-560834355	S3-345999197,S2-14306845,S3-511334200
S1-873439861	S2-939502291,S2-761112669,S3-364456868,S2-392256122
S1-641651733	S3-31766478,S3-25246259,S2-933635665,S2-557421331
S1-318232740	
S1-965190006	
S1-571253247	
S1-243880943	
S1-133707182	
S1-37130834	S3-754343462
S1-212856955	
S1-328264383	S2-616257553
S1-343372941	
S1-233275370	
S1-126463572	
S1-169004104	
S1-837821924	
S1-337241344	
S1-972084830	S3-949140716,S2-393016570
S1-903175587	S3-14086195,S3-577690718,S2-872458441
S1-582722041	S3-441344998,S3-412937880,S2-666265994,S3-64313747
S1-665522603	
S1-571251537	
S1-414752554	S2-697616557,S2-137311027,S3-196822915,S3-517768653
S1-341593824	S3-766550319,S3-171678105,S3-587056217,S2-938305679
S1-362035904	S3-649694559,S2-869492484
S1-135797958	
S1-163095734	S3-906840640,S2-606022638,S2-266025056,S2-278093443
S1-269652513	S2-794206226,S3-888120366,S2-855976492
S1-109158222	S2-602218253,S3-333053912,S2-428844057,S2-558459549
S1-759709250	S3-152553319
S1-332209670	S3-152193635
S1-287079642	
S1-950852690	
S1-243306761	S3-727652477,S2-230829733,S3-182133596
S1-223307177	S3-842837471,S2-439842327,S3-826039468
S1-418293720	S2-638880348,S3-593685527,S3-844367865,S3-504293373
S1-258505705	S2-355892552,S3-956046190,S3-924996502,S3-49265486
S1-611592963	
S1-365211489	
S1-368698084	S3-302511042,S2-848374491
S1-261107010	
S1-793316459	S3-836684194,S3-765597636,S3-193530599
S1-177250130	S3-756749164,S2-13153885,S3-194273198,S2-963284739
S1-148335792	S2-526728494,S3-530854717,S3-844964383
S1-360676528	S2-182510667,S3-978813917,S3-604121761
S1-835449109	S2-186395911,S3-906530463
S1-443942478	S2-270724884,S3-225889311,S3-812151041
S1-299818545	S3-128027752,S3-819164964,S3-376148402
S1-379046578	
S1-829337512	
S1-314313670	S3-823111380,S2-392837793,S2-874694802,S3-827114778
S1-419749315	
S1-808496836	S2-60102515
S1-852068525	S3-529775563,S2-359609615,S2-485868921
S1-89514499	S3-917786870
S1-225547703	S2-394120307,S3-79680554,S3-536071358
S1-661946905	S2-73917831
S1-481188551	
S1-878749336	S2-790690416,S2-733913751,S3-932487174
S1-157581083	S3-196428433,S2-687788009,S2-975142866,S2-128514777
S1-769382952	S3-906507889,S2-316772159,S3-200857495,S2-370011365
S1-65904920	
S1-242845693	
S1-742815487	S2-249306686,S3-127944910
S1-784217487	S3-380055126,S3-292896420,S2-869500390
S1-62073885	S2-953276236,S2-176892169,S3-570686910,S2-986384535
S1-192575675	
S1-775421214	
S1-593321589	S3-744879550,S3-153616620,S3-939834168
S1-478803906	S3-178708951,S3-199435667,S2-5818087,S3-506308608
S1-910956529	
S1-448830376	S2-693719282,S2-537903828,S3-353784180
S1-508337570	S3-529082874,S2-582025035
S1-658313506	
S1-267662060	
S1-34357309	S3-372735595,S3-303102957,S2-947434204,S3-993026350
S1-59111289	
S1-456856320	S2-867118261,S3-453012307
S1-231855615	S3-884989611,S3-474023920,S2-431236069
S1-779157665	S3-858000340,S3-558401571,S2-697836850
S1-988138194	S3-78155620,S3-969734344,S3-630768873
S1-237553641	S3-525689662,S2-972859741,S2-287146709
S1-195279429	
S1-487817223	S2-278714097,S2-868746953,S3-713709984
S1-214739627	S2-439915446,S2-293690742,S3-713416945,S3-502182353
S1-467273653	S3-439777561,S2-986409652,S3-491509558
S1-122095381	
S1-353530820	
S1-776720067	S2-17276588,S3-606171107,S3-738706006,S3-669110887
S1-704910423	
S1-467525576	S3-229944887,S3-696896508,S2-311360573,S3-22537698
S1-666948865	
S1-791779339	S3-799790033,S2-999772232
S1-19126470	S2-436067337,S3-340318660,S2-309421281,S3-5468647
S1-487947098	
S1-812905372	
S1-459677263	S2-679958167
S1-297745336	S2-931809608,S3-942744732,S3-81836456
S1-112040584	S3-369896212,S3-881552899
S1-764091036	S3-704636629,S3-618607015
S1-354230455	S3-781023281
S1-106693643	S3-43792643
S1-173772756	
S1-205168215	
S1-922295454	S3-188175052,S3-488494302
S1-326628281	S2-989780065,S2-662681311
S1-531990688	S3-127700561
S1-62357506	
S1-452878011	
S1-46329934	S2-975202599,S2-604099225,S3-688076126,S2-704697535
S1-126643507	
S1-863113213	
S1-465085298	S2-290622971,S3-673878463
S1-83380329	S3-924000619,S3-705961207
S1-228379716	S3-146403288,S3-737520420
S1-719993188	
S1-940033259	
S1-426179193	S3-694026770,S3-682857594
S1-723207217	
S1-962720847	
S1-685659507	S3-140869582,S2-799112924,S2-347319126,S3-813780662
S1-128046960	S2-757216817,S3-648202539,S3-317555271,S2-650219625
S1-961183521	
S1-192610874	S2-409346543,S3-972789964,S3-595056374,S2-578854030
S1-542489854	S2-956521466,S3-386978733,S3-56432094
S1-771079529	S3-407024042,S2-168186953
S1-464565984	
S1-416029304	S3-77756912
S1-429258673	S3-140371474,S2-269456019
S1-151899895	
S1-641531702	
S1-850282948	S3-567824455,S3-415583958,S3-877261298
S1-381930053	S2-334472389,S3-600617386
S1-680221533	
S1-696395627	
S1-454718576	S3-689995553
S1-289761483	S2-198529120,S2-689946114,S2-443971475,S3-900079651
S1-784564282	
S1-167471493	S2-863044258,S3-886424325
S1-162711773	
S1-911642111	S3-872909532,S3-527110219,S2-715816567
S1-687776173	
S1-268377838	
S1-604271793	
S1-433576402	S2-867666757,S3-977324442,S3-316471498,S3-345568861
S1-385202322	S3-381145499,S2-609174376,S2-937614580,S2-68418220
S1-53913078	
S1-635588686	S2-493700119,S3-570031989,S2-42311607,S3-602517507
S1-894851940	
S1-489419007	S3-62879420,S2-849484415
S1-136474889	S3-321743140,S3-289740610,S3-246459053,S3-701164643
S1-117411292	S3-405831010,S3-359082524,S2-841692063,S3-248388941
S1-566398188	S2-734980152,S3-103359388
S1-450573636	
S1-219279789	S3-714074185,S2-899278563
S1-898399202	
S1-460430454	S3-57891316,S2-405392750
S1-618411679	
S1-538746281	S3-296677993,S2-618065800,S3-458739006,S2-152924667
S1-431348789	S3-511790640
S1-427186223	
S1-823005892	
S1-121625780	S2-452719994,S2-312819591,S3-563493215,S3-538339648
S1-599465240	S3-664731983,S3-498328923,S3-276673371,S3-222755794
S1-346000315	S2-398818016,S3-157874226
S1-346358780	S2-294440137
S1-396171805	S3-411601903,S3-781798789
S1-670735751	
S1-71769571	S3-664967996,S2-647272567
S1-477111048	
S1-659548990	S3-495394035,S2-775530704
S1-750126855	
S1-438575260	S3-964111969,S2-300850363
S1-290765851	
S1-334293545	
S1-526178931	
S1-321703219	
S1-877011212	S3-956729262
S1-436987051	S2-934486754,S2-153395167,S2-697056163,S2-766937114
S1-122075931	S2-660459331,S2-490629609,S2-395899283,S3-999070147
S1-898429245	S2-149771970,S3-844083516
S1-159812271	S2-653201028,S2-722106191,S2-655481341,S3-943960185
S1-852249083	
S1-881168303	S3-881262651,S3-246970342,S3-202341754,S2-302773646
S1-259649790	
S1-804548107	
S1-720021982	S3-120276985,S2-515768030,S3-95933764
S1-828893724	S3-868960462,S2-571849404,S3-731445237
S1-640240542	S3-27701680,S2-941429313,S2-605976812,S2-34840844
S1-431820582	
S1-235875210	S2-869649772,S3-153200630,S2-898330126
S1-534071718	S2-665227154,S2-277375518
S1-141010948	S2-543617592,S2-506462213,S2-718204332,S2-887700830
S1-193148553	S3-324771567
S1-187706653	S3-765181644
S1-185908424	S3-614180460
S1-635627149	S2-529081261,S3-850799157,S2-390702478,S3-693585678
S1-184562414	S3-716790787,S3-646150226,S2-188516287,S3-998361696
S1-724361199	
S1-199322011	
S1-55487196	
S1-925805272	
S1-189087778	S2-513717492,S3-299855272,S2-937039232
S1-123715467	S3-86437248
S1-793249093	
S1-588369948	
S1-326809846	
S1-778140692	
S1-612325540	S3-742658791,S3-636413280,S3-279988462,S2-973027615
S1-225919293	S2-168167362,S2-824516710
S1-90142352	S2-956218006,S2-286667639,S2-537105483
S1-870843785	
S1-196584416	
S1-540574658	S3-619035507,S3-946069681,S2-765201168
S1-978975699	
S1-779445192	S2-682001318,S2-532755923
S1-14025644	
S1-409668058	
S1-461153356	
S1-64213616	S3-459906389,S3-215819467,S2-854851625,S2-784796916
S1-966356239	S2-146065284
S1-5172398	S2-865172646,S3-922139488,S2-946126434,S2-370948108
S1-984298636	S2-590051706,S2-122438398,S3-6916240,S3-11360286
S1-977228403	
S1-214434773	S3-119035804,S2-611321213
S1-897825483	S2-49291180,S2-271124703,S3-785746181
S1-845739188	
S1-686076290	S3-71659557,S2-803199718
S1-165211691	S2-658670937,S2-256083137,S3-309387117,S2-84216372
S1-963549679	
S1-921352592	S3-795778928,S3-704905554,S3-387829668,S2-913874317
S1-677534815	
S1-504986827	S3-471106862
S1-559822490	
S1-301034511	S3-502751107,S3-563378709,S2-883872849,S2-201904363
S1-940400710	S2-254655685,S3-928474436
S1-14773201	
S1-683349376	S3-78442802,S2-23994709,S2-107561518
S1-181035541	
S1-442087927	S3-522327301,S2-815691026,S2-619287817,S2-436513138
S1-235551325	S3-577498721,S2-248613435
S1-570020785	
S1-73686788	
S1-257911740	S2-15547969,S2-183393198,S3-675336494
S1-311588269	
S1-571278141	S3-467529188,S3-229719006,S3-572420785,S3-495385723
S1-434475887	
S1-364739134	
S1-555845168	S2-395439278,S3-805397654
S1-831111607	S3-252095283,S2-255630609
S1-622605597	S3-862516212,S2-808768751
S1-385975744	S2-966975504,S3-497135648,S3-198445735
S1-89731812	S2-466505679,S3-971639236,S2-301666768,S3-815543367
S1-885227702	
S1-320071526	S2-783963340,S2-969333127
S1-183375897	S3-769143681,S3-681436339,S2-376225724,S2-60398769
S1-678597293	S3-54764269,S3-626528834
S1-853400924	
S1-251327400	S2-140562178,S2-845817150,S3-903868267,S3-879251123
S1-998977420	S2-448633894
S1-936709801	S3-558301749,S2-848592704,S3-883034304,S2-409854793
S1-805874646	
S1-970228065	
S1-478301982	S2-938253810,S2-554967802,S2-803214751,S3-276962428
S1-114176707	S3-977584896,S2-652043463
S1-328385544	
S1-665225603	S2-320961270,S2-381824395,S2-376761829,S3-327551962
S1-872836018	S3-952255536
S1-602697444	
S1-667293579	S3-872395573
S1-892036658	
S1-903414471	S2-318475982,S3-800829435,S3-854672336
S1-589719632	S3-366273240,S3-653298570,S3-157174681,S2-755176028
S1-55020463	
S1-514157930	
S1-849655303	S3-442245975,S2-878191676,S3-676476978
S1-389132928	
S1-574160127	S2-632780690,S3-918282752
S1-795629554	S3-230055770,S2-971153562
S1-381807370	S2-872032721,S2-560979536,S3-957694752,S3-501043721
S1-48859890	S3-50865179,S2-985890184,S3-24361684,S3-684131476
S1-668779085	S3-2483501
S1-825247414	S3-890805886,S3-96672285,S3-455360292
S1-33498505	
S1-377222894	S3-243472176,S3-333403843,S3-623594655
S1-107507553	S2-397450420,S2-954131440,S3-442349448,S2-640773267
S1-222404512	S3-631701929,S3-660390012
S1-228487234	S3-304978665,S3-353505249
S1-330115432	
S1-205959342	S3-909782595,S3-848809339,S3-140367448,S2-798417821
S1-96901672	
S1-910243288	
S1-104726378	
S1-480152935	S3-2621336,S2-792271119,S3-754431875,S3-754975563
S1-79901946	
S1-300667502	S2-687191009,S2-974511787
S1-422694441	S2-33919158,S3-80049193
S1-659	S2-481821949,S3-195394165
S1-542034934	S3-353765091,S2-186839256,S3-72803261
S1-558204941	S3-966416549,S2-33270724
S1-666225450	
S1-884074524	S2-894449430
S1-226063302	S3-326394200,S3-801338076,S2-12930789
S1-360009044	S2-629849330,S2-306265653,S3-442857018
S1-269338652	
S1-550637956	
S1-302835643	
S1-274514413	S2-628495089,S3-935829667,S3-586547744,S3-513954378
S1-370291247	
S1-426964038	
S1-239085284	
S1-700412134	S3-400109901,S3-115976266,S2-708676115
S1-294266085	S2-192635098,S3-904347562,S2-248788383
S1-88115249	S3-818715085,S3-883886576
S1-15756515	S2-758214215,S3-602408788,S3-289830173,S2-719265724
S1-562733708	S2-162922657,S3-926350803,S3-141867086
S1-217972694	
S1-871175916	S2-344023085,S3-47151836,S2-728565712,S2-306732394
S1-249456603	S3-749673376,S3-81409430,S2-701299284,S2-608800388
S1-28939705	
S1-605739088	S2-385208799,S3-564842710,S3-736953977
S1-871437683	
S1-825346510	
S1-999112173	S3-218042905,S2-849486968,S2-324660309
S1-444051904	
S1-51144239	
S1-716628232	
S1-91761058	
S1-770721379	
S1-97014911	S2-368028047,S2-939569429,S3-535640953
S1-911293008	S3-512241964,S2-54879387,S2-495710864,S3-632348950
S1-603596406	S2-921939003,S2-876340786,S3-500152780
S1-288243811	
S1-218794919	S3-394737071,S3-795946058,S2-908469452,S2-789705882
S1-240319669	S3-865245397,S3-12136863,S2-699674097,S3-106999393
S1-230569502	S3-960110996,S3-905035813,S3-392712752,S2-27232144
S1-185511061	
S1-472313001	S3-576909716,S3-400351119
S1-850028765	
S1-570348396	S3-805538840
S1-371068180	S2-834856814
S1-677535286	
S1-353724729	
S1-226753227	S3-620905670,S2-935925141
S1-710220913	S2-8253877,S3-107292631,S3-630486849
S1-768698448	
S1-890499912	
S1-622381284	S2-665174773,S2-715267301,S3-167628296,S3-369573771
S1-158864505	
S1-652858036	S3-524542326
S1-700531166	S2-293113286,S3-929692490
S1-611854052	S2-223649691,S3-284583084,S2-630055705
S1-934481390	
S1-552366668	S3-599008568,S2-643913575,S2-188806530
S1-467055238	S3-798324497,S2-857292820
S1-251845954	
S1-150605559	
S1-461511489	
S1-827921632	S3-835097491
S1-746239019	S2-500093587,S3-143284361
S1-672466844	S2-14422496,S2-186866477,S2-253322495,S3-567858967
S1-25885280	S2-58908563,S2-184355008,S2-844315833,S2-685546017
S1-979408094	S2-940796248
S1-226857087	S2-755064266,S3-864109851,S3-50686470,S3-75846853
S1-378232240	
S1-7776672	S3-731795774,S3-91872874
S1-665071757	
S1-32969011	
S1-349702331	S3-369010096,S3-126282231,S2-64044170,S2-32247649
S1-261036506	
S1-22794174	
S1-19996189	S2-242728227,S3-355051355,S3-305815717,S2-575708125
S1-234261888	S2-707714108,S3-441455465
S1-984993082	S3-322186830,S3-308420859
S1-136815599	S2-16981350,S3-62367946
S1-908842241	S2-617628911,S3-633420846,S3-479444057
S1-764313239	S3-778033286,S3-299818279,S3-160988323,S2-182387041
S1-997126607	S2-309313524,S2-575928781,S2-269327217,S3-255077877
S1-694004985	S2-833741123,S2-37048833
S1-206339866	S3-243055919,S3-490255221,S3-30599906
S1-597649707	
S1-433885906	S3-687365239,S2-315387793,S2-733104874
S1-952292078	S3-921776678,S3-152398114,S3-411335940
S1-731920278	
S1-759499243	
S1-440224062	S2-270456146,S3-41126587,S3-278157893
S1-871258693	S2-950927042,S3-883774162,S2-865471238
S1-584695213	S3-510836818,S3-666156137,S2-837894290,S2-359116483
S1-318732822	
S1-928104330	S3-125128129,S3-888704708,S2-386277872,S3-818258100
S1-583058324	
S1-290466869	S3-192595641,S2-841457265,S3-44885829
S1-250868287	S3-944444319,S3-908563064,S2-401606914
S1-349254407	S3-952886952,S3-840854323
S1-516300318	
S1-574916098	
S1-849671823	S3-871037922,S3-864547149,S3-615413452
S1-554451908	S3-820940672,S3-362290144,S3-970324413,S3-906866519
S1-486000205	S2-486230767,S3-404074734,S3-100175519,S3-773870590
S1-911046967	S2-895758438,S2-748171270,S2-746014817
S1-92473819	
S1-253888829	
S1-941246380	S2-269270866,S3-991580266,S3-811849473,S3-638046287
S1-914543076	S3-73718723,S3-113718817,S3-891219860,S2-170164789
S1-8880280	S2-688380309,S2-418060907,S3-212648179
S1-712315688	S3-519347395,S3-161992787,S2-463753407,S3-527417364
S1-850145967	S2-383453501,S2-3223128,S2-106612186,S2-624911883
S1-555503102	S3-887107774
S1-884007166	
S1-135581802	
S1-257381066	S3-771398190
S1-128061971	S3-242606882,S2-767879735,S3-697981095
S1-909638725	
S1-168375749	
S1-533363611	S2-740646799,S3-278679118,S3-249318743
S1-40692321	
S1-388579613	S3-741621913
S1-104541556	
S1-750314217	S3-683610692
S1-244950521	S2-242246015
S1-847797557	
S1-453881945	
S1-344137445	
S1-968153701	S2-807384976,S3-831542575
S1-434344674	
S1-479446125	S2-639574165
S1-223964689	S3-323251614,S3-36848016,S3-80398591,S2-248539502
S1-290038814	S3-852338041,S3-599562370,S3-200290711,S3-25723322
S1-269845111	
S1-28263434	S3-979081457,S2-644592506,S2-978597017,S2-608287086
S1-279117826	S3-269431341,S2-48297698,S2-714172280,S2-290686814
S1-13280299	
S1-43297570	S2-597758517,S2-177767208,S3-708473834,S3-888949856
S1-348597652	S2-858444171
S1-344515266	S3-388920197,S3-16314742,S2-957953090,S2-814730613
S1-194768023	
S1-377490655	
S1-676732303	S3-76103989
S1-824105362	S3-571499229,S3-293736494,S2-755308981,S3-854845473
S1-396829385	
S1-129881381	
S1-508657708	S2-488445443
S1-378225836	S2-200597500,S3-214858302
S1-575684790	S3-911714375,S2-970318877,S2-470511107,S3-619824197
S1-147343626	S3-2499892,S3-301336849,S2-115310070
S1-40362513	
S1-256408082	
S1-646936308	S2-410713510
S1-881404134	S3-108506226
S1-397108399	S2-14595102,S3-849648238,S3-478459948,S2-207169782
S1-944875796	S3-897345814,S3-411301619,S2-538185329,S3-845027468
S1-647995551	S3-112653318
S1-301883903	
S1-40431721	
S1-104493279	S2-978830841,S2-528342772
S1-340250609	S3-263101964
S1-43945639	
S1-892931887	S2-381754877,S2-965066499,S2-967858443,S3-445468701
S1-513541173	S3-98667939,S3-737766152,S3-184429549,S2-54008305
S1-60423858	
S1-311190585	S2-361130976,S3-353406851,S3-890511146,S3-830140192
S1-121707698	
S1-307739112	S2-686994837,S2-474516587,S3-563783189,S2-229134076
S1-514946561	
S1-409212003	S2-558130669,S3-92154311
S1-916447501	S2-449094841,S3-516482956,S3-9509176,S2-566179462
S1-222921322	
S1-511771300	S2-290720310
S1-515666454	S2-414821645,S2-553874606
S1-808710233	
S1-982299517	S2-344222803,S2-461108071,S3-468421269,S3-700469346
S1-102311583	
S1-829171354	S3-93164967,S3-7261815,S3-698587542,S3-591359757
S1-930866271	
S1-590504257	S2-789629745,S2-445914143,S3-215593599
S1-954668744	
S1-833834194	S2-239742491,S2-869300056,S3-678705525,S2-691338706
S1-668899970	S3-539704987
S1-74745427	
S1-551177091	S3-487181401
S1-149393541	
S1-557543779	S3-106449955,S2-729466396
S1-493910187	S2-584155377,S3-548791326,S3-335961725
S1-401668604	
S1-457705221	
S1-734320813	S3-997909469,S3-240853165,S2-8224442,S2-515919292
S1-646434113	S3-59590875,S2-751052617
S1-225146138	S2-116241308,S2-104788774,S3-708844169,S3-117723101
S1-848186015	
S1-570077388	
S1-324779194	S2-685691993
S1-493952083	S3-246717973,S2-5151693,S3-154129922
S1-747152905	S3-166119577,S2-604572564
S1-186030942	S2-19416567,S3-430510340,S2-959011375
S1-408498737	
S1-874142844	S2-314314807,S3-479022097,S2-702078161,S3-895309848
S1-844941516	
S1-60949540	S3-555408978,S2-397241057
S1-777278680	
S1-842236658	
S1-731390638	S3-81337360,S2-595861564,S2-113877080,S3-676379862
S1-440745766	
S1-958798417	S2-891556930,S3-279145368,S2-170532259
S1-433670009	
S1-554482906	
S1-892513732	S2-345054725,S3-340654329,S3-849525933,S2-274005679
S1-435438178	S2-809067122
S1-76284451	S2-738928311,S3-560596089,S2-47310018,S3-679824660
S1-568380690	
S1-53484303	S2-856058913,S3-745781343
S1-903140332	
S1-82757455	
S1-982230084	
S1-851780753	S3-106814780,S3-563012294
S1-272413656	S3-546742282
S1-62588694	
S1-876336610	S2-654086640,S2-561740946,S2-274241046,S3-434772161
S1-233947737	
S1-380304154	
S1-735381709	
S1-319941175	
S1-419677658	
S1-138449607	S3-147629325,S2-399806729,S2-83901192,S3-879386717
S1-57107309	S3-527889295,S3-730980076,S2-417395936,S3-584671526
S1-74887493	
S1-137157299	
S1-799576133	S3-233431929,S3-544569085,S2-611221718,S3-283207740
S1-920635885	S2-833395089,S3-268822242
S1-874271544	
S1-654740978	S3-437632471,S2-276372708,S2-782892734
S1-981104471	S3-507626369,S2-63843788,S2-629063776
S1-685273042	S3-939846311,S2-339067834,S3-844450844,S3-241988822
S1-457255193	
S1-963565479	S3-729263747
S1-151012470	S2-348385747,S2-128228039,S2-511473181,S2-360306400
S1-186610023	S2-622402002,S3-423366041
S1-44091817	S2-957489129,S3-6734827,S2-180176105
S1-224887786	
S1-384867062	S3-853091823,S2-815251681,S3-463384515
S1-575097552	
S1-120194197	
S1-447459766	S2-543017067,S3-425787289
S1-238405853	
S1-669468537	S2-983807286,S2-843903903,S2-830662047,S3-40261742
S1-82889945	
S1-122370236	S2-656609113,S3-57312336,S3-291807904,S2-328850394
S1-623834006	
S1-261897907	
S1-900132291	S2-179323616,S2-655363416
S1-46093	
S1-560799435	
S1-341711406	
S1-657707628	S2-41239710,S2-292421367,S2-983565384,S3-343378
S1-181757917	S3-789158115,S2-154401829
S1-745385829	S3-342019136
S1-638463858	S2-186747811
S1-145259720	S2-289804182,S3-448048607,S2-14903883
S1-775681607	S3-922356209,S3-641424226,S3-883602561,S3-546122395
S1-677323436	S3-112758916,S2-815637384
S1-591409845	S3-650051825,S3-8318718,S3-439283602
S1-420086476	S2-452361442,S2-241010521,S3-596745165
S1-341233415	S3-567110437,S3-4112871,S3-275039226,S2-936935962
S1-567467834	S3-205617697,S3-465045863
S1-450337398	S3-413398791
S1-264149670	
S1-569315737	S2-645144636,S3-999356063
S1-307305284	S2-306591829,S2-257570949,S2-784040512,S2-506934773
S1-127642367	S2-822105158,S3-199922367,S2-989202994,S2-269853587
S1-395931828	
S1-54633157	S2-183461943,S3-732576208
S1-438092843	S3-178775797,S2-43419692,S3-995514060,S3-590453053
S1-633736624	S2-653381139,S3-347116887
S1-795599365	S3-723952850,S2-671380317
S1-528584273	
S1-553085888	S2-731997322,S3-288348946
S1-31701183	S3-770839339,S3-496671522,S2-640434559
S1-769435270	S3-491987316,S2-275699119,S2-659120243
S1-541190335	
S1-257012484	S3-391155591,S2-5399049,S3-164817907,S2-566866361
S1-305312374	S2-833277686,S3-490349570,S2-546650753
S1-664097736	S3-717211187,S3-760930252,S2-802356585
S1-420720713	
S1-684693742	
S1-64654268	
S1-679032289	S3-409078136,S2-773238569,S3-399943149,S3-568038944
S1-979339217	
S1-303767333	
S1-663838665	S2-54469347,S2-806796218,S3-847062547
S1-461013490	S2-983268566,S3-762397325,S3-114053052
S1-699432614	S3-7514875,S3-156607685
S1-645856484	
S1-668337052	S3-308550033
S1-74185315	
S1-916850494	S2-250976917,S3-799164756,S3-490836120
S1-928527908	S3-507140082,S3-975951811
S1-920125122	
S1-102695324	S2-928666291,S3-433252621,S3-805777525
S1-686363497	S3-478502946,S2-720103438,S3-636983524,S2-68096063
S1-83028506	
S1-383241058	S2-569812314,S2-805719979,S3-315449927
S1-321808616	
S1-635339283	S3-408538768,S3-172865121,S3-681870838
S1-790248293	S3-299527518,S3-313235498
S1-538747843	S2-460544798,S3-315539478,S3-703930385,S3-14345869
S1-513064479	S3-371861331
S1-352833258	
S1-434245344	
S1-283887893	
S1-549840930	S2-760516258,S2-130599554,S2-85681336,S3-850206385
S1-65784424	
S1-444213193	S3-826886305,S2-815322793,S3-444619855
S1-519474033	S3-726458469,S3-876906604,S2-322585432
S1-226220567	S2-363277752,S2-525441175,S2-779594844
S1-322141284	S2-689640028,S2-835015849,S3-572982948,S2-157927922
S1-98939415	
S1-913323552	
S1-540087444	S2-714793418,S3-57366641,S3-785726246,S3-398207591
S1-440332023	
S1-556388286	
S1-805501820	S2-312715045,S3-968736552,S2-187897566
S1-594577065	
S1-92202578	S3-977098034,S2-770376492
S1-885034684	S2-415902532
S1-322764254	
S1-68476462	S3-336618377
S1-721472496	S3-84154088,S3-923779281
S1-145850326	S2-295544671,S3-967253356,S3-658499987,S3-404239386
S1-284711384	
S1-434786157	
S1-517129499	S2-225454250,S2-693591020,S3-326102222,S2-441561607
S1-315893996	S3-639123970
S1-742847917	
S1-22864380	
S1-546344736	S3-328033917,S2-550944309
S1-372645012	
S1-644907187	S2-933624095,S3-252357505,S2-676887900,S2-50055960
S1-490221125	
S1-421924082	
S1-805899168	S3-285395405,S3-713878270
S1-259572147	
S1-108051215	S3-430173402,S3-3702436
S1-993676268	S3-857128319,S3-296630303
S1-694239846	
S1-292641715	
S1-781441783	S3-853898307,S2-95170620
S1-200865310	S2-790989395,S3-731355872,S3-655087976
S1-432734977	
S1-656640119	S3-725784857
S1-87251910	S2-632357542,S2-166089754,S3-383313819,S3-168169128
S1-389151477	
S1-39938406	S3-96985819,S3-51672228
S1-902499126	S2-956031611
S1-532734265	
S1-162761848	S2-187025001,S3-296030940,S2-177312342
S1-364463484	S3-860772521,S2-535020764,S2-18178456,S2-177594481
S1-281645654	
S1-956018610	S2-311086508,S3-291253928,S3-599682608
S1-100994848	S3-76744923,S2-224695104,S2-254668895,S3-448289165
S1-266196235	S3-332759917,S3-897140351,S2-359637425,S2-738299733
S1-860113149	
S1-923647873	S3-917796406,S3-32704608,S3-531966326
S1-196395731	S2-122447226,S3-920350744,S3-602988276,S3-263163286
S1-883708561	
S1-137219311	S3-742704936,S3-125328883,S2-454127219
S1-947453032	S3-491525871,S2-78230375,S2-233061022,S3-366125954
S1-930138604	S3-945481553,S3-41725060,S2-885747893,S2-452694329
S1-707133511	S3-797252075,S3-845358581
S1-338480112	
S1-97598344	S3-62829838,S3-12973842,S3-641712093,S3-111513753
S1-281321374	
S1-609571543	
S1-174560811	
S1-151028854	
S1-492127922	S3-712026008
S1-251861575	S3-594083337,S2-703608459
S1-116702055	S3-591591048,S2-947368171,S2-594423413
S1-363256613	S2-476155738,S3-622295487,S3-446602176,S3-976173162
S1-760165985	
S1-259030464	
S1-801488371	S3-73605918,S3-769944931,S2-356009236
S1-945822324	S2-746008548,S2-198657164
S1-934132458	S3-15415430,S2-359788295,S3-447783355
S1-434420723	S2-387051100
S1-993210803	
S1-199335168	S2-586509695,S3-273182727,S2-176314669,S3-273913097
S1-594637635	S2-991702932,S2-925987548,S3-760866838,S3-66920024
S1-465956544	
S1-79161280	
S1-110081335	
S1-86758358	S2-842952263,S2-937267998,S2-500334936,S2-297497401
S1-260655409	
S1-270588529	
S1-544445558	S3-30464557,S3-670258451,S2-240737319,S2-177985715
S1-20753480	
S1-316813789	
S1-570463280	
S1-981593689	
S1-145808453	S3-8650522,S2-125006244
S1-617181414	S3-469048664,S3-375785050
S1-997169792	S2-695278326,S3-438979680
S1-874178385	S2-421014110,S2-332070081,S3-35492767,S2-236178281
S1-276393583	S3-315214026,S3-258968729
S1-897367467	
S1-734420181	S3-225254344,S2-660434356,S2-206461999
S1-490335060	
S1-67567894	S3-221238318,S3-851901421,S3-648334393,S2-362351247
S1-243967245	
S1-77822751	
S1-325465406	
S1-192687876	S3-909447077,S2-413590894,S2-987236664,S2-953868141
S1-702886737	S3-142459692,S2-778368965,S3-443945928,S2-534315007
S1-9119712	S3-40558624,S3-43666499,S2-880272904,S2-567662990
S1-854136393	S2-136427714,S3-915503382
S1-468669636	
S1-443674200	
S1-860568242	
S1-919068602	S3-124417086,S2-25979560
S1-382061422	
S1-419005493	
S1-263190959	
S1-460174228	
S1-551641213	S3-949507276,S2-627007837,S2-325514161
S1-862598653	S2-209162291,S3-946854408
S1-301668935	S3-350926120,S3-124869678,S2-81030404,S2-572003920
S1-198445804	S2-662137104
S1-860391248	S3-498246106,S2-189020428,S3-367060991
S1-919941467	S3-64282119,S2-278169992,S2-224487975
S1-873837245	S2-563393153,S2-902256481,S3-808088760,S3-484304442
S1-335715642	S3-259093742,S3-22899198,S3-14909082,S2-184625256
S1-251466739	
S1-341420748	S3-216349966,S2-667224575
S1-896803047	
S1-84398314	
S1-346813931	
S1-85566626	S3-706305518,S3-256787289,S2-462163626
S1-829039606	S3-64871701,S3-343106737
S1-692520590	
S1-200073586	S2-568138851,S3-92140661,S3-891854262
S1-102695101	S2-847983646,S3-184006551
S1-92768389	S3-64637573,S3-933505659,S3-280707982
S1-961958245	S2-81164581
S1-629340170	S3-282338039,S2-778017443,S3-969729891,S2-121720181
S1-596069114	
S1-690108299	S2-429149345,S2-217702165
S1-807291210	S2-88118127
S1-453804670	S2-289633496,S3-253031867,S2-779003819,S2-14558045
S1-760586553	
S1-133427196	
S1-468849574	S3-382251430,S2-675926890,S2-66717834,S3-689248307
S1-523484000	S3-948500047,S3-311100119,S2-944966459,S2-12487117
S1-170289895	S3-34808651,S2-899560789,S2-686655248
S1-627043024	
S1-869144373	S2-166252636,S3-866344701,S3-420825661
S1-482625198	S3-940605773,S2-357328816
S1-801503989	
S1-564633706	S2-122662222,S2-612940977,S3-402980342
S1-860796948	S3-799048802
S1-463260149	
S1-761656494	S2-874307006,S3-356598832,S3-758450590
S1-488909930	S3-648280736,S2-787938026
S1-340102006	S3-708901410,S2-735106886,S3-942489662
S1-300663702	S3-442138625,S3-339681767
S1-799813487	S2-242016266,S2-930423573,S3-357352369
S1-909153771	S3-991480342,S2-799640185,S3-339053481
S1-632098939	
S1-455177661	
S1-411027782	S2-790004520,S2-109118340,S3-363432782,S3-778630388
S1-450422135	
S1-676759034	
S1-267484231	
S1-136961210	S2-887960473,S2-766516918,S3-270123686
S1-904075589	S2-753125378,S2-844660957,S2-390939911
S1-650975629	
S1-229478962	S3-410517347,S2-140722157
S1-949166872	S3-503650371,S3-267910247,S2-889969052
S1-821821990	
S1-271263229	S3-430880921,S3-832636409,S2-943742319,S3-365295416
S1-201423214	S3-639167680,S3-123837711,S2-984601371
S1-634969882	S3-878669481
S1-527251147	S3-826070623,S2-879170916,S3-226876892,S3-244061984
S1-293204513	S2-865782619,S2-637205495,S3-302231940,S3-778927755
S1-926099825	S3-344183097,S2-449250195
S1-148843481	
S1-9728040	S2-204810715,S2-381564583,S2-690491815
S1-433819158	S3-865578034,S3-881361581,S3-176910645
S1-798867382	S2-814891358,S3-384594171,S2-540153456,S3-153917288
S1-507083946	
S1-735535907	
S1-513541584	
S1-688646483	S3-200361967
S1-488621031	S3-235486820,S3-387886712,S3-313567664,S3-388617251
S1-568346236	S3-666594888
S1-394874022	
S1-266759334	S2-827929479,S3-805901802,S2-915061654,S2-131357156
S1-622578396	S3-935786643,S2-294968109
S1-986536103	S3-414646593,S2-12837904,S3-124849980
S1-492116916	
S1-988157969	S3-60127605,S3-328388843,S2-816057084,S3-315653631
S1-829952199	
S1-887024197	S2-323189416,S2-588675825
S1-98827867	S2-247407655,S3-982720273
S1-226196536	S3-715592377,S3-935710781
S1-492640883	S2-45056334,S2-490020286,S2-7591338,S3-322519593
S1-615599604	
S1-107979299	
S1-488475907	S2-649070105,S2-467579895,S2-433774625,S2-377396153
S1-755004020	
S1-79182425	S3-475301258,S3-357484969,S2-884084649,S2-10521099
S1-611222245	
S1-894886404	S3-450298508
S1-646912969	S2-828560713,S2-403143999,S2-385699484
S1-526000405	S3-206442767
S1-696031493	
S1-53992727	S3-569463139,S3-176675970,S3-962893003,S2-425929964
S1-104948140	
S1-238433051	
S1-24662318	
S1-292999711	S3-179782882,S3-514333473
S1-169841929	
S1-591704362	S2-767647284,S3-809933516
S1-839219382	
S1-974109825	S3-773793267
S1-318458844	
S1-360963241	
S1-331452988	S3-268351055
S1-381255406	S3-478658668,S3-345395482
S1-848724649	S2-720900941,S2-637673607,S3-69194417,S3-352240799
S1-531072670	
S1-974665618	
S1-411230276	S2-973985419,S3-145728477,S3-316274352
S1-528473661	S2-466497879,S2-682043481
S1-870532167	
S1-621324529	
S1-374417464	
S1-379932891	S2-870401062
S1-771518911	S2-394879447,S3-882505721,S3-16258353
S1-532371489	S2-2409353,S2-291200050,S3-538350586,S3-429340522
S1-738359806	
S1-996564086	
S1-434574771	
S1-51367828	S2-257012684,S3-463957454,S3-591933553
S1-781377227	
S1-181964603	S2-921010983,S2-52935408,S2-378520335
S1-729415222	
S1-738275149	S3-268291041
S1-754555794	S3-235914610
S1-784002694	S3-57365398,S3-7728726,S3-50282941
S1-455489823	
S1-698080373	
S1-403221881	S2-837972934,S2-222646652,S3-899427266
S1-798001735	
S1-875837058	S3-790004336,S2-343437240,S2-294070535,S2-984664261
S1-738563428	S3-271529727,S2-991487312,S2-974412105,S2-688524938
S1-948998904	
S1-648409543	S2-621384671,S2-564410332
S1-651226214	S2-516526335,S2-284115458,S2-850433109,S3-769952626
S1-552352908	S3-411509819
S1-587110787	S2-87685304,S2-181569938
S1-188305350	
S1-239315253	S2-624407888,S3-311206090
S1-889782509	S3-89777499,S3-50673342,S3-659275625
S1-959783432	S3-712509905,S3-285183530,S3-547773573
S1-842862324	
S1-75292061	
S1-87885940	S3-259426233
S1-712283966	S3-163815625,S2-621377365,S2-730506910,S2-631149832
S1-797104874	S3-171832404,S3-410778292,S2-749152623,S3-683394125
S1-892102783	S3-187304158,S3-476669031
S1-41696468	
S1-512203857	S3-401640075,S3-322155454,S2-330255998
S1-261278612	S3-232902075,S3-748091914,S2-346682459
S1-25453538	S2-951094419,S2-825247801
S1-354147458	S3-155934433,S2-47543200,S2-221303040
S1-716899753	
S1-850850921	
S1-989095351	
S1-311810632	S2-977350953,S2-188184164,S3-943172332
S1-793564665	
S1-448088142	S3-928173859,S3-882841511,S2-762528436,S3-75977623
S1-397076092	S3-182466867,S2-296055950
S1-844324410	
S1-139445913	
S1-923586061	S3-630210704,S2-413446581
S1-325381416	S2-522989755,S3-8919312
S1-741731265	S3-65025284,S2-131611520,S2-655747506,S3-934927929
S1-736681021	S2-227359680
S1-660954186	S2-163134669
S1-698923904	
S1-87579146	S2-551390824,S3-154923770,S3-50903917,S3-353441199
S1-892524040	
S1-829110848	
S1-774397684	
S1-624150537	S2-739266225,S3-977951383
S1-666487227	S3-158995545,S2-752669742
S1-552450720	
S1-964918191	
S1-732168858	S3-552868569,S2-517487751,S3-322702665,S2-501083904
S1-494635270	
S1-181439984	
S1-358650308	
S1-661641591	
S1-600675234	S3-992223610,S2-969421778,S2-119065789,S2-454386913
S1-785167597	
S1-928294154	S2-74051176,S3-964162996,S2-481804821
S1-41218848	S2-563154146,S3-951112388
S1-737897775	S2-309912191,S2-285382079,S3-690882486
S1-928111117	
S1-344020233	S2-149945886
S1-96823471	
S1-100624502	S2-839279704,S3-509355237,S3-898759689,S3-672603209
S1-998700089	S3-568304430,S2-521484683,S3-370233718,S2-733107995
S1-802750965	S2-374967319,S3-30238158,S3-238294490,S2-670544274
S1-297756039	
S1-172144435	S3-60885291,S2-911196844,S2-140802939
S1-235693094	S3-190301718,S3-822457788
S1-157017135	
S1-709352486	
S1-488304040	
S1-493630698	S3-140782314
S1-175929987	
S1-452447385	
S1-37251201	
S1-684243177	
S1-320988316	S3-546549467,S3-486894836,S2-226631042,S3-305931473
S1-57812356	
S1-981727600	S3-578695163
S1-941990749	S2-971889102,S3-680697847
S1-409690311	S3-890797594,S3-135764109,S2-716656316
S1-956577645	S3-982150724,S2-286708821,S2-790262038
S1-953918495	S3-636652693,S2-896349510,S3-592928455
S1-986405179	S3-895724139,S2-127454780
S1-275364114	
S1-451766272	S2-717458514,S2-108773954
S1-792740347	S2-674108081
S1-953341831	S3-660085306,S3-261288853,S3-673751645,S2-792876726
S1-997212389	S2-485979930,S3-122629724,S2-931453803
S1-140337545	
S1-462362509	
S1-984459513	S3-351375858,S2-746779009
S1-564545899	
S1-909740935	
S1-393229963	
S1-692229991	S3-202088807,S2-798923666,S3-661359306,S2-485858283
S1-478704347	
S1-237138676	S3-158122730
S1-749450476	
S1-990866914	
S1-918541073	S3-729018190,S2-729800438
S1-180279057	
S1-253129116	S2-494264076,S2-111979581
S1-477787666	
S1-75059001	
S1-90065208	
S1-166944285	
S1-469770655	S3-473112634,S3-719779871,S2-523235131
S1-691154522	
S1-627947076	
S1-856458051	S3-144072835,S3-909383052
S1-687537555	S2-591489879
S1-665197472	S2-749816326,S3-245554533
S1-38606838	S2-665351528,S3-948463707
S1-285985188	S3-383374757,S2-833255570,S2-830596468
S1-216698531	S2-27266323,S3-3242046,S3-243830670,S2-169519745
S1-988251341	S3-780637157,S2-842391201,S3-583104633
S1-300551562	
S1-991080918	
S1-150344186	
S1-672778813	
S1-866788800	S3-997697668,S3-27714,S2-555173724,S2-5868841
S1-111748123	S2-28965386,S2-394345687
S1-989235647	
S1-282285128	S2-729420571,S3-618233745,S3-167617637
S1-869558681	S3-776458037,S2-485624039
S1-10152274	S3-198428920,S3-599017515,S2-695780786,S3-858495149
S1-640127957	
S1-191329383	S2-280384722,S3-399055520,S2-335721035
S1-84090974	S3-687427279
S1-823230826	S3-931907489,S3-611638736,S2-535278376,S3-447180299
S1-144150687	S3-750934948,S2-404217891
S1-732648071	S3-475779389,S3-233452218
S1-73218490	
S1-740818505	S3-33430294,S2-585223111
S1-460320254	
S1-783967766	S3-31691969,S2-497251688,S2-910696411
S1-303052167	S2-732615530,S2-604720650,S3-296926894
S1-448480373	S2-256151514,S2-82933359,S3-402401688,S3-297929389
S1-757470064	S3-479286418,S2-721345444,S2-324179226,S3-429689879
S1-341061221	S2-624912059,S3-937564532
S1-275800268	S2-306392974,S3-648907436,S3-205503868,S3-685169096
S1-182855289	
S1-513653103	S3-928834592,S3-317035839,S2-214505629,S2-834550601
S1-900544442	S3-988798014,S3-653877915,S2-126114325,S3-565685213
S1-132130058	S2-673934893,S3-117593033
S1-966207761	
S1-970626593	S3-844359996,S3-82640709,S2-566088873
S1-307144577	
S1-908888977	
S1-921253583	S3-329562822
S1-904901583	S3-939746460,S2-101296986
S1-801017797	S2-266941785,S2-782985232
S1-257112487	
S1-595486981	S3-644800379,S2-218858342,S3-912247343,S3-25001508
S1-621128654	S3-537917353,S2-398646775,S2-836499044
S1-537574352	S2-337699308,S2-990771835,S3-994359183,S2-452336167
S1-710077447	S2-216085222,S2-811681796,S2-394714746,S2-631105262
S1-183430159	S2-849197001,S3-956308354,S3-44165883
S1-918581728	S3-882779110,S2-657186978
S1-396374806	
S1-635467248	
S1-480247348	S2-239250890,S3-988742643
S1-489672812	
S1-680393692	S3-795264739,S3-433956880,S3-367692104,S3-514437839
S1-239678367	S2-346172643,S2-492387562,S3-120565527
S1-835757319	S2-25549868
S1-793889631	S2-381941148,S2-738158017,S2-393464728,S3-870070733
S1-581724691	S2-992805966,S2-356667539,S2-103358411,S3-326681482
S1-348735717	
S1-80156810	S2-204097939,S3-751478613,S3-393004337
S1-786884255	
S1-575291473	
S1-816812673	
S1-433639282	S3-320772063,S3-351224759,S3-240357058
S1-381591639	S3-389212121
S1-479969318	S2-171141072,S2-587464042,S3-306329347,S3-813454333
S1-117854003	S2-86543357,S3-410151694,S2-936360378,S3-942030288
S1-622914498	
S1-594894227	
S1-238897741	
S1-583213319	S3-35863155,S3-88232867,S2-566434020,S2-531328013
S1-236292945	S2-644266100,S3-196901945,S2-695277193,S2-358389123
S1-293567249	
S1-986941006	S2-552124544,S2-407867049,S3-715830707
S1-420969315	S2-985778171,S3-209225402,S2-416820615
S1-76104625	S3-841323461,S3-843448303,S3-805170943,S3-151162783
S1-489410250	S3-537343634,S3-730990231,S3-121110242,S2-941509233
S1-845101121	S2-642219175,S3-393501205
S1-745126312	
S1-296138031	
S1-583616750	
S1-406160911	
S1-828132697	
S1-879469822	S2-189337451,S2-362311982,S3-412224744
S1-278510980	
S1-444059631	S3-652299954,S2-293818900
S1-815684403	
S1-98106681	S2-181462996,S2-975338894,S3-696715520
S1-489531894	
S1-208918727	S3-108691309,S2-621361248
S1-210592802	
S1-102834337	S3-540957844,S3-673353102,S2-28997382,S3-382578132
S1-685754336	S2-23493945,S3-975824335,S2-444979347
S1-279139618	S2-515888999,S3-751073317,S3-714813496,S3-686733188
S1-141515710	
S1-858743659	
S1-424958592	
S1-953940475	S2-28348730,S2-186542089,S3-431429855,S3-690477700
S1-286742242	
S1-831029286	
S1-715273955	S2-199099330,S3-41331239
S1-723913425	
S1-728761916	S2-980753770
S1-140138353	
S1-696275129	S2-555931603,S2-74010358,S2-516146874,S3-83666337
S1-949224390	S3-207443970,S2-60864147,S3-664562165,S2-392513993
S1-471501780	
S1-965797113	
S1-542605709	S2-25653103,S2-195964722,S3-551119472
S1-821837477	S3-985193860,S2-942404206
S1-886428860	S2-627409554,S3-628056659
S1-821478272	S2-565776806,S2-533456847,S3-393449769
S1-709587644	S2-236656535,S2-924561371,S3-558811153,S3-384638534
S1-451276902	S3-554799232,S3-141199732,S3-679996501
S1-301966937	
S1-351226176	S3-644567919,S2-477540214,S2-441035033
S1-815044497	S2-8429006,S3-906572447,S2-413378590
S1-493411492	S2-132219000
S1-968356571	
S1-133504551	S2-627791419,S3-657380430,S3-393147708
S1-719197232	S2-620741369,S3-68398030,S3-70513195
S1-49135801	
S1-159901022	
S1-868863934	S3-39773912,S3-992348063,S3-630639957,S3-698800227
S1-745589368	S3-242419788
S1-165267640	
S1-563863550	
S1-968039940	S3-294650340,S2-671270415
S1-426663646	
S1-40913847	S2-564343295,S3-158353753
S1-979202305	S3-599178676,S2-959248080,S2-937946188,S3-864578318
S1-581343484	
S1-348544550	
S1-27012857	S3-42294159,S3-826871458,S3-976078881,S2-676826189
S1-250888681	S3-875154070,S2-502115809
S1-760821096	S3-409731070
S1-288687205	
S1-944773571	
S1-558925202	
S1-606364093	S2-234662656,S3-76494417
S1-621586604	S2-499783761
S1-44098546	
S1-191658467	
S1-764175608	S3-748568303,S3-630081526,S2-90761293,S2-715752199
S1-764604471	S2-3303463,S3-300554529,S3-296776373
S1-468130474	S3-212116741,S2-880579672,S2-773596849
S1-490033805	S3-681760280,S2-402641211,S3-593706303,S3-565500379
S1-782741424	
S1-487428205	S2-847531541,S2-930079751,S2-736256414,S3-237542176
S1-747092146	
S1-732585268	
S1-841893021	
S1-345677659	
S1-900282423	
S1-662717012	
S1-316625669	
S1-876270271	S3-183520560,S2-363725891
S1-931697353	
S1-69348212	
S1-921325177	
S1-744696113	S3-583785186,S2-128690690,S2-754860357
S1-364995659	S2-457421876,S3-187243264
S1-402090270	S3-995035697,S2-879400122,S2-388060363,S2-606836870
S1-131990468	
S1-930712914	S2-564829247,S2-422270613,S2-304734960,S2-161861698
S1-140786917	
S1-924529178	
S1-243678917	S3-93369342,S2-48928621,S2-600018979
S1-702711635	S3-59257844
S1-349428242	S3-69832355
S1-105066494	S3-474855525,S2-654433438,S2-6947399
S1-704447529	S2-754320622
S1-833722388	
S1-114678614	
S1-480411307	
S1-706278920	
S1-389264169	
S1-338071927	
S1-747835930	S3-142760309,S3-777722319,S3-380180678,S2-593883453
S1-29738126	S3-950979748,S3-542749349,S2-34950797
S1-97523329	S2-815187751,S2-345655616,S3-859667043,S3-256826703
S1-766877300	
S1-138508927	
S1-278724495	S3-163817697,S2-938228563,S3-637156725,S3-577625299
S1-545484120	S2-363007889,S3-490667338,S3-603836766,S3-538199075
S1-564883575	S3-510755796,S3-956096525,S3-778797534,S2-656570017
S1-532639520	
S1-503659971	S2-632617777,S2-554455116,S2-633489796
S1-614356237	
S1-511356516	S3-567294776,S2-210754698
S1-923111316	
S1-630040345	S3-517150681,S3-914783337,S3-717218685,S2-866129541
S1-231656983	
S1-582180413	S2-209358015,S3-738263257,S2-558884990
S1-700626551	
S1-265884188	
S1-5539917	S3-163942126,S2-34354030,S3-36252833,S3-515300608
S1-991477868	S3-829132435,S2-74039722
S1-413192863	S2-906620930,S2-986016162,S3-872782650,S3-248243051
S1-754501936	
S1-977804159	S3-312283813,S3-217519435,S2-667323728,S2-844577369
S1-508183411	
S1-653435291	S3-125557134,S3-981291791,S3-810677715,S2-616347778
S1-757344714	
S1-154357188	
S1-427163009	
S1-462717177	S2-344408624,S2-216002647,S3-400792684
S1-765887999	
S1-969521484	S2-925311403,S3-536084424,S2-989671009
S1-688227717	S2-834747796,S3-95773439,S2-941091005
S1-790564930	
S1-428354958	
S1-744065072	S2-664419923,S3-892915353,S3-272843332
S1-601091604	
S1-24644941	
S1-535122595	
S1-17803559	S2-4246776,S2-302860641
S1-512713826	
S1-4399875	
S1-605644358	S2-150024274,S3-8321157,S3-421832098
S1-124027494	S3-677560978,S3-929284126,S2-828773468
S1-456752674	S2-223554860,S2-239280295,S2-18997977,S3-964065650
S1-298137402	
S1-547317371	
S1-263801757	S2-797866880,S2-826800241
S1-838950793	
S1-103601746	
S1-503784098	S3-247595308
S1-174078298	S2-658679491,S2-655262070,S2-156627424
S1-629885621	
S1-148144526	
S1-585450073	S2-718121518,S2-886120850,S2-49892234,S2-461884967
S1-779153967	
S1-443039187	
S1-360220456	
S1-64524359	
S1-443452580	
S1-752857071	
S1-546319154	
S1-444787807	S2-341809335,S3-205164784
S1-674643735	S2-707715465
S1-314371970	
S1-663191031	S3-224916352,S3-633677575,S2-744887330,S3-31051463
S1-913484035	
S1-329407313	
S1-582158694	
S1-614114367	
S1-219964461	S2-77073936,S3-79467326,S2-510863541,S3-404727321
S1-321992558	
S1-906819940	S3-396988437,S2-780200634
S1-16144087	
S1-540278294	S2-706308456,S2-300640043,S3-941374609
S1-548099301	
S1-594472244	
S1-524285911	
S1-78725426	
S1-240656005	S2-85722224,S2-178763664
S1-877740791	S2-5219995,S2-311782006,S3-558517424
S1-780928627	S3-704438261,S3-685837865,S3-331534393,S2-337009436
S1-135476286	S3-597738096
S1-547096546	S2-497605216
S1-226851304	S3-41739977,S3-830026956,S2-198700532,S3-969197698
S1-211049452	
S1-718937008	S2-335851504,S2-61225178,S3-75701255,S2-459094442
S1-117606777	
S1-659161970	
S1-100237252	
S1-283954450	
S1-894774138	S2-341400189,S2-256377982,S2-471629810,S2-124642649
S1-202803479	S3-919270123,S2-91544941,S2-15884734,S2-820059401
S1-131487371	S3-548724394
S1-944357244	S3-625344951,S3-777101715,S2-609409019,S2-552757261
S1-750072703	S3-641612177,S3-397911984,S2-272264304,S3-392979043
S1-567621242	
S1-926460321	
S1-63836942	S2-484546655,S3-966606470,S3-966953665,S3-313351662
S1-437108561	S2-716841938,S2-142457484,S3-499286027
S1-260153731	
S1-755206803	
S1-647173388	S2-656245022,S3-921712960
S1-1562488	S2-873670685,S2-608666188,S3-424228550
S1-139605881	S3-893336695,S3-420914070
S1-63108787	S2-346414477,S3-374526098,S3-382700988,S3-725124269
S1-676358673	S3-658036515,S2-241752450,S3-92166836
S1-375421251	
S1-851653525	
S1-841878821	S2-606125590,S3-363156923,S3-309334723
S1-662688511	S3-606401818,S2-981838092
S1-36058795	
S1-671451089	S3-742974297,S3-913511583
S1-368382720	S2-442730365
S1-236778415	S3-8928167
S1-661484318	S2-441861415,S3-820986685,S2-37573841
S1-571865479	S2-647176935,S2-354026483,S3-117018539,S3-381352240
S1-941817932	
S1-390592861	S3-334049848,S2-64970339,S3-672494430,S2-708907410
S1-998805160	
S1-949042590	
S1-818997262	
S1-167260164	S3-54255679,S2-923413986
S1-274315048	
S1-671947545	S3-127693359,S3-430755355,S2-671550688
S1-764284213	S3-485394655
S1-787608619	S3-261087645,S3-951281481,S3-356680440
S1-219293773	S2-616096599,S3-61731242
S1-830469598	S2-649558137,S2-384157921,S2-642956127
S1-582736530	S3-408176149
S1-72382778	S3-971624988,S3-624447838
S1-716992712	S2-603306339,S3-991155104
S1-238060131	S3-625814114,S2-79986659,S2-495635994,S2-145363215
S1-539612183	S3-880260882,S2-327317588,S3-613204692,S3-276832352
S1-188613877	S3-317680401,S2-775639996,S3-906410921
S1-557433265	
S1-950077206	S2-647217140
S1-421458711	
S1-99752693	S2-576146417,S2-277031708,S3-836264164,S3-741132516
S1-385032304	S2-627888049,S3-205163405
S1-177708521	
S1-996167218	S3-35478601,S2-846555065,S2-367637205,S2-177802024
S1-243287963	S2-510425840
S1-337310066	S3-879911164,S2-507793453,S2-343393285,S3-905626914
S1-750883198	
S1-646499345	S2-52661353
S1-53262545	
S1-116668352	S2-100548945,S2-461439796,S2-583058520,S3-593497680
S1-514506478	S2-404050135,S3-594871446,S3-765192499
S1-391589615	S2-228248448,S3-608485657,S3-944595779
S1-297615948	S3-720975854,S3-772041911,S2-800292575,S2-383350523
S1-871217694	S2-844262612,S2-262688010,S3-261475271,S3-57650889
S1-529245241	
S1-299092975	S3-846183357,S3-51564089,S2-884468464,S2-274052155
S1-596303238	S2-995893086,S3-63347854,S3-855094728,S3-217787869
S1-31105319	S2-617240400
S1-770384061	S2-515688171,S3-313197501
S1-820649363	
S1-209262878	
S1-873459911	
S1-741605777	S2-474703828,S3-553453794,S2-899589410,S3-205048216
S1-831453019	S3-865079041,S2-291174809
S1-233851919	S3-703990577,S2-6962622
S1-164920474	
S1-757922151	S2-316388181,S2-997071046,S3-947015018
S1-962067090	S3-102704915,S3-659535466,S2-720715185,S2-297525005
S1-973044253	S3-890047489,S3-27893410,S3-863196172
S1-937539379	
S1-661004892	
S1-841626382	
S1-305723728	
S1-251522945	S2-403018253,S3-946494546,S3-529196022
S1-790633654	S3-970833275,S3-782618131,S2-483691767,S3-198355636
S1-984834627	S2-936496163,S3-724044322
S1-193336320	S3-538042803,S3-830253181,S2-792822572,S2-743048646
S1-782999738	
S1-389798471	S2-904225091
S1-507518577	S2-521437262,S2-823371768,S3-508176459,S2-676069743
S1-847197371	S3-672557192,S3-865083297,S2-909251939
S1-532941346	S2-638698444,S2-425941025,S3-161700010
S1-297240529	
S1-691523739	S2-133564848,S3-685939671,S3-537558508,S2-425181617
S1-115469138	
S1-514998973	S3-386100458
S1-219064736	S3-432654109,S2-154420433,S2-69140713,S3-432182249
S1-815702502	S3-487989337,S2-902509013,S2-627138559
S1-357234767	
S1-624574995	S2-786450415,S3-972733301
S1-211146303	S2-995291601,S2-859245012,S3-804795191
S1-657818540	S2-103928291,S3-908716618,S3-527271270,S3-346768168
S1-201053590	S3-701333862
S1-534254567	S2-642279298,S3-679569257
S1-862973291	S3-439612513,S3-659612376,S2-740598837
S1-615138177	S3-667524399,S2-583337925,S2-23558984,S3-474839958
S1-417297652	S3-426820737,S2-608808745,S2-945321106,S3-369708050
S1-271056064	
S1-818121861	S3-60052192,S3-638754473
S1-895188842	
S1-963775118	S2-575789722,S3-837371344,S3-332731653
S1-543800487	S2-658582600,S2-617560751,S2-271550213,S3-345143670
S1-640507102	S2-196991877,S3-701075545,S3-526107124
S1-381542143	S2-366530083,S3-750389788,S2-287912294,S2-251620414
S1-875340296	S2-791252409,S3-397385219,S2-557397534
S1-352478238	S3-81376427
S1-80110694	
S1-632635973	
S1-845414358	
S1-266076394	
S1-737536933	S3-55721367,S2-264031895,S3-166647643
S1-139234084	
S1-977758651	
S1-75856678	
S1-773696740	S3-482314492
S1-397701265	S2-662089375,S3-192739011,S3-20832356,S3-300417028
S1-844966202	S2-316896981,S2-395568290,S3-999650057
S1-134756462	S2-473895165,S2-168621908,S2-456352938,S3-263720742
S1-200151266	
S1-106070692	
S1-654143520	S2-256226912,S3-634823006,S3-920867007
S1-648705334	S3-805088122,S3-878977107,S2-527190485
S1-705562275	
S1-166819656	S3-824633364,S3-186463196
S1-533617500	S2-593696939,S2-341915024,S2-184264279,S3-556334717
S1-172690457	S3-961882272,S3-999339684,S2-146694232,S3-357187571
S1-656576533	S3-649223264,S3-408453633,S2-866122098,S2-155199333
S1-486910269	S3-55802485,S3-362394955,S3-484590025,S2-974670549
S1-27608422	S3-24301078,S2-801835220,S2-155032242,S3-737583654
S1-111645893	S2-912127073,S3-546841973,S3-414380994
S1-204885410	
S1-127722236	S2-74868096,S2-776077010,S3-128842792
S1-135950212	S2-809344807,S2-826424741,S2-420618414
S1-831546152	
S1-864327490	S2-93454132,S3-732506918,S3-929272899,S3-372587292
S1-531233274	S2-236414355,S3-801388560,S3-974174075
S1-816893719	
S1-451746172	S2-44264322,S3-10693923
S1-236241107	
S1-561429745	
S1-496714168	
S1-382352899	S2-892372751
S1-296422967	S2-437126754,S2-241570244,S3-783395574
S1-667835583	S2-598641621,S2-317829359,S3-822328982,S3-310056974
S1-248776267	S3-974873387
S1-813243648	S3-963902919,S2-409790279,S2-961249775,S3-801283032
S1-939801525	S2-729793072,S2-2076293,S3-839273484,S2-262503762
S1-332376307	S3-205898929,S3-782303247
S1-599063071	
S1-50724789	S2-918714948,S3-222643986,S2-937115655,S3-918561804
S1-898211605	S3-41201797,S3-873979119
S1-424239491	S2-506829976,S3-807293251,S2-963129601,S2-45947355
S1-221003621	
S1-469363068	S2-902221828,S2-850454292,S2-767004559
S1-577760215	
S1-92466876	
S1-999297156	S3-749236272
S1-637358327	
S1-286154490	
S1-672660017	S2-995920245,S3-918562051,S3-907740340,S2-368672490
S1-79074797	
S1-36042088	
S1-591211618	
S1-490762047	
S1-816488665	S3-604322323,S2-593158413,S2-225548,S2-154738528
S1-723348780	S2-218751829,S3-607332849,S2-494549732,S2-370420091
S1-808662371	
S1-545295018	
S1-83376849	S2-962882274,S3-767874972
S1-100872884	S3-970547167,S3-237453127,S2-41481503,S2-981505082
S1-393166224	S2-590584428,S3-533214904,S3-573400452,S3-967630038
S1-722978450	S3-579935269
S1-871981062	S2-250020560,S3-606062347,S3-412762169,S2-149257760
S1-535972042	S2-518345991,S2-589156564,S3-565920581,S3-915051357
S1-848288229	S3-903057999,S3-287368674,S2-146475778,S2-707289593
S1-333583109	S2-694319528,S3-540292841
S1-220091294	
S1-803923249	
S1-716420492	S2-298248779,S3-442664853,S3-170392764,S2-481934029
S1-302387683	S3-266013742
S1-759663993	S2-233781096,S2-305076580
S1-952772634	
S1-235087161	
S1-852012540	S3-230470870,S3-428447061,S2-531855257,S2-85717399
S1-259220314	S2-869055651
S1-619940939	S2-141381484,S2-940930937,S2-638765552,S3-742607311
S1-942646713	
S1-274524343	S2-868547055,S2-888192612,S2-396063912,S2-492237416
S1-369335844	S2-704552727,S2-507629098,S2-518199318,S3-754701000
S1-717566698	S2-942076374,S2-114566659
S1-592361094	S3-82796998,S3-871338696,S3-32115998,S3-459255837
S1-493885142	S2-496435898,S3-171757688
S1-845833758	S3-952502036,S3-792921324
S1-733970759	S2-549727916
S1-745570543	S2-829371205,S2-54169530,S2-313648107,S3-81841851
S1-163842153	S3-188215079
S1-454038699	
S1-461739450	S3-558917437
S1-599504042	S3-971018732
S1-506921319	S3-772944467,S2-871972375,S3-378771740,S2-897170304
S1-667531907	S3-73657641,S3-730676219,S3-350468117,S2-614271270
S1-159490434	S3-480318915
S1-976900527	S3-698780074,S3-176900642,S2-516853253,S2-480140043
S1-403497056	S2-561092835,S3-48359248,S3-183374290,S3-627472756
S1-376691722	S3-412788812,S3-550401588,S2-636846899,S2-311901948
S1-811096505	
S1-255933508	S2-714755402,S3-573294027,S3-789481629
S1-487935019	S3-756120780,S2-543917437
S1-333137828	S2-374934981,S2-823420157
S1-779016607	S3-526700244,S3-469839724
S1-278606048	
S1-9382657	S3-520636601,S2-167152887
S1-875961105	
S1-802628627	
S1-346389697	
S1-58390716	S3-730101659,S2-87863193
S1-145531140	S2-256174747,S3-61238981
S1-960775980	S3-871794946,S3-4785996,S3-222209829,S3-155565612
S1-986297832	
S1-213630478	
S1-493282821	S2-471529619,S3-956277406
S1-455359236	S3-362152775,S2-900737997,S2-856806208,S3-555526085
S1-615505410	S3-194595158
S1-211194647	
S1-430331165	
S1-534127726	S3-641555172,S2-370118675,S2-805913285,S2-62274523
S1-802960220	
S1-716665310	
S1-525203305	S2-215679867,S3-618249761,S2-964174080
S1-854929770	S3-235095182,S2-49866146,S2-169145642
S1-298905651	S3-434431856,S3-436818888,S3-100629124
S1-633475882	
S1-558192957	
S1-82046833	S2-928324049,S3-230212203
S1-773609024	S3-994174649,S2-796484605
S1-82780324	
S1-376460281	S2-201971241,S3-46061439,S3-482255864,S2-643334771
S1-12100643	
S1-460970581	S3-564160420,S3-647324069,S2-905860697
S1-217452158	S3-526392896
S1-875180491	S3-56123980,S2-33752371,S3-869998354,S3-525637305
S1-895460317	S3-52774044,S3-891229824,S2-884972730,S2-132178353
S1-867614761	
S1-976372958	
S1-269986907	S2-857263671,S3-51728020,S2-194855352
S1-102071598	
S1-100517908	
S1-425014441	S3-15523719
S1-257038124	S2-136249020,S3-567493844,S3-380906916,S2-465712817
S1-693957507	
S1-841892817	S3-558836015,S2-591825552
S1-294598422	
S1-424901025	
S1-440512706	
S1-849964891	S3-843029491,S2-334433806,S3-918286572,S2-909071564
S1-719711388	S2-21235428
S1-433260998	S3-889118916,S3-636379884,S3-472079813,S2-346834770
S1-308342594	
S1-761951343	S3-100030075,S2-760664054,S2-688665543
S1-789483210	S3-854608632,S3-317252095,S2-600632363,S2-51499605
S1-233800174	S2-601318621,S3-514822819
S1-876292725	S2-271129110,S3-879086871,S3-375409219,S3-611919562
S1-508557176	
S1-959727563	
S1-103549237	S3-272339111
S1-553444134	
S1-98978843	S3-270455044
S1-866433399	S2-182451111
S1-670487617	S3-123298807,S2-806103841,S2-138790946,S3-949808042
S1-322763865	S3-98869987,S3-894282608,S2-330067790
S1-168102172	S3-500497993,S3-133019341,S3-761462500
S1-348771764	
S1-710891710	S3-955931233
S1-495287088	
S1-556813552	S3-689089993,S3-201804580,S2-267659632,S3-66554750
S1-361261947	S2-359381788,S3-467401520,S3-400071510,S3-281883818
S1-719914380	
S1-617215692	S2-898770879,S2-468119636,S2-851743403,S2-216369713
S1-823146811	S2-434787606,S3-261289524,S2-859603171,S2-181877773
S1-616726678	S3-855545174
S1-60895704	S3-307765211,S3-243735156
S1-265989502	S3-681083959,S3-663890909,S3-610382756,S3-913527947
S1-889488763	
S1-994963223	
S1-335008402	
S1-932297664	S3-550871951,S3-857471671,S2-256979523,S3-486765537
S1-796166004	S3-178243249,S3-218684099,S3-961919675,S2-458652037
S1-776451908	S3-603589964,S2-324235429,S3-527419214,S2-968231569
S1-894174054	
S1-136374250	S3-157272601,S3-114586924,S3-109450321,S2-482815276
S1-926826529	S3-199636031,S2-215319840,S3-766426822,S2-182061909
S1-717391061	
S1-591799827	
S1-10649639	S2-992370555
S1-367917152	
S1-956410967	
S1-657469426	
S1-912593281	
S1-138755904	S3-993858983,S3-557625184,S3-17755250,S2-830461016
S1-874571288	
S1-632228502	S3-809719382,S2-471677718,S2-776724157
S1-838492921	
S1-982519626	
S1-875814988	
S1-645470968	S2-916165547,S2-745939801,S2-917998474,S2-39582992
S1-958936399	
S1-289970594	
S1-215989493	S3-116520314,S2-823114248,S2-250123775,S3-431451219
S1-492871877	S3-400193656,S3-204960750,S2-416455535
S1-649613558	S2-528165162,S3-533424214,S3-479073871
S1-374758017	
S1-295948680	
S1-124996653	
S1-42988991	S3-537977514
S1-849721294	S3-578357766
S1-387526528	
S1-659363849	
S1-14185860	S3-13440328
S1-566671777	
S1-158530760	
S1-787021471	S3-475122509,S3-28236171
S1-181179518	S2-636714293,S2-582007481
S1-236192712	
S1-792918733	S2-207365253,S3-651752213,S2-261208751
S1-383379348	S3-38312776,S2-264175953,S3-889560314
S1-382984430	S3-490066014,S2-308948540,S2-111758921,S3-534366091
S1-365559851	S2-373319124,S2-922104585
S1-904891359	S3-27666281,S3-380787114,S2-830218238,S3-131510979
S1-284204226	
S1-771864022	
S1-437341375	
S1-217890489	
S1-45255466	
S1-850829820	S3-361090298,S2-533765716,S2-34288934,S2-31812420
S1-900828337	S3-468203317,S2-540549872
S1-957859849	
S1-630490712	S3-252838709,S3-714013853,S2-17320158,S2-202874588
S1-575195378	
S1-932600375	S3-947706747,S3-347115141,S3-889689798,S2-464982975
S1-375063362	
S1-502811957	
S1-59351014	
S1-24083785	S3-797929668,S3-705260301,S2-451977949,S2-356484250
S1-282503170	
S1-133737719	S2-796484605
S1-621252369	S2-104786839,S2-663154228,S2-561689276,S3-263796652
S1-956496241	S3-35404194,S2-631788067
S1-436045644	
S1-755546578	S3-116972524,S3-401212138
S1-322516581	S2-570623408
S1-290837023	
S1-985772883	S2-988017348,S3-424124419,S2-26725491
S1-87551625	S2-554936382,S3-917423189
S1-687766043	
S1-49339378	S3-460849146
S1-65331761	S3-940992515,S3-261499602,S2-515240118
S1-206921193	
S1-679955038	
S1-837414578	
S1-242599650	
S1-622976572	S3-494698237,S3-106543973,S2-699077044,S3-781444883
S1-498919221	S3-656665939,S3-680930994
S1-661390450	S2-415968678,S3-400821432,S3-239382118,S2-60102515
S1-959399989	
S1-633164042	
S1-750077068	S3-557081173,S3-331085040,S2-427033798,S2-460730042
S1-192162271	S3-496437533,S2-624949658
S1-954120211	S3-598510852,S2-497469582
S1-403621935	S2-906819158,S3-732526866
S1-530619216	
S1-577629503	S2-512375935,S3-890952157,S3-412223457
S1-725678134	
S1-982327720	
S1-489317073	S3-617243387
S1-489580420	S2-37780279,S3-667633334,S2-701320082,S3-964846822
S1-541754785	S3-868303321,S2-688921341
S1-691765036	S2-674794950,S3-753976677
S1-490396339	S2-973138923,S2-279455966,S2-713128959,S3-412027562
S1-255913172	
S1-837169818	S2-381358219,S3-930929497
S1-974677956	
S1-997962757	S2-966003662,S2-418805325,S2-650859775,S3-91457735
S1-667606776	S3-858385533,S2-925737240,S3-703621913
S1-572728052	
S1-428945301	
S1-520153445	S3-674659110,S2-657450489,S3-826471632
S1-884227130	
S1-419625791	
S1-351037083	S3-614825630,S3-501405239,S3-129011911,S3-272470808
S1-790430971	S3-373714390,S3-159302957
S1-59300418	
S1-890934765	
S1-90412868	
S1-684584800	
S1-131340877	
S1-965837918	S3-760413894,S2-46696783
S1-281921531	
S1-387138533	S2-369372911,S2-377009323,S2-746425340
S1-604977009	S2-623633077,S2-13479175,S3-303641565
S1-476889981	
S1-865560335	S3-143926306,S2-523124226,S2-25404805,S2-135435023
S1-60875501	S2-624776522,S3-169566010,S3-167451109,S3-451041028
S1-522103230	S3-165218962,S3-311958681,S2-675839271
S1-6453332	S2-597158912,S3-68893449,S3-394454210,S3-265798308
S1-827986456	S3-958944302,S3-361295799,S2-618526119,S3-763432472
S1-437552553	S2-924713500,S2-282549062
S1-985260055	
S1-758278748	
S1-929340485	S2-312388563,S2-583856927,S3-817604799,S3-2035680
S1-897189951	
S1-854235343	
S1-662601526	S3-321650492,S2-259948836
S1-713620295	S2-208714587,S2-926068396,S3-874163514
S1-841087804	S2-506147238,S2-150650666
S1-523550668	S2-33792911,S3-97867334,S3-89922675
S1-290768930	S3-857327798,S3-845261845,S2-813541471
S1-550818836	
S1-587144744	S2-775197773,S3-774376810
S1-322460356	S2-994512628,S2-366247122,S2-719096317,S2-22865864
S1-302043044	
S1-370007476	S3-39956331,S3-608037070
S1-57941132	
S1-579830448	S2-682842937
S1-543651489	S2-556392931,S2-29035574,S2-737006463,S2-122071733
S1-861175126	
S1-342612774	S2-631905938,S3-950952241
S1-520582049	
S1-84784435	
S1-765576532	S2-867538412,S2-363066637,S3-304754731,S3-91214426
S1-103135844	S3-739144549,S3-728591573
S1-175484240	
S1-196010861	S2-841069888
S1-230559638	
S1-414764112	S3-823650322,S3-682770496,S2-706515137,S2-708838742
S1-738727483	
S1-166278119	
S1-325787503	S2-888132125,S3-30100001,S3-428910484
S1-21615208	
S1-431730802	S3-919727260,S2-850735624
S1-269147381	S3-556693672,S2-214246187
S1-485579955	S3-388124274,S2-560697519,S3-290355133
S1-323474241	
S1-493136790	
S1-449340525	S3-401042106,S2-214512389,S2-60900512,S3-992566508
S1-500773739	S3-396530894,S2-506532627,S3-893814196
S1-825781372	S2-79178407,S2-127065152,S2-618062117,S2-211899103
S1-542282953	S3-358093503,S2-358331996
S1-800644810	
S1-190133982	S2-523219173
S1-791897024	S2-357801753,S2-186466838
S1-578889254	
S1-442633683	
S1-500190384	
S1-262117856	S2-314229146,S2-122142099
S1-221968706	S3-751901794,S2-274106477
S1-139782630	S2-582749777
S1-570488290	S2-954607847,S2-363731040,S3-22440227
S1-523071363	S3-324805724,S3-948859664
S1-846852838	S3-765467310
S1-791291991	S2-113045553,S3-322305058
S1-94027215	
S1-344599098	
S1-788932497	
S1-804834645	
S1-844814422	S3-780109934,S2-689259882,S2-449282881,S2-408034589
S1-628503323	
S1-788221271	S2-329816130,S3-894268571
S1-722822744	
S1-453444943	S3-145521314,S2-704164468,S2-650659356,S2-532821767
S1-718921714	S2-848558570,S3-929222780
S1-811165989	
S1-629357692	
S1-954656747	S3-882988084
S1-212866224	
S1-471834433	
S1-73979574	S2-666515279,S2-575389223,S3-128600558
S1-346061634	S2-396389036,S3-123767063,S3-165937615,S3-724334468
S1-6661498	S2-675623504,S3-565899326
S1-311149134	
S1-189935382	S2-143655245,S2-111303706,S3-791412255,S3-218014484
S1-471961325	S3-950147476,S3-178310259
S1-812623927	
S1-742979616	
S1-992074812	S2-971510235
S1-582545118	S2-727485766,S2-125059145,S2-22416745,S3-885853736
S1-225183773	S3-764465235
S1-224052378	S3-983836045,S2-265170272,S3-480809337
S1-182187501	S3-603987517,S3-542684723,S2-3272963
S1-946665205	
S1-785670170	
S1-800917603	S3-876283573,S2-424643958
S1-630491921	
S1-837533083	S2-856949574,S3-860524901,S3-334623127,S3-855427481
S1-442064188	S2-566909265,S3-600874026,S3-447233727
S1-807264590	S3-76045237,S3-58584651
S1-714753220	
S1-820223020	S3-622632237,S3-447840678,S3-217851186,S2-977363255
S1-3671218	S2-318347573,S3-994364081,S3-634298026
S1-166988668	S2-819374724,S3-888931867,S3-41063910,S3-19290349
S1-594934321	
S1-119979	
S1-329667895	S2-516602807,S3-114843433
S1-118112214	
S1-979590118	
S1-526741767	S3-867966741
S1-199010460	
S1-692086503	
S1-835222454	
S1-563327219	S2-413947630,S2-384311198,S3-544354078,S2-113559348
S1-529539485	S2-614424575,S3-395906457,S2-605912199,S3-708604506
S1-632962511	
S1-611330575	S3-74531904,S2-919074123,S2-925665298
S1-38473763	S3-890180935,S2-872267998,S3-31643848,S3-559673817
S1-865177426	S3-202239621,S2-540639725
S1-360889392	
S1-29984921	
S1-218655864	S3-934665156,S3-354275509,S3-443906291,S3-95632945
S1-934136398	S2-884841494,S2-385186768,S3-516611240,S2-718429204
S1-859160791	
S1-377622716	S3-308932193,S3-270782069,S3-942273733,S2-819496440
S1-439043878	S3-386607772,S2-533392548
S1-58370286	S2-539462525,S2-917975239,S3-794956011,S2-365813108
S1-528882795	S2-471153268,S2-43559999,S3-524779584
S1-32532580	
S1-843563988	S2-788767323
S1-533453593	
S1-764744740	
S1-379661798	
S1-102055538	
S1-905549334	S2-392477951
S1-878867489	
S1-3844356	S3-744925548,S3-375435952,S2-185397754
S1-445011491	S2-946843777,S2-904467330,S3-112912866,S2-31322851
S1-509749288	S2-117906251,S3-884525112,S3-181644565,S2-919467203
S1-22659449	
S1-553271222	
S1-598658348	
S1-801512166	
S1-869787985	S2-112574973,S3-142388555,S2-236220587,S2-182524295
S1-675026179	S3-833937872,S2-837508672,S3-739027617
S1-339627899	
S1-57718785	S3-611901921,S3-778627228,S2-470708272,S2-990329007
S1-481968946	S2-325487139,S2-695442982,S3-600171965
S1-687949193	S3-539284877,S3-412588192
S1-164106552	S3-76652720,S3-334572905
S1-894017838	
S1-640758213	
S1-60119912	S3-654696894,S3-904316786,S2-905837460
S1-207706421	S3-18028137,S2-806447610,S3-40734833
S1-237367841	S2-389769022,S2-80448810,S3-132625270,S2-833253505
S1-477327153	S3-281139446,S3-937821203
S1-781971679	S2-549599505,S3-879283219,S3-650961944,S3-779441452
S1-635614523	
S1-823262993	
S1-934300024	
S1-298468766	
S1-446410053	S3-342666617
S1-737084716	S2-554745270,S3-401613344,S3-240400655,S2-20752286
S1-27408432	
S1-483560778	S2-66647503,S3-624396609,S3-522866891
S1-972010348	S3-987762295,S2-640900223
S1-22092550	S2-936249726,S3-463885462,S3-463915555,S2-892595163
S1-306229307	
S1-733714685	S2-169762083,S3-760709135
S1-505462739	S3-93416350,S2-11405021,S3-199502822,S2-17288970
S1-923492477	
S1-774289884	
S1-594045368	S2-892888046,S3-274415894
S1-655006764	S2-913472995,S2-749795165
S1-128221082	S2-495288240,S3-212430504
S1-609787513	S3-658427022,S2-10184965
S1-278288114	S2-162420483,S3-127388417
S1-260161052	
S1-686845845	
S1-339841331	
S1-480760191	S2-597510114,S2-440059221,S3-520154044,S3-707673430
S1-29400447	S3-20411716,S2-871452582,S2-521619615,S2-324408247
S1-288068112	S3-609221491,S2-454675384,S2-7004744,S2-419120297
S1-490894368	S3-753232921,S3-333597859,S2-164222624
S1-415352942	
S1-34069703	S2-770332645
S1-897601320	S2-390403306,S3-180962533,S3-311361815
S1-866405636	S3-133154644,S3-132066770,S2-28819226,S2-878626622
S1-635280037	S2-983253740,S2-380729857
S1-243178390	S2-522600903,S3-611764807,S2-701045319,S2-101777805
S1-315217439	
S1-403496663	
S1-360006382	
S1-933481788	
S1-622725090	S2-919424660,S2-872941437,S3-108689450
S1-607755070	S3-659274354,S2-603337572,S2-187064764,S2-79206072
S1-435516467	S2-18185067
S1-978128409	
S1-583492309	S3-716179411,S3-754666590,S2-269184527,S3-28589262
S1-692752554	
S1-881678523	
S1-400262297	S3-451354728,S2-591685939
S1-987174747	S3-968690309,S2-276746257,S2-420549024
S1-144331792	
S1-992529031	S2-651688717,S2-808157067,S2-217383059
S1-966188978	S3-682326538,S3-201506407,S3-116804529
S1-9013427	
S1-41211124	S3-176157101
S1-191701535	
S1-45403462	S3-648852619,S3-537197630
S1-216493173	S3-232747495,S2-426012493,S3-945301122
S1-818394625	
S1-795980951	S2-770967219,S2-72869879,S2-42421663,S2-364072748
S1-450670157	S2-742157742,S3-985350718
S1-950939168	S3-32251888,S3-710713722
S1-782579772	S2-898832036,S3-397549666,S2-24721179
S1-130199663	S3-491911027,S2-979118178,S2-840099925,S3-92114966
S1-30089406	
S1-679443798	S2-362789391,S2-606100485,S3-596674406
S1-498943249	S3-135382225,S3-766157626
S1-414688134	S2-237308813,S2-564205209
S1-365950980	
S1-284872526	S3-353740638,S2-550578634
S1-517777569	
S1-962705003	
S1-59609827	S3-762718695,S3-405761336,S3-860445272,S3-718333195
S1-615056597	
S1-631457239	S3-800042696,S2-886342471,S2-729305295
S1-989306197	S2-697681586,S2-178851453,S2-491440924,S2-75768040
S1-160050963	S3-301253001
S1-890718353	S3-31421952,S3-50333475,S2-540584031,S3-155773146
S1-545052141	
S1-97002327	
S1-525169306	S2-742568959
S1-403050558	S2-319288018
S1-364218016	S2-793039571
S1-66422243	S2-543967913,S3-434254545,S3-881312755,S3-800665098
S1-245778179	S3-573458581,S2-306045282,S3-926244531,S3-821943579
S1-944746370	
S1-223978692	S3-924487841
S1-727665140	
S1-703492056	S3-731331385,S2-965652977,S2-24874295
S1-689935093	
S1-546808955	S2-28335512,S2-244772985,S3-518989937,S3-344331778
S1-492670902	S2-530111693,S3-375414820
S1-44755135	
S1-574856895	S2-766723102,S3-45772625
S1-763944811	
S1-787032354	
S1-549646946	S3-525707476,S2-453137374
S1-87771825	S3-233589225
S1-152462469	
S1-964330980	
S1-388594861	S2-779211035,S3-463018521
S1-581170355	S2-941127344
S1-662425102	
S1-963085064	
S1-143171636	
S1-890900028	S2-319080551,S3-213495010,S3-310106303
S1-590211042	
S1-228866685	S3-45730262
S1-541068428	S3-360994796
S1-564948274	S3-215106080,S3-877224193,S2-421168734
S1-277807607	
S1-212341866	S2-390787937,S3-3301012
S1-902462398	S2-368591476
S1-309269701	S2-138949112,S3-790733873
S1-523550796	S3-55157540,S2-735245020,S3-144368312,S3-701928431
S1-96549065	S2-165052790,S3-771554139,S3-15949359,S3-725526468
S1-9914313	S3-451015329,S3-598013662,S3-635712381,S2-39495393
S1-706924368	S3-966266902,S2-653565178,S2-376200078
S1-571848395	
S1-684215745	S3-124377482,S2-803854044,S3-386750434,S2-540933273
S1-23581356	
S1-84369858	S2-719256604,S3-574211143,S3-28558796,S2-602829136
S1-349733036	
S1-636924407	S3-299732103,S2-843476264
S1-795046399	
S1-624938667	
S1-202982235	S3-562094142,S2-887896277,S2-628444050,S3-670163426
S1-613513857	S3-87468135,S2-957537252,S2-922334434
S1-454189449	
S1-579448456	
S1-230573439	
S1-638445118	S2-648913420,S3-35839720,S2-975373616,S3-359073469
S1-613615955	
S1-123068419	S2-514620004,S2-503516899,S3-154689524
S1-674585624	
S1-426316186	S3-338349460,S3-612849560
S1-166488466	
S1-286867148	S3-853605637
S1-121910370	
S1-759244619	S3-272962590,S2-671583168
S1-920731199	
S1-8084826	
S1-141793909	S3-387003144,S3-182433689
S1-249696271	S3-102850751
S1-578453360	
S1-37702546	S3-484560045,S3-679634946,S3-632957768,S2-757426017
S1-77074646	
S1-742432241	
S1-425226179	S3-893513909,S3-430854492
S1-340956129	
S1-681186619	S2-655157243,S3-532447812,S3-255949144,S3-34237704
S1-523927959	S2-565594347,S2-110650813,S3-357626852,S3-165917964
S1-635772797	S2-803622807,S3-299557793,S3-501834827
S1-315530281	S2-64605807,S3-9833054
S1-417594630	
S1-669630997	S2-808795156,S2-218952419,S3-852784856
S1-94171132	
S1-223795377	S2-475204424,S2-705512278,S3-668321225
S1-317228221	S3-872356039,S3-549633385
S1-816222583	
S1-525477248	
S1-41795310	S2-10574067,S3-7120882,S3-420975029,S2-434096179
S1-154938987	S3-514900916,S3-990084894,S2-199633298,S2-277855037
S1-222356070	
S1-491411087	
S1-83253723	S3-829398460,S3-988038839,S2-45028098,S3-833080788
S1-4026572	
S1-218866984	
S1-343249136	S2-296181875,S3-551988508,S2-164774556
S1-412828763	
S1-315741408	
S1-486549008	S2-294515754,S2-78633497,S3-517147224
S1-992989781	
S1-836141398	S2-187830016,S2-887917003,S3-37462943
S1-280245711	
S1-188118704	S3-269290612,S3-117648699,S2-378999981,S3-287146998
S1-519832726	
S1-187831190	
S1-309836815	S2-49993285,S3-395313056,S2-789050151,S2-779244039
S1-989089558	S2-233042413,S3-366916691,S3-755658118
S1-11146381	S3-149016228,S3-206981153,S2-107932905
S1-299197635	S2-693264412,S2-810416968,S3-22093360
S1-284894770	
S1-922540579	S2-307781888,S2-287951121,S2-441806078,S3-115587054
S1-136617141	S3-938149079,S2-644522566,S3-997392084,S3-460810549
S1-307594884	S2-673657369,S2-890130347,S3-312189841,S3-834225282
S1-365590337	
S1-243809821	S3-90463175,S2-232499345
S1-913236957	S2-740308208,S2-625476404,S2-304788103,S3-614675097
S1-276357254	S2-711241967,S3-640439350,S3-893483504
S1-599339608	S2-989149622,S3-407848895,S3-319640527
S1-738968351	
S1-340258088	
S1-749632407	S3-10870535,S2-340720335
S1-47985483	
S1-215851655	S2-87752595,S2-782799535,S3-801178630,S2-748549629
S1-374558931	
S1-511430815	S3-425441143,S3-479187375
S1-853081054	S2-939378598,S3-182753490,S2-359554734,S2-986735195
S1-776864986	
S1-799720563	S3-798983077,S3-631676488,S3-896817155
S1-558505281	S2-484281626,S3-748422443,S2-534105438,S2-480701658
S1-318390808	S3-720649468
S1-858515114	S3-535467901,S3-988957579
S1-870901671	
S1-541574754	
S1-5854538	S3-763697555,S2-425967328
S1-960135732	S2-496511888,S2-205523090,S3-190500107,S2-863913163
S1-790995799	
S1-457541816	S2-29167415,S2-565289430,S3-77357538,S3-608995152
S1-651294069	
S1-707956093	
S1-32567946	S3-381206625
S1-355985739	S3-284358413,S2-11729651,S3-540592270,S3-575479225
S1-683572131	
S1-183539456	S2-54738182
S1-962562971	S3-814271017,S3-545660728
S1-534065153	S3-339944094
S1-308010925	S2-826763691,S2-963554690,S3-507669172,S3-235771992
S1-833267150	S2-726624592,S2-294657214,S3-750435471,S3-537623098
S1-456509115	S2-713538427
S1-958466893	S2-873927894,S2-474384228,S2-945196571
S1-750830492	S3-86313143,S3-801124088,S3-420240495,S3-711482437
S1-71840460	
S1-986555048	
S1-7855041	S3-702798548,S3-109153941,S2-920252461,S3-414323478
S1-718839275	S2-736097764,S3-447663543,S3-133578917
S1-495080582	
S1-583900847	
S1-236354979	
S1-472472164	S3-574000479,S2-466885860,S2-64799795
S1-45122880	S3-977269625
S1-374399540	S3-875431688,S3-487409339,S3-247866805,S2-243391836
S1-715793897	
S1-400839954	S3-236100071
S1-359635593	S3-784215613
S1-846861727	
S1-234902096	
S1-277922976	S3-65926643
S1-322876589	S2-947087571,S3-931634256
S1-617851047	S3-827358274
S1-452720497	S3-23274848,S2-858221971,S3-617024155,S2-960843172
S1-209792989	
S1-542465786	S2-756711428,S2-320249870,S3-34754507,S3-188546310
S1-246770212	
S1-550459502	S3-915894830
S1-914460000	S3-650094070,S3-406402955,S2-577845221,S3-441264577
S1-671260881	S2-794626470,S3-833579307,S3-219094281,S3-286635944
S1-417534338	S3-568748680,S2-200822241
S1-827391415	
S1-962445896	S3-205999797,S3-154483583,S3-371072092,S2-672018252
S1-361108893	
S1-432964052	
S1-138694076	S2-121718458,S3-734619482
S1-632569819	S3-643572910,S3-211508655
S1-111158424	
S1-215805734	S3-786268320,S2-32294604,S2-41813175,S3-274797199
S1-707711371	
S1-178245456	S2-735495566,S3-385520505
S1-201156953	
S1-330593321	S2-184405229,S2-713179894,S3-882541783,S3-364273035
S1-793754269	S3-871710082,S3-679205465,S2-616238606,S3-817235750
S1-913118913	
S1-544569819	S2-963704198
S1-872192753	S3-584714811,S2-584761641,S2-741163427,S3-746766252
S1-112757944	S2-285323785,S3-581416302,S3-63453431
S1-585762413	S3-852333275,S2-403073737
S1-153654584	
S1-722045581	S3-641484559,S2-441099771,S2-741740400,S3-889205655
S1-905820240	S2-934692090,S3-768370104,S3-6337312
S1-398989183	S3-553039989,S3-258990685,S2-363330566,S2-300355081
S1-535594135	
S1-727763579	S3-368455710,S3-157471802
S1-519098666	
S1-714191420	S3-951495798
S1-981778207	S3-344824638,S2-931204576
S1-463346729	S3-396330626,S2-95145942
S1-294277570	S2-366206793
S1-427775219	S3-436434688,S3-378738442,S2-312673908
S1-21555207	S3-57504471,S2-517712493
S1-976201975	
S1-420695624	
S1-202303974	S3-835442620
S1-719821582	
S1-724918804	
S1-749432727	
S1-552885000	
S1-446332128	S2-872043024,S2-596022015,S2-966157252,S3-173125282
S1-367309398	
S1-672023519	
S1-801952790	
S1-346773347	
S1-974386093	
S1-182620898	S2-700095200,S2-162582117,S3-199624276,S3-465001618
S1-726223478	
S1-359402850	S2-293727096,S3-620615876
S1-310341883	S3-907003257
S1-683743885	S2-287905694,S3-222293755
S1-849053489	S2-20161213,S3-659090859
S1-216225897	S2-900030721,S3-373919588,S3-321360860
S1-929633144	S3-996216359,S3-787906863,S3-967557641,S2-702705836
S1-578344504	
S1-306652549	
S1-901183597	S2-723124808,S2-595094499,S3-966696163,S3-217817630
S1-698569257	
S1-908020369	S2-502513169,S2-272357359,S2-51153217,S3-169123332
S1-746550439	
S1-345089995	
S1-447766297	
S1-199798768	
S1-430335711	
S1-732092359	S2-977587575,S3-224312783,S3-230230960,S3-709576790
S1-589389	S2-575356432,S3-820529267
S1-788079310	S3-648652479,S2-764087471,S2-621699044
S1-148630277	
S1-765222467	S3-854513077,S3-548196661
S1-971172077	
S1-947582965	S3-474958568,S3-122719195,S3-926100482,S3-789554153
S1-951911840	S2-678562936
S1-122215635	
S1-662836843	S2-914884248
S1-883872287	
S1-183677967	S2-960661885,S3-65658174,S2-573918993,S3-546276511
S1-4056298	S2-397912207,S3-38650265,S2-497465175
S1-235209814	S3-368875920,S2-347872878
S1-744331567	S3-980997725
S1-202283657	
S1-741733467	
S1-855376435	S3-210918126,S2-221213907
S1-656951580	S3-105235410,S3-230561257,S2-143435605
S1-523439201	
S1-407182937	S2-632941321
S1-495190339	
S1-659488558	S2-153610172,S2-611056610,S2-734259037,S3-665817286
S1-748105363	
S1-584383682	
S1-750707169	
S1-28252923	S3-815376331,S2-176863654,S2-981757427
S1-479053141	S2-1358949,S2-914938495,S2-563099768
S1-10302786	
S1-358031641	
S1-469730952	S2-152328691,S3-264842918,S3-77108041,S3-539402343
S1-704870256	S3-906847498,S2-855447698
S1-776224996	S3-348561972,S3-336343347,S2-888535221
S1-546208520	
S1-381798888	
S1-949135237	
S1-580586854	S2-13071976
S1-540848947	S2-661994330,S3-129294098,S3-746137018,S2-964030335
S1-350342803	S3-533009936,S2-256686906,S2-176472471,S3-679145619
S1-290146877	
S1-381713495	S2-153986460
S1-857531866	S3-463199547,S3-414718010
S1-72244955	S3-152809140,S3-295681966,S2-377802959,S2-950058222
S1-951917122	S3-808245034
S1-426536813	S3-790169975,S3-771781661
S1-339739184	S2-507609770,S3-96800029
S1-857857330	
S1-934096731	
S1-75118120	
S1-208033658	S2-752924889,S2-492504555,S3-714993149
S1-120105554	S2-727957738,S3-878701328,S3-383761365,S3-983040504
S1-830741863	S3-473977640,S2-967530975
S1-69142795	
S1-912880277	S2-939040008,S3-156695220,S3-554051379,S2-777685218
S1-381273830	
S1-360081988	
S1-15004784	
S1-881117338	S2-817142586,S3-871946932,S2-599757323,S3-31540498
S1-264676180	S2-413327755,S2-396121405,S3-123366755
S1-647941091	
S1-773570791	
S1-289102461	S2-764541354,S3-888711338,S3-767569029,S3-739792036
S1-534203490	
S1-882486823	
S1-32866191	
S1-95270988	S2-399307724
S1-600553466	S2-755419851
S1-387002604	
S1-455467454	
S1-724565948	S3-181219831,S2-491637258,S2-459491192
S1-117623040	S3-159749968,S2-511450260
S1-109101728	S3-666937351,S2-61249633,S2-201970321,S2-431052863
S1-246592956	S3-643761382,S2-876878680,S3-203668515
S1-34196758	
S1-576731478	
S1-302396491	S2-66379259,S3-778115019
S1-555360162	S2-100330230,S2-595296329,S2-269417507,S3-65418623
S1-260914721	S2-379563816,S3-9650628
S1-995670154	S3-83414524
S1-59255632	
S1-285149531	
S1-965551635	
S1-451751916	S2-207343578,S2-870542613,S2-588433888,S3-184524771
S1-40983157	
S1-705011918	S3-943450094,S2-194088360,S2-517252590,S2-918890757
S1-69906299	
S1-241377627	S3-696208484,S2-180990933,S3-443334492
S1-612923576	S3-191270813,S2-781812535
S1-592414997	
S1-564113201	S2-610601480,S2-390158016,S3-785558172,S3-749518170
S1-937789576	S3-841551864,S3-304495969,S2-987836637
S1-254417051	S2-334525880,S2-373808455,S3-461820026,S3-555211969
S1-111318518	
S1-629011070	S3-341082481,S3-738208023
S1-221931752	
S1-615662735	S3-755730266,S2-855048796,S3-921174183,S3-689856340
S1-698116486	
S1-189816245	S2-719944309
S1-954922363	S3-206129920,S2-587390426,S2-810872556
S1-692957423	
S1-316298990	
S1-984952093	S3-15068900,S2-100693729,S2-844991710
S1-804694415	S3-972239947,S2-769329332
S1-659325611	S2-815610668,S2-742640652,S3-632221738
S1-551996933	
S1-562838000	S2-340804228,S3-802368910
S1-955349602	S2-796484605
S1-230570158	
S1-962463387	S2-88214465,S2-84654279
S1-984464030	
S1-680581889	
S1-313718784	
S1-123607251	S3-224399594,S2-138902811,S2-215800240
S1-54785243	S3-309127496
S1-34903584	S3-225723392,S3-937731882
S1-778935668	S3-909925600,S3-300145532,S3-7203132
S1-171874760	S3-615657307,S2-324959950
S1-916431792	
S1-859957208	
S1-913947368	
S1-238721446	
S1-99758799	S2-350959075,S2-340774534,S2-249945571
S1-379484856	S2-229731296
S1-942632967	S2-313932923,S2-862423489
S1-146125187	S2-810594855,S2-407464737
S1-554415494	S3-426956390,S2-277963768
S1-840093084	
S1-974395777	S3-794310061,S3-243475741,S3-22894075
S1-847218478	S3-905305067,S3-573686823
S1-282394325	S3-700982968,S3-893343107,S3-722245590,S2-389736644
S1-4932273	
S1-704074527	
S1-313095747	S3-294230778
S1-295799325	
S1-248717976	S3-640719950,S2-863642924,S2-71752525,S3-883250208
S1-241212148	
S1-916920732	S3-403248301
S1-679264336	S2-167638962,S3-660855228
S1-763171365	S2-360099597,S2-335543157
S1-95622773	
S1-87721155	
S1-903914295	
S1-927226830	
S1-615846355	S3-205367425,S3-161510894,S2-248676834,S3-847682487
S1-955869161	S3-318488665
S1-758875305	
S1-774621610	
S1-621817150	S3-611687305,S3-261117527,S2-90662013,S2-635291601
S1-988267609	S3-420044238,S2-304770664,S3-74316214,S3-124320955
S1-290028383	S3-411397276
S1-568591872	S3-38343813,S2-130369666,S2-38060602,S2-159056883
S1-305642058	S3-405235511
S1-56641346	S2-374291237
S1-720753019	S3-973518800,S3-522907956,S2-109049493
S1-681211557	
S1-15064873	S3-537723453,S2-173578002
S1-35402118	
S1-388415767	S2-370877780
S1-514409935	
S1-160994444	S3-739805682
S1-540741610	S3-137521170,S2-530451538,S2-787115206
S1-5424379	S2-83596216,S3-730092093,S3-206122262
S1-552646506	
S1-485647689	
S1-120282876	S3-822531524,S2-663593841
S1-262628379	S3-423068355,S3-961335008,S3-918505190,S2-331124558
S1-260153787	
S1-972796336	
S1-522894002	S3-422663967,S3-910083949,S2-779402948
S1-972046532	
S1-251649459	S2-102286425,S3-123244762,S3-340519588,S2-276210173
S1-626290201	
S1-840263424	S3-995309442
S1-701784304	S2-301651914,S3-265495411,S3-115894427,S3-360219250
S1-620780463	
S1-609304810	S2-343960051,S3-685849460
S1-235236191	S2-597974429,S2-81989075,S2-805594228
S1-822500141	S3-417628287,S3-792735134
S1-496882594	
S1-686235445	S3-249307823
S1-28818210	S3-446401390,S3-325205829,S2-963180579
S1-102683370	
S1-401008390	S2-739981485,S3-251169978,S3-79887650
S1-700766055	S2-294263131,S3-290509237,S2-5096534
S1-713765688	
S1-705178560	S2-842738378,S3-671666769
S1-284019872	S2-496310485,S2-499457141
S1-559729601	S3-635592493,S2-122215129
S1-861766946	S2-222363204,S3-689248208
S1-357669034	S3-228154232,S3-114529171,S2-831774466,S3-935349265
S1-589204364	S3-221885401,S2-293309183
S1-557851921	S3-927311050
S1-65801622	S3-181414287,S3-680228971,S3-477545466
S1-960075423	S3-808880337
S1-783425979	S3-812963786,S2-203874796
S1-752124060	
S1-873054943	S2-856109267,S3-913094781,S3-391616476,S2-247197910
S1-826071712	S3-734011516,S3-505953900,S2-983230994
S1-40660414	S3-21702169,S3-161531806,S3-737901137
S1-438936489	S2-738059950,S2-103030349,S3-913454411
S1-300503662	S3-155717004,S3-232199476,S2-955518967
S1-688886455	
S1-809462123	
S1-404904197	S2-483285102
S1-263252352	
S1-86654495	
S1-704374489	
S1-984444766	S3-349866971,S3-358267984,S3-995759676,S2-94801418
S1-229514223	S3-607355965,S3-800379381,S2-808961617,S3-175005281
S1-965923809	S2-390087063,S3-627224549,S3-155419600
S1-543927380	
S1-206682769	
S1-64062130	S2-387783179,S3-779732222,S3-260492251,S2-811764940
S1-916203756	S3-908847327,S3-295108538,S2-943152419,S3-430432165
S1-136524852	
S1-548599435	S3-977207285,S3-577182124,S3-271459756
S1-5443486	
S1-746211215	
S1-281946729	
S1-608378046	S3-222010292
S1-33417777	
S1-194843409	S2-869928802,S2-719321697,S2-682615208,S3-707247516
S1-664086643	
S1-611014268	
S1-412907371	
S1-686272247	S2-703387861,S3-547615104
S1-521194569	
S1-987656115	S3-923611534,S3-131884627,S3-700939320,S3-984924421
S1-41615244	
S1-512893342	
S1-46803442	S2-318768837,S2-521518483,S2-846944774,S3-964820279
S1-616911542	S3-423769517,S2-242730046
S1-92821055	
S1-883611480	S2-601244462,S3-465877828
S1-310136502	S2-958192320,S2-575495086,S2-289635838,S3-882562707
S1-36265497	S2-684249933,S2-790657085,S3-698166754
S1-914057187	S3-519376691,S3-995783313,S2-235858501,S3-748487073
S1-825809628	S2-920189333,S3-167351867,S3-993236376
S1-304718614	S2-182310586,S2-445240732,S2-353611223
S1-292565290	
S1-673060462	S2-415123942,S2-110879504
S1-383988014	S2-459230600
S1-492595581	
S1-841215423	
S1-973724322	
S1-602616293	
S1-986367347	
S1-311110227	
S1-291429155	
S1-645151237	S3-125497570,S2-30043493,S2-384282447
S1-494782896	
S1-516349205	
S1-564310446	S3-627207586
S1-26224521	S2-896256420,S3-179341215,S2-860228865,S3-323049738
S1-958465382	
S1-735519983	S3-621350048,S2-219010063,S3-241619935,S2-395820428
S1-882333179	
S1-835541613	
S1-689549307	
S1-454573456	
S1-461503771	S2-789258455,S3-789732179,S3-736338484,S3-658879741
S1-892460653	S2-517346294,S2-224582276,S3-648052237,S3-983303684
S1-152705842	S3-83629387,S3-515999706,S2-697758045,S2-247689781
S1-69222931	
S1-103697700	
S1-183645812	S3-597944569
S1-417013759	S2-469860636
S1-93639102	S2-128066698,S2-93236931,S3-970432151,S3-211420981
S1-423148873	S2-484158149,S3-532848766,S2-721464434,S3-22760180
S1-155819761	S2-190498875,S3-727042422,S2-37326909,S2-267646604
S1-960528535	S2-301441586,S3-966502194,S3-447989558,S3-279256823
S1-836195211	
S1-664711578	S2-246512572,S3-507195604,S2-751794961
S1-982570774	S3-690899105,S3-566189766,S2-654065063,S3-690516951
S1-48939528	
S1-192005032	S3-682443734
S1-607640997	S2-622375552
S1-58165657	
S1-407752108	
S1-991118398	S2-5488786,S3-720730266
S1-339027773	S2-322984691,S2-887486877
S1-391555692	
S1-908890646	S2-571151182
S1-89990225	
S1-420084997	
S1-781765152	
S1-792674045	
S1-291876755	
S1-462109287	S3-971506219,S3-536836840
S1-587826469	
S1-614080892	
S1-574909631	
S1-337949875	
S1-307764787	S2-550723603,S3-410048391,S2-859288541
S1-663319003	S2-114138550
S1-15439977	S3-750609362,S2-380327729,S2-752886985,S3-981273947
S1-743525217	S2-126205037,S3-678248463,S3-473708328
S1-198121198	
S1-309987391	S3-388111630
S1-503879472	S2-737236362,S2-528321538,S2-54614796,S3-965036363
S1-738563051	S3-31376147,S2-457980142
S1-690228119	S2-292217189,S3-291405472,S3-242954155,S3-138777410
S1-512638801	S3-207167443,S2-289550564,S2-472226982,S3-449148540
S1-608217986	S3-623796857,S3-442265110,S3-894542610
S1-436928040	S2-790949044,S3-680602306
S1-151610064	S3-541861891,S3-201084541,S3-506558004,S2-841264224
S1-799866511	
S1-6309288	
S1-590503922	
S1-477895464	S2-368669240,S3-495696396,S3-835213338
S1-656024325	
S1-278845792	
S1-709209484	
S1-383195699	S2-446743162,S3-183950267,S3-432043289,S3-375373388
S1-993731847	
S1-122563065	S2-448612634,S2-637558156
S1-995236023	
S1-231697808	
S1-526061166	S3-186821225,S3-622874230
S1-144377967	S2-210263445,S2-607535923,S3-54078612,S3-235976326
S1-768165278	S3-449037571,S2-593760749
S1-71887642	
S1-607595829	S2-952231200,S3-692623583,S3-170867207,S3-972751969
S1-469974821	S3-438273373,S3-244773429,S2-380460639,S3-179765478
S1-547205584	S2-357545160,S2-781796342,S3-753496081,S3-498309896
S1-452335659	
S1-121435135	
S1-498345142	
S1-355287838	S3-633606663
S1-625466602	S3-678967377,S2-676379976,S3-976654913,S3-397361535
S1-961960071	S2-919926837,S3-924669871,S2-151157648
S1-819150791	S3-56762019,S2-755711246
S1-349550100	S2-695711560,S3-696360594
S1-293366782	S3-744441297
S1-227323475	S3-814568723,S2-257711771,S2-307530253,S2-13157842
S1-897022932	S3-596386578,S3-679830880
S1-990161723	S2-976040392,S3-230589848,S3-994412700
S1-640858164	S2-575220335,S2-216124830,S3-975706094,S3-725637856
S1-645536379	S2-54486663,S2-49968622,S3-981055466,S3-41290039
S1-58891360	S2-911009428,S3-151620571,S3-256012267
S1-767468054	
S1-336055629	
S1-240359285	
S1-278264274	
S1-917321588	
S1-249155439	
S1-669093527	S2-685151385,S2-699100512,S2-448906143,S2-392131225
S1-656022505	S2-953194515,S2-647382614,S3-794213593,S3-265748397
S1-173243607	
S1-696286634	S3-530247731
S1-636567433	S3-583214665
S1-555106595	
S1-58555109	
S1-683365793	
S1-92779442	
S1-528019063	
S1-488824796	S3-52809256,S3-138700494,S2-625614644
S1-8525827	S2-773910477,S3-709243972,S3-874789032
S1-702352091	S2-79966553,S2-963329256,S2-477787597,S3-671666769
S1-826285081	S3-845094400,S3-441708566,S2-982295396,S2-947691594
S1-264462293	S3-327956648,S2-669547263,S3-888979689
S1-749725176	
S1-997660745	S3-391701919
S1-700310288	
S1-92051356	S2-331192043,S3-4201903,S3-798929131
S1-357680210	S3-612656939,S3-303329002,S2-360964391
S1-712429775	S3-375504261,S2-817413286,S3-376217388
S1-423190742	S3-677032834,S3-436599888,S2-966888922
S1-319377552	S2-760202122,S3-173208537,S3-771405166
S1-382509190	
S1-6075029	S2-220908217,S3-417372286
S1-677430373	S2-427002321,S3-667943172,S2-289031578
S1-762527252	S3-995488430,S3-702896676,S2-135933767
S1-805741054	S3-272536138
S1-632365841	S3-7825708
S1-901108439	S2-498893397,S3-883776942,S3-570591729
S1-354122748	S3-659180513,S3-702948204
S1-315262718	S3-619914428,S2-365451090,S3-205143071,S2-750996297
S1-805861333	S3-3294907
S1-924829023	S3-665058244,S2-955785658
S1-452523739	S2-310666099,S3-215520582,S3-16635605,S2-144591161
S1-10602294	
S1-517344893	
S1-897184642	
S1-143230969	S3-412700187,S3-569998555,S3-18777357,S3-957022932
S1-226636279	S3-722916325,S2-660073898
S1-406539601	S3-949165238,S2-181277474,S2-925764662,S2-510573420
S1-396357025	S3-769893929
S1-802774673	S2-616224595,S3-558270966,S3-854074219
S1-874200390	
S1-78577683	S3-928478440,S3-573024997,S3-720283895
S1-74252852	S3-465744609,S2-375172698
S1-185010166	S2-643976119
S1-642254390	
S1-650129244	
S1-959824270	S3-940934860,S3-415069400,S2-605457205
S1-748236935	
S1-810661417	S3-321314700,S3-19325007
S1-62952813	
S1-245531567	S3-243147345,S2-824347601,S3-805625929,S3-851474247
S1-213948267	
S1-816662443	S3-619298503,S2-326109773
S1-333119185	
S1-995229157	S2-127144376,S2-545238836
S1-409144494	S3-455567158,S2-602321474,S2-848406994
S1-639117998	S2-352690711,S3-732648771
S1-75299436	S3-273780316,S2-213791168
S1-226773654	
S1-826089412	S3-119267771,S2-503762355
S1-780797145	S3-357872136,S2-714253745,S3-541479866
S1-169513462	S3-954773727,S2-386861513
S1-676915834	S3-482015598
S1-589091926	S3-146755365,S3-975049475,S3-428039803,S2-74917544
S1-659288990	S3-663309820,S3-766183720,S2-959658704
S1-402073664	
S1-712730207	
S1-556678060	
S1-567091152	S2-17738488,S2-988509512,S3-465337365,S3-106817535
S1-505597645	S3-784756047,S2-851539766
S1-346808704	S3-207173932,S2-583910991,S2-421334267,S2-581381729
S1-942573245	S2-79709144,S2-570789258,S3-358102588
S1-791070270	
S1-121380754	
S1-794880213	
S1-491041606	
S1-439432494	S3-709363520,S3-399422958,S3-757786224,S2-88436729
S1-142973237	
S1-519403182	
S1-845115380	S2-380685733,S3-536743146,S2-973175170
S1-277524995	S3-842377823
S1-763376889	
S1-376131040	S2-241403293,S3-816091272,S2-673698932,S2-479900600
S1-50114053	S3-940072362,S2-608798699
S1-358362023	S2-457133888,S3-151649804
S1-980464728	S3-11434853,S2-779684856
S1-753767872	S3-579132993,S3-17806859
S1-780665088	S3-754861592,S2-767949420,S3-278513206
S1-515214648	
S1-348317251	S3-670900738
S1-753060861	
S1-620717324	
S1-532740375	
S1-844497444	S3-638116859,S2-380505365,S3-276818627
S1-873278582	S2-918958955,S3-575399663
S1-269430815	S3-667951876,S3-341489441,S2-561534515
S1-681886555	S2-226409742,S3-791733394,S3-392312116,S3-604338458
S1-573319867	S3-852199443,S2-878013604
S1-14998090	S2-512096741,S2-794242895,S2-6422579,S3-940623549
S1-127688434	
S1-708165924	S3-426082700
S1-590981671	S2-197416193,S2-718724332,S3-557764480,S3-415970014
S1-52305202	
S1-912866837	S3-887450937
S1-978316570	
S1-26725411	S2-879765932,S3-423830678
S1-818514913	S3-208968581,S2-611088690
S1-870848203	
S1-85091121	
S1-670272712	S3-181016850
S1-590961535	S3-936478670,S3-831817208,S2-254661999,S2-353735265
S1-851051866	
S1-343203777	
S1-956612180	S3-794761422
S1-965012026	S2-854687964,S2-578899932
S1-314890262	S3-112066788,S3-909653178,S2-6345500,S2-390684115
S1-184662055	S3-99568247,S2-174831481,S2-639919736
S1-41123197	
S1-699226860	
S1-347630845	
S1-620175542	S2-523040395,S2-453183300,S3-92523781,S3-266750207
S1-816020176	S2-117929592,S3-499582836,S2-396501246
S1-389637217	S3-381784744
S1-837721134	
S1-566987043	S2-702290368,S2-550127475,S3-436137553
S1-317951615	S2-950561779,S2-315433416,S3-399003001,S2-484220543
S1-134039725	
S1-983012542	S3-494329611
S1-537749554	
S1-692507718	S3-783973211,S3-764940577
S1-974030887	
S1-238678378	
S1-411713989	
S1-203636549	S2-60037561,S2-890326314,S2-620036920,S3-502093890
S1-837995886	S2-22549235,S2-606509059,S2-474066657,S2-394592024
S1-251512585	S2-80273828,S2-1427855,S2-135219675,S3-740759872
S1-766098353	S2-830429658,S2-146794178,S3-645906744,S3-335118492
S1-543134842	S3-42366436,S3-839824080,S3-518126674,S2-396794147
S1-434016216	S3-500183240
S1-571707811	
S1-195047014	S3-76205548,S3-456791984
S1-641713112	S3-644716324,S2-77251924,S3-546367006,S3-642379672
S1-984578346	S2-966941707,S2-866963243
S1-333438122	
S1-350868006	
S1-758601473	
S1-622535101	
S1-179988355	S3-715923431,S3-84692113
S1-137465917	
S1-471634015	
S1-231114747	S3-113728777,S2-923199030,S3-617781838,S3-631955213
S1-746996853	S3-786702951
S1-182846735	S3-338420165,S2-365221738,S2-283328798,S2-464138703
S1-852083323	S3-477566521,S2-610220877,S2-627220008
S1-294221619	S3-512841150
S1-550628962	S3-408192669
S1-141067520	S3-393021319,S2-696800605
S1-624186639	S2-858776010,S2-234750593
S1-488511424	S3-435757055,S3-148797270
S1-45981421	
S1-146431284	
S1-699265369	
S1-580437788	S3-678511273,S2-483620896
S1-807173288	
S1-230481910	S3-104217179,S2-872149441,S3-618681497,S3-200698069
S1-982623711	
S1-647377538	
S1-568122769	S3-799931193,S3-700410857,S2-421188116
S1-382676684	S3-54778105,S3-603560461,S3-964666407
S1-145965343	S2-870076924,S2-862203740,S2-602355345
S1-202694047	
S1-813613921	S2-180180647,S3-144846743,S2-422144208,S3-782138755
S1-449902253	
S1-608926511	S2-630276444,S3-574107791,S3-469480600
S1-349078782	
S1-583578533	
S1-352904965	S3-199818854,S3-367351669,S2-124936530
S1-268914943	S3-171982727,S2-946061010
S1-99202970	S2-882191857,S3-967757020,S3-335782488
S1-887929358	S2-269789498,S3-971008968,S3-855262336
S1-676227911	S2-235698149,S3-494082492,S2-700844672,S3-58854528
S1-468063181	S2-133244079,S2-447229881,S2-178576669
S1-39952787	
S1-973524792	
S1-11345523	S3-196269388,S3-419508002,S2-920503507,S2-365693843
S1-646417674	S2-759416241
S1-914175326	
S1-142286605	
S1-580551225	S3-541299331,S2-690893154,S2-755983453,S2-393982019
S1-320595977	S3-927706360,S3-698615395,S2-898113913,S2-877627678
S1-762516326	
S1-793580530	S3-392835920,S3-777372003,S2-459089509
S1-490520542	
S1-477885578	
S1-960005540	
S1-686690369	S2-749537491,S2-177175020,S3-144756088,S2-413737368
S1-524078797	
S1-511371667	S2-534789756,S3-513474360,S3-380648785
S1-872124912	
S1-888472155	
S1-417579740	
S1-706561502	S3-682680503,S3-716216566,S2-802750920
S1-573765366	
S1-991207232	
S1-435873341	S2-723327027,S3-475611352,S3-247907386,S3-174479110
S1-327931702	
S1-526601682	S3-762765447,S2-24972054,S2-931433413
S1-890387939	
S1-592113107	S2-357074412,S2-514659249,S2-253853833,S3-872326605
S1-611730147	
S1-76076383	S3-385257081,S3-727225766,S2-377553725
S1-310805832	
S1-908486428	S3-973290160,S3-761993781
S1-285030261	S2-825098371,S2-286002993,S2-249758794,S3-200177331
S1-468332675	
S1-743454338	S2-733547261,S3-644535965,S3-336589039,S3-669007312
S1-82876205	S2-929542577,S2-798952363,S2-245175730,S3-400756247
S1-548286971	
S1-755595995	
S1-134488397	
S1-384992601	S2-937337449,S3-408751994
S1-690384966	
S1-373221524	S3-721624841,S3-426250106,S2-121041364,S2-810637734
S1-738183622	
S1-666571551	S2-100685817,S3-394264772,S3-287701071
S1-989128289	S3-817802788,S3-750734057,S3-2515523,S2-391910998
S1-948296479	S2-942330467,S3-286189932,S2-985193642
S1-824693800	
S1-934050557	S3-501500521,S3-497903509,S2-333159501,S3-44618291
S1-784030802	S2-339669211,S2-740577706,S3-250198891
S1-395764598	S3-925278005,S2-422803821,S3-128442908
S1-729423815	S3-485400708,S2-98240758
S1-950565919	
S1-394475181	
S1-380011979	S2-624245909
S1-667670404	S2-966906068,S3-83045642,S2-294502031
S1-989510990	S3-769268006,S3-610000482
S1-503714960	S3-329771085,S2-633954055,S2-164544383
S1-649879939	
S1-994789042	
S1-628405998	S2-924337018,S3-230140644,S2-694666354,S3-251412633
S1-284310517	S2-993009204,S2-474338046
S1-259162299	
S1-192710090	S2-711777973,S2-16951890,S3-414497239
S1-235207408	S3-392472185,S2-601186057,S3-601481072,S3-822133204
S1-427768253	S2-423004805,S2-853472344
S1-33802163	S3-526786321,S2-510095449
S1-692884239	S3-833272224,S3-327234784,S2-847560435,S2-207926549
S1-58685614	S3-625809728,S3-462879226
S1-811631718	S2-893411428
S1-553296688	
S1-34588194	
S1-99372906	
S1-757902249	S3-907392124,S3-382535724,S2-219762146
S1-164081714	S3-988954211,S2-27624905,S2-315319500
S1-458714899	S2-372761551,S2-30136480
S1-752084303	
S1-39182563	
S1-424655011	S3-235203640
S1-56528928	
S1-136067167	S3-910173292
S1-71806246	
S1-460526257	S2-133687799,S3-658465533,S2-362486059
S1-22322655	S3-166303970
S1-231530033	S3-621899951,S3-359922205
S1-401612304	S3-358230829,S2-146526955,S2-671258015,S3-59044925
S1-248802967	S2-533243218,S2-324778248
S1-515966110	S2-916818983,S3-372776972,S3-341179278,S3-344930294
S1-605128874	S3-938051439,S2-598758581,S3-455813850,S2-527891373
S1-159606144	
S1-999231635	S3-674674908,S2-296343604,S3-197132128,S3-82640806
S1-925735653	S2-155767481,S3-975546143,S2-892325763,S2-516571661
S1-136622998	S2-584694781
S1-608653083	S3-411635780
S1-641937199	S3-191426924,S2-624596372
S1-984155853	S3-927966268
S1-567775890	S2-347248437,S2-758278946
S1-7200187	S2-258975600
S1-91156095	
S1-221737273	
S1-608994214	S2-34102296,S3-93997173,S2-805964321
S1-33752340	S3-321562525,S3-421108689,S3-236590590,S3-952447555
S1-397859761	
S1-987831510	S2-869366451,S2-845711294,S2-595703478,S3-636534107
S1-133061294	S3-716421010,S3-672275450,S2-279264884,S3-602053372
S1-561987408	S3-815212994,S3-461649017
S1-468469397	
S1-962843910	S3-45401636,S3-663517805,S2-737313365
S1-275176781	
S1-657893413	S3-852355670,S3-184427267,S2-512210069,S2-207583608
S1-492811898	S3-296164682,S3-615092177,S2-749731817,S2-380181207
S1-505317482	S3-232136811,S3-180162070
S1-967872981	S2-385527946,S2-272618809,S3-943992041,S3-647659396
S1-737381947	S2-545008725,S2-593974195
S1-859396485	S3-936385699,S3-448727677
S1-22649070	
S1-520464076	S2-732914179,S2-53389685,S3-796714283,S2-852729255
S1-212632787	
S1-46228493	S3-259614252,S3-370350592,S3-888738668,S2-775068504
S1-580092509	
S1-52695669	
S1-461413258	S3-100257676,S2-510395971,S3-839861282
S1-44569764	
S1-642098313	S2-351989565,S3-748182596,S2-407117561,S2-769299832
S1-783924700	
S1-829032033	S2-366321897
S1-912888441	S3-944560888,S2-743873708
S1-311460318	
S1-531131984	S2-171763950,S3-683327678
S1-439870713	S2-581935874,S3-931037353,S2-279671858,S2-836076590
S1-842465418	S3-993244921,S3-325865181,S3-738649850,S3-191784967
S1-550395342	S2-708641578,S2-668731697
S1-96225478	
S1-720935095	
S1-576205629	
S1-255932965	S3-678440587,S2-205263939,S3-371040324,S3-392261106
S1-154393750	S3-73297843
S1-867842543	S3-770146384,S3-587416420
S1-885294585	S3-610874151
S1-826777845	
S1-213226080	S3-862152585,S3-333091840
S1-763920741	
S1-963310968	S2-286625201,S3-678865912,S2-103297105,S2-622097098
S1-662489677	
S1-578244735	S2-996941641,S3-69178036,S3-13713653,S2-264515190
S1-783297172	S3-111846751,S3-681625960,S3-465763684,S2-984604515
S1-238864304	
S1-492362203	S3-796590520,S3-960902914
S1-712624198	S3-35566062,S3-819605946,S2-579002697,S2-777447534
S1-431115535	S3-619877397,S2-639484532,S2-795072637,S2-398680149
S1-585469843	S2-344881682
S1-882611425	
S1-116379624	S2-564376916,S3-918977731,S3-291715762,S3-574465417
S1-157066508	S3-514863373,S3-880882922,S2-368991689,S2-191001291
S1-698027388	
S1-93453750	S3-765482865,S2-57683622,S3-660839949
S1-533294673	S3-153654889,S3-723047080,S3-672666048
S1-317731126	
S1-474125096	S2-420960856,S3-951991995
S1-365190101	S3-507705054
S1-899100822	
S1-375865287	S3-987716988,S3-420455295,S2-382931215
S1-834925961	S2-7755580,S3-464154119,S3-241987131
S1-780027255	S2-796680288,S3-818021590,S2-878912090,S2-818201694
S1-520458339	
S1-95762789	
S1-779866878	S2-856787279
S1-150282716	S2-578924719,S3-822594663,S3-207903015
S1-899247497	
S1-687530632	S2-460450913,S2-851159110,S2-546903344,S2-115591743
S1-900675853	
S1-370672844	S3-825369412,S2-881165090,S2-625290709,S3-417806264
S1-309853674	
S1-256522090	S3-491684421,S3-439243854,S2-184179663,S2-202192899
S1-123442976	S3-6279152,S2-162933721,S3-921310150
S1-925514602	
S1-219823876	S3-860172985,S3-373082610,S2-136015180
S1-541063318	S2-878740475,S3-301104437,S3-864344157
S1-401129865	
S1-763810276	
S1-70447999	
S1-356105056	
S1-836023352	
S1-662573765	
S1-190686282	
S1-764617373	S2-593044544,S3-666424640
S1-276741113	S2-52806011,S2-712044282,S3-85328238,S3-304195760
S1-361580639	
S1-62928957	S2-376612213,S3-868438369
S1-158773799	
S1-70383577	S2-640260662,S2-102603219,S3-93663897,S3-263787618
S1-40814775	S3-883342912,S3-21639497,S2-677657281,S2-166765838
S1-94737	S2-106671081,S2-547089729,S3-132834969,S3-276196838
S1-617607104	
S1-930260107	S3-59330513
S1-661340255	S2-43841356,S3-478532898,S2-457797859,S3-966115856
S1-530745735	S2-267724380,S2-953144555,S3-867606804,S2-497628807
S1-380480111	
S1-734791789	
S1-57414427	S2-811313356,S3-745720223,S3-620343055,S2-885590222
S1-613519119	S3-327855764,S2-480693271
S1-278894342	
S1-217271109	
S1-123778455	
S1-719453416	
S1-852617931	
S1-768271426	S3-256325971,S2-913576425
S1-744665756	
S1-829007548	S3-10958683,S3-580661459
S1-839072806	S2-100362800,S2-255496192,S3-478459948,S2-207169782
S1-398168663	S2-391241762,S2-704808441
S1-74205060	
S1-624797711	S2-388707764,S3-173481711,S3-638227411,S2-59961118
S1-809972116	S3-590061871,S3-792741534,S3-646750513,S2-305639277
S1-218243403	S2-8288659,S2-1337599,S3-333861593,S3-153545907
S1-478735212	
S1-923113301	
S1-640694854	
S1-867802630	S2-24786664,S3-624107703,S3-580821990,S3-199447222
S1-285845781	S2-847452301
S1-142881314	
S1-418110757	
S1-379434039	S2-336898696,S2-270537733,S2-560314059,S3-274213532
S1-477130762	S2-99121970,S3-702375291
S1-567630778	S3-319878138
S1-722131903	S2-982443668
S1-779505212	
S1-598916156	S3-749781244,S2-749713373,S2-320948686
S1-844994715	
S1-403132315	
S1-342114064	S3-746360772,S3-405129947,S2-936285033,S2-873257967
S1-534515921	
S1-198163774	
S1-788270619	
S1-156448243	S2-638993461,S2-340812095,S3-104869015
S1-125751971	
S1-859187965	S2-66668840,S3-825960002
S1-441636851	
S1-774853487	S2-665152463,S2-152191536,S3-456801801,S3-701510080
S1-184194278	
S1-929813965	
S1-372587287	S3-411944334,S3-482011691,S3-147165055,S2-135957214
S1-910630501	S3-647978968,S3-270184619,S2-910353561,S2-591017344
S1-751713267	
S1-745386588	S2-813359328
S1-191768633	S3-725198612,S3-274874716,S2-357714095,S3-316885451
S1-567579	S3-422240761,S3-373688639
S1-281843784	S3-997868452,S2-4995835
S1-285934217	
S1-866089788	
S1-176929805	
S1-831822197	S2-285911024,S2-403327360,S3-968849523
S1-267370123	S2-884567458,S2-775317875,S3-287847059,S3-163641376
S1-54799514	
S1-372451822	
S1-876503646	S3-158385549
S1-803872361	S3-573491897,S2-791029423
S1-293729533	S2-560297108,S3-217569261
S1-133045269	S3-352973228,S3-755170813
S1-869260967	S2-17776298
S1-976013196	
S1-163750241	S2-549672635,S2-329034815,S2-919928443,S3-598465719
S1-457798449	
S1-321692508	S2-140202784,S3-107807945,S2-279142478
S1-335579089	S2-696679341,S3-858635810,S3-988606283,S3-834046217
S1-514000644	S3-63557306,S2-725446558,S2-23569550,S3-118935791
S1-821708235	
S1-3671532	S3-309293235,S2-887995868,S2-760695537,S2-917420549
S1-438078330	S2-615325434,S3-5705643,S3-661335740,S3-189480969
S1-637013966	
S1-962935782	S2-796610292,S2-562479791,S2-380173072,S2-274470740
S1-420356840	
S1-957274693	
S1-732409717	
S1-546696387	
S1-394174347	S2-85808157,S3-547013243,S2-411569258
S1-211520934	S3-141588843,S3-910925601,S2-601611989
S1-60078634	
S1-165909760	S2-259910272
S1-954658127	S2-796723152,S2-951475740,S3-366448278
S1-762840576	
S1-943330233	S2-557543674
S1-261274750	S3-663102193,S3-724960930,S2-469647571
S1-859566186	S3-571261586,S3-177282863
S1-245683820	
S1-885550993	S3-871472158,S2-842436435
S1-63862430	
S1-16353408	S3-6937804,S2-561955086
S1-989209466	
S1-586874007	S2-36984041,S3-78701508,S3-173415203
S1-243600551	S3-560404824,S2-968459688
S1-738827157	S3-914917471,S3-386541979,S3-220067367,S2-437297384
S1-168324568	S2-87932682,S3-207142966
S1-245831993	
S1-584210388	S2-253647347,S3-979964483,S3-664352682
S1-553228343	S3-756297185
S1-52166601	
S1-471697532	S2-156058028,S2-521163485,S3-453993030,S2-412773194
S1-991203545	S3-300460403,S2-683955358,S2-791998997,S2-874453951
S1-63391099	
S1-362920519	
S1-853387185	
S1-665996403	
S1-3949431	S2-370759842,S3-664824264
S1-547340506	
S1-585402000	S2-693901665,S3-489889567,S2-900234259
S1-927829140	S3-164822100,S2-453282424,S3-943256059
S1-916155355	
S1-786487726	S2-846345678
S1-731568607	
S1-25354662	S3-788950996,S2-792259954,S2-517096557
S1-712267907	S2-889285681,S3-968202379,S2-746512531
S1-730631251	S3-121139637,S2-447692750,S3-464942949,S2-846416792
S1-182079198	S2-764047604,S3-337176411
S1-659745307	S3-947222923
S1-106463719	S3-476691540
S1-721743574	S2-526281796,S2-670481148,S3-70353233
S1-544455222	S3-188502837,S2-759483197,S3-721778317,S3-273712295
S1-599448212	S3-584412522,S3-937962306
S1-453486358	
S1-538468291	
S1-59051240	S2-527857840,S3-935881682
S1-816575612	S3-519894545,S2-872812343
S1-225607953	
S1-435592805	S2-974526155,S2-438670229,S3-440743845
S1-862085732	S2-104267582,S2-436309768,S3-455334635
S1-62612942	
S1-139844440	S3-570460767,S2-222169022,S3-397138776,S2-620037536
S1-612571592	S3-250746097,S2-614766161,S2-844346309,S2-166137675
S1-906310540	
S1-784611873	S3-467447706,S2-61384853
S1-103956183	
S1-318667273	S2-577416167,S3-708796155,S3-303188012,S2-920216667
S1-392978104	S3-494762322,S3-431786857
S1-943100016	S3-765105251,S2-485565329,S2-756332471
S1-473757279	S3-685328746,S2-501778893,S2-226284756,S3-330957400
S1-866829867	S3-625957728,S3-418530066
S1-818299421	
S1-485579871	S2-551489491,S3-382325865,S3-629842622
S1-626623501	
S1-830857038	S3-22740416,S3-215923246,S2-741297864,S2-247619949
S1-545361697	
S1-187981823	S2-977532332,S3-746892806,S3-245187744,S3-847400927
S1-65638507	
S1-809601561	
S1-595383813	S3-413826022
S1-332633	
S1-587198875	S2-115768188,S2-809042620,S3-588246664,S2-864286432
S1-402113421	S2-112996358,S3-275751681,S2-148772338,S2-953876919
S1-354948660	
S1-123900711	S3-137832207,S2-590427613,S3-74924779
S1-455437189	
S1-732273731	S3-69957553,S2-246145037,S3-172057869
S1-332663264	
S1-958953558	
S1-721712608	
S1-843660541	S2-784021092,S3-960852212,S3-985861105,S2-607094278
S1-555323372	S2-275294553,S3-149575695,S3-860430537
S1-584738182	S3-897476354
S1-598665907	
S1-203302927	S2-758223101
S1-291080679	S3-305262014,S3-115531553
S1-705260921	S3-825148376
S1-764377163	
S1-985993490	S3-346215152,S2-70580304,S3-851026226
S1-510309617	
S1-205480408	
S1-417043932	S3-187731983,S2-52217237,S2-470788627
S1-684018634	S2-678368957,S3-988334199,S3-281061117
S1-216180315	
S1-684117509	S2-749000630,S2-664146534,S2-611054543
S1-868268999	
S1-890320474	
S1-483663135	S3-787046019,S2-256432746
S1-633213143	S3-753509517,S3-313312424
S1-283307733	S3-835648053
S1-389402104	S3-389561282,S3-450433458
S1-947269744	
S1-903490471	
S1-14284489	S2-390570205,S3-796808772
S1-564436334	
S1-379822063	S3-779066346
S1-856490073	
S1-555023667	S3-515165978,S3-599559426,S2-109692587
S1-948203299	S2-434692435,S3-998367219,S3-975101535,S3-542528398
S1-479483178	
S1-836705217	S3-630106678,S2-964686241
S1-582520541	S2-152811302,S3-560564594
S1-15582094	S2-734660561,S2-505259911,S2-320068696,S3-689864117
S1-400595469	S3-483870346,S3-884845660,S2-77112621
S1-62676396	S2-57932641,S2-182728627,S3-199279519
S1-232318121	
S1-936451240	
S1-180925314	S3-724550413
S1-314592530	S3-902043930,S3-359516325
S1-283117820	S3-315122977
S1-898237342	S3-298783454
S1-485999253	
S1-365298008	
S1-478064476	S2-907036646,S2-153996632
S1-275771115	S2-597509244
S1-656741926	S3-735794082,S2-859622659,S3-25205816,S3-857575304
S1-875203662	S2-181041042,S3-92045350
S1-133731209	
S1-715801414	S2-271154456,S2-364513983
S1-658510240	S3-989065348,S3-239613544,S3-890738903,S2-602936568
S1-368251185	
S1-767564675	
S1-569916092	S2-232354814
S1-738505191	S3-926912302
S1-731134276	S3-124401086,S2-327865748,S2-576200719
S1-191263719	
S1-772669769	
S1-449540809	
S1-805111667	S2-737467855,S2-483108194
S1-486523244	S3-97444488,S3-396261751,S2-483363407,S3-78042034
S1-395385803	S3-518127848,S3-497916479,S3-326116774,S2-893442689
S1-281424607	S2-112977946
S1-221405982	
S1-574345436	S3-346082552,S2-753869704,S3-601167734
S1-107116349	
S1-915120126	
S1-526976928	
S1-590496851	
S1-668667043	S2-618246188,S2-88150690,S3-646878778,S2-410779148
S1-110272335	S3-806167849,S3-938459965,S2-506288376,S2-970050324
S1-526454983	
S1-75963174	
S1-165570501	
S1-276094562	S2-502751553,S2-287668825,S3-377797738,S3-196127880
S1-677519016	S2-747526742,S3-797648420,S3-671968792
S1-645530868	
S1-50937743	
S1-637704897	S2-93594249,S3-256286019
S1-80363424	
S1-999319782	
S1-49128966	S3-570239855,S3-750312628
S1-78684705	S3-439585010,S3-188167721,S3-824535462,S2-988215417
S1-902164427	
S1-55492443	S2-878767056
S1-622671645	S2-903531440,S2-561818588,S2-665703666,S3-885696677
S1-210231528	S3-546213346
S1-193905954	
S1-368389223	S3-33998223,S3-799088793,S3-488850335,S3-308976435
S1-532736301	S2-913748959,S3-751905436,S2-487710909
S1-213762834	
S1-201351701	S3-854420719,S2-459481638,S2-274554256,S2-246496282
S1-139744478	S3-964881311
S1-736739895	
S1-64795346	S3-979827812
S1-581796204	
S1-773038990	
S1-415961967	S2-677085273,S2-644315451,S3-577774199
S1-980834560	
S1-259784596	
S1-181022317	S2-621785133,S3-856543845
S1-303956004	S3-632562938
S1-894835969	S2-737145054,S2-693159225,S3-976408489,S3-824466611
S1-26712735	
S1-225175469	
S1-817980778	
S1-808173995	S2-39551127,S3-973346544,S3-541735151
S1-324567173	
S1-195571639	S2-70737960,S3-765964739,S3-453554116,S3-617030001
S1-572317622	S3-928664677,S3-256424038
S1-496763612	
S1-637748437	S2-702863455
S1-966151248	S2-463596556,S3-237009268,S3-371002520
S1-971742783	S2-610323657,S3-47091560
S1-608448248	S2-768981132,S3-90432222,S3-102199726,S3-818651657
S1-12648106	
S1-410307067	S2-697876076,S2-296830049,S2-447452182
S1-884138132	
S1-883909973	
S1-607605620	S3-151808745,S2-940152221,S2-526983228,S3-573735735
S1-758752484	S3-740568747
S1-649260269	
S1-184332962	
S1-284745845	
S1-682652059	S2-106463872,S2-778391879,S3-818152974
S1-5299678	
S1-9520970	
S1-406475156	
S1-439694148	
S1-450834631	
S1-94698104	
S1-7487760	S3-231489678,S2-300433984,S3-508758332
S1-555073815	S3-187929142,S3-968095251,S2-799426761,S2-270773282
S1-156313868	S3-408980216,S2-846529098,S2-825620586,S2-428541467
S1-55264815	S3-222454569
S1-24402608	S2-707126020,S2-463292481,S3-687770061
S1-634739176	
S1-946722164	S3-200417837
S1-147927663	S3-116674467,S2-499673196,S2-11607335
S1-665101475	
S1-302436429	
S1-824401479	S3-879401194
S1-804511504	
S1-261972319	
S1-65771527	S3-546234496,S3-195942149,S2-487539122,S3-786196227
S1-390017311	
S1-174808327	
S1-486395261	S2-137526019,S3-891891151,S2-269053295
S1-62476215	
S1-334020419	S2-898057735,S3-948212597,S2-867716255,S3-17473631
S1-118347982	S3-659107473
S1-720189623	S2-541467665,S3-274871005,S3-435757055,S3-148797270
S1-287070088	
S1-147699516	S3-743519564,S2-985312141,S2-844096534
S1-704559492	S3-639880987,S3-584038882,S3-282756134,S3-900497728
S1-890017567	S3-909820561,S2-625508359
S1-855816213	S3-915594659,S3-465252667,S3-165586452,S2-571717505
S1-876625968	S3-918914143
S1-519831897	
S1-256300871	S3-595974254,S3-503325411,S3-484688062,S2-347404202
S1-891849238	S3-504869306,S2-346722571,S2-421392238,S2-464313901
S1-475596795	S2-574643921
S1-542593930	
S1-628354229	S2-363487752,S2-235374238,S3-856710229
S1-471808433	
S1-746637230	
S1-97788981	
S1-381467582	
S1-314632996	S3-633448095,S2-740313046,S3-440732185,S2-540104393
S1-103619988	
S1-142438846	S3-812648499,S2-947760918
S1-867388478	
S1-1730775	S3-115687122,S3-298495348,S2-460662626
S1-995649849	
S1-340845434	
S1-174837843	S3-258401831,S3-841001780,S2-78227858
S1-257546833	S3-741178898,S3-566664194,S2-695198503
S1-235660936	
S1-401062477	
S1-798463495	
S1-496461751	S3-830367764,S2-602642892,S2-931517243
S1-108211767	S2-268269748,S3-18146786
S1-126083898	
S1-987272732	S3-681314305,S3-369481165,S2-824749966,S2-980109154
S1-271390617	S2-463715086,S3-810198778
S1-725802623	S3-406414768,S2-150814664
S1-857796645	
S1-154218343	
S1-788994626	S3-43660558,S2-997097256,S2-696906145,S2-577162239
S1-410574879	S3-570820082
S1-562385445	
S1-481323331	
S1-540205036	S3-935776695,S2-928030029,S3-764852131,S2-790146659
S1-952663148	S3-846563268,S3-309599891,S2-894985504,S3-865148857
S1-536877574	S2-129154544,S2-254133600
S1-961875691	
S1-890117300	S2-638604847,S3-598514244
S1-784714279	S2-548962754
S1-768240419	S3-150089128
S1-339911688	S3-711910290,S2-96882817,S3-486833804,S3-481820823
S1-447590208	S3-751816594
S1-14500228	S2-670770756,S3-803374016,S3-997536672
S1-792952937	S3-998488377,S3-625619715,S2-192780963,S2-170072967
S1-405670990	S3-16351009,S3-114243224
S1-318249208	S2-745573538,S3-847878082,S3-253307637
S1-3004114	
S1-433998313	S3-90764037
S1-685717435	S2-839249732
S1-853260378	S3-220359717,S3-101275025,S2-149967965,S3-948705913
S1-277087584	S2-142646863
S1-246165203	S3-6345122
S1-870616127	S3-133714525,S3-934101968,S2-619538642
S1-676064362	
S1-394213463	S3-416152151
S1-493633648	S3-909732605,S3-529984592
S1-822322206	S2-448852327,S3-383202277
S1-507166402	S2-845039296,S3-547001526
S1-742524206	
S1-923709444	
S1-657165229	
S1-840076899	S3-391304175
S1-889057965	S2-880861647,S2-978126639
S1-613713480	
S1-864121408	S3-321131203,S3-234862029,S2-360861742,S3-510817775
S1-175641591	S2-921590961,S3-39671993
S1-451028029	
S1-254845500	
S1-610448735	S2-5635,S2-828221122,S2-546357628,S3-851686312
S1-843540679	
S1-291030388	
S1-956922931	
S1-464084904	
S1-826850439	
S1-190083997	
S1-941089634	
S1-552833148	
S1-597780771	S3-244528183,S2-14998295,S3-87050492,S2-144827902
S1-214893119	S2-242204368,S3-748459244,S3-966459131,S3-710278079
S1-408374965	S3-765453992,S2-585790548
S1-786775439	S3-149195399,S3-2483501
S1-721619822	S3-589448103
S1-766907180	S2-298357118,S3-239766743
S1-50354725	
S1-614321203	S2-236716492,S2-442627035,S3-8273884,S3-289296110
S1-963619313	S3-18479117,S3-995825858,S2-136268149
S1-934145	S3-841078749,S2-902057666,S2-169979074,S2-810623182
S1-317820906	
S1-728811222	S2-325043252,S3-379594542,S3-682875480
S1-740774064	S2-115441463,S2-796966632,S3-240585559,S2-473786320
S1-972943082	
S1-633696782	
S1-936597087	S3-888758237
S1-550468591	
S1-835669500	
S1-314150098	S3-401199421,S2-779848572,S2-510899024,S3-818817168
S1-402878731	S2-151506615,S3-908293820,S3-937940271,S3-828577808
S1-790369293	S3-656383971,S2-290468618
S1-352481517	S3-859138635,S2-770757034
S1-547538788	
S1-443817828	S3-658376302,S3-1481503,S2-82239701,S3-965356908
S1-689035209	
S1-144478200	S3-679218544,S2-834013953,S2-579906901
S1-594821824	
S1-411569152	
S1-702783424	
S1-71652903	
S1-622994777	
S1-770528979	
S1-68891537	S3-459598540,S2-585615067
S1-900666637	
S1-493962571	S2-959518770,S3-313936145,S2-87120583
S1-232138313	
S1-673802309	S2-381083165,S2-145805811,S3-342519181,S3-717488656
S1-620693	S3-379552902,S3-705209707
S1-583835456	S3-673161321,S2-433630059
S1-617750670	S2-798648492,S3-567020010,S2-124028506
S1-360163247	
S1-342311340	S3-550100189,S2-391950994,S3-820528700,S2-750979633
S1-761092914	
S1-404998558	S3-885764812,S2-389422952,S2-861488294
S1-48982380	
S1-6444352	S2-769433166,S2-790315627,S2-519885522,S2-559934597
S1-13674763	S2-68354753,S2-572829339,S3-499049595
S1-950246026	
S1-995783694	S2-506522456
S1-842199855	
S1-763541600	S3-758149946,S2-611463577,S3-906072156
S1-918345165	S3-419448936,S3-20158451
S1-57977273	
S1-443340824	
S1-724358756	S3-157474174,S2-354023206
S1-684615136	
S1-401357634	
S1-797743077	S3-280639800,S2-705460193
S1-472677926	
S1-368467813	S3-782280886,S2-875998370,S3-907692784,S2-673483735
S1-13574625	S2-972668594,S2-356859036,S3-287400765
S1-836976234	S2-446850663,S2-206766125,S2-717089462
S1-20343186	S3-569649429,S3-838006186,S2-222887326
S1-477274979	
S1-143721391	
S1-169236047	S3-779947454,S2-124823307
S1-591233421	S2-200716064
S1-118341049	S3-113488238,S2-62631980,S2-320104271,S2-60123137
S1-547349117	
S1-519241785	S2-155013345,S2-916177071,S2-387165318,S3-964645662
S1-995432468	S2-459558302
S1-138671598	S2-799650524,S3-719440767,S3-475709281
S1-670603700	
S1-648917220	
S1-291764934	
S1-441852800	
S1-55456228	
S1-949897171	
S1-133739077	S3-613285378,S3-470700095,S2-976933745
S1-191450745	
S1-881799199	
S1-709294947	
S1-715130875	
S1-594274414	
S1-108691794	S2-370247387,S2-942574616,S2-396796022,S3-890659334
S1-795887776	
S1-465817767	S3-595196027,S3-12790623
S1-127512196	
S1-381332062	S3-372530765,S3-789474194,S2-162526112
S1-98580296	
S1-825554951	S2-349880562
S1-459300670	
S1-888241171	S2-155450794,S2-934429276,S3-238997771
S1-745741333	S3-507426751,S2-866624170,S2-143531360,S2-268357577
S1-253279936	S2-590276293,S3-39434088,S2-482424355,S2-611121249
S1-278690225	S3-47559856,S2-92735260,S2-885463503,S2-246847449
S1-367561647	S3-346480873,S2-545406405,S2-355846057,S3-165969051
S1-146961970	
S1-422649976	S3-315848821,S3-468418564,S2-832394061
S1-808794698	S2-981412843,S3-350439087,S3-20314589
S1-12679871	S3-114304728,S3-861618451,S3-51021194
S1-144942311	S3-90461705,S2-845251040
S1-511945236	
S1-28730888	S3-827013728,S3-506960667,S3-208718780
S1-153947972	S3-719846521,S3-202303854,S2-863134619,S2-808664923
S1-214946325	S3-266244598
S1-941112360	S3-161447669,S3-684886242,S3-342227736,S3-192174
S1-142905802	S3-819312594
S1-44773031	S2-328789920,S2-912573879
S1-157163153	S3-905550503,S2-743359324,S2-618072006,S3-960324777
S1-194098662	S2-708806046,S3-486729335,S2-589159309
S1-152134209	
S1-498294154	
S1-896683607	
S1-580833369	
S1-61219506	
S1-773234559	
S1-379546791	S3-699690010
S1-413765830	S2-941050888,S2-773524399,S3-264764906
S1-888611302	
S1-701730616	S3-889417839,S2-419524077
S1-73773582	
S1-762063522	S2-580582810
S1-645834871	S2-622823154,S2-356184792,S3-495894505,S2-314905260
S1-81348827	
S1-91551911	
S1-879032286	
S1-417683400	
S1-754468215	S3-749111219,S2-440305476,S2-849923303
S1-931921008	
S1-543285011	S2-120119865
S1-683243568	
S1-587389882	S3-640098218,S2-626583973,S2-447410402,S3-595883984
S1-356634757	S2-361295720,S2-148098311,S3-603787930,S3-575536488
S1-956253725	
S1-764811645	
S1-56895053	S3-998471717,S3-312560497,S2-995431832,S2-883589649
S1-147526183	S3-150056632,S3-604635955
S1-277608406	S2-59193572
S1-518727453	S3-276514785,S2-306038087
S1-490174476	
S1-299414178	S2-889520922,S3-973036471,S3-450148318,S3-201997995
S1-696180023	S2-770612704,S3-451516871
S1-290694112	S2-988972686
S1-794572838	S3-885201394,S2-69055499
S1-511654133	S2-260054117,S2-200583461,S2-636423442
S1-905360290	
S1-366239482	S2-898569076,S2-532737512,S3-905624273,S3-925591004
S1-532843193	
S1-315171811	S2-185764297,S3-737890146,S2-751206865,S2-561604054
S1-137470121	
S1-258577041	
S1-280574256	S2-437093900
S1-166140908	
S1-912418042	
S1-989453194	S2-710567972,S2-643091079,S3-790516747,S3-602709060
S1-875690707	S3-782996969,S3-426128436
S1-761147254	S3-709673189,S2-3501941,S2-548032358,S3-352984136
S1-583252271	
S1-168469822	
S1-599715909	S3-646557318,S2-651185696
S1-462496985	S2-866617113
S1-974263688	S2-166120949,S2-578716193,S3-175252264,S3-536378090
S1-662254036	S3-652327210,S2-804860793
S1-293575826	
S1-66718669	
S1-73445809	S3-914237838,S2-102344569,S2-752053459
S1-37545881	
S1-126835191	
S1-415178532	S3-526109128,S3-30432163,S3-202957782,S3-243190270
S1-519473126	S2-814480550,S3-773753316,S3-531983775,S2-950823459
S1-998600148	S3-89678410,S3-855168801
S1-703642674	
S1-385992518	S2-601253519,S3-285515151
S1-438045061	S2-207428997,S3-561002475,S2-593209041
S1-502254930	
S1-630168137	S2-149435538,S3-966283751
S1-592721607	S3-421260810,S3-691310934,S3-354449287,S2-732380638
S1-439621463	
S1-789364332	
S1-309176672	S2-766808910,S2-746778776,S3-288466824,S3-55079497
S1-143104432	S3-272011085,S2-192409666
S1-674787731	S3-402006139,S2-250678914,S3-813080471,S3-582935252
S1-94166124	S3-194634864
S1-3538329	
S1-644631237	
S1-304572977	S3-601880145,S2-856805679,S2-558546898
S1-276503501	S3-825152459,S3-771275341
S1-857470812	
S1-673845421	
S1-687019476	
S1-873971347	
S1-36292244	
S1-457125612	
S1-870244834	S3-150585361,S2-87950807,S3-953911625
S1-831944359	
S1-448935777	S3-925002096,S3-129830973,S3-42865747
S1-111545050	S2-340879150,S3-657927137,S3-879567751,S2-330085631
S1-853254557	S3-641797612,S2-571602419,S2-30300109,S2-277012537
S1-116643890	S3-251940799,S2-16946283,S2-363007628
S1-200612980	
S1-567000745	
S1-285705161	S2-528898844,S3-369255168
S1-336046622	S3-622610632
S1-395617348	S3-523295264,S2-941177184,S3-775187573,S3-582027916
S1-105374505	
S1-95063910	S3-361894680,S2-214564782,S3-236425949,S3-407241494
S1-375634331	S3-940922702,S2-9622325
S1-589417172	
S1-647523001	
S1-174485250	
S1-500161302	
S1-387663358	S3-580474124,S2-896700091
S1-700084686	
S1-69741974	S3-77059181,S3-97717958,S2-290607813
S1-698418354	
S1-739202769	
S1-120967514	S3-164205268,S3-293887008,S2-712800398
S1-521873987	S2-791064763,S3-814411281,S2-223299279
S1-298495907	S3-667839505,S3-243204840,S2-626860989,S2-584377420
S1-264648333	
S1-752457453	
S1-574300250	S3-750436819,S3-369175145,S2-640889266,S2-535672626
S1-152292646	
S1-724977189	
S1-810703910	
S1-152227514	
S1-238590920	S3-976285312,S2-851533890
S1-28432641	
S1-474032335	S2-145912624,S3-837537868,S3-809583932
S1-106774918	S2-874623434,S3-391343997,S3-910128765,S3-930653734
S1-261235419	S3-393106544,S3-320635229
S1-483459295	
S1-778280395	S3-818910522
S1-403479101	S3-72981199,S2-659428065
S1-450163446	S2-767502688,S2-149454518,S2-637124357,S2-507111011
S1-53820926	S3-889746019,S2-649811226,S3-837198236
S1-653348539	
S1-609047566	
S1-624391586	
S1-705642090	
S1-56855704	
S1-907802823	S3-961923978,S3-478036358,S3-607708502,S2-126359577
S1-630668784	S3-950263502,S3-139415593,S2-687824011,S2-448263261
S1-120780436	S2-711600939,S3-103402651,S2-645309909,S3-127093352
S1-519018011	
S1-696430445	
S1-704615363	S3-678938087,S3-877209426,S2-139773201
S1-547446962	S2-563967021,S2-800439343,S2-554723890,S3-607084466
S1-887215764	S3-299964015,S3-245550893,S2-600057024,S3-868261995
S1-726094552	S2-54632575,S2-266240688
S1-157261708	S3-350959579,S3-741606262,S2-90115750,S2-3447832
S1-887452134	
S1-346217387	
S1-436861056	S3-705267002,S3-616556603
S1-113941613	S2-739176156,S2-423055197
S1-576366269	S3-462762396,S3-73259265
S1-850277232	S2-920042434,S3-308847765
S1-879894434	
S1-223275093	
S1-893085228	
S1-605605844	S3-906730882
S1-257394088	S3-879503733,S3-54752671,S2-203142998
S1-15961489	S3-298950667,S2-824693725,S2-66485784
S1-865013089	
S1-288506579	
S1-619610313	
S1-220004398	S2-677457116,S2-997435158,S2-508847672,S3-258725616
S1-982063720	S3-114243224
S1-650940840	
S1-757816318	S3-819420571
S1-186580088	S2-985040693,S3-569799733,S3-536582923,S3-655695236
S1-928055954	S3-867478848,S3-709291997,S2-738799960,S2-870494940
S1-528129101	S2-51682908,S3-446526794,S2-173365861,S3-685324654
S1-460910085	S2-562745713,S3-631330745,S2-668639127
S1-261271220	S2-781548934,S3-10186835
S1-581081145	
S1-595391424	S3-170660167,S2-810325149,S2-573693817,S3-643580252
S1-197782134	S2-407942238
S1-773472614	S3-923031708,S2-305472334,S2-736615970
S1-618794708	S2-27648752,S3-561330528,S3-404114079
S1-526604902	S3-58470029,S2-126986709
S1-435927341	
S1-605470994	S2-99743988,S2-988154450,S3-463224817,S2-77347239
S1-79952584	S3-114809436,S2-22585856,S2-61166348,S2-390564559
S1-126155693	
S1-394360328	S2-297798682,S3-576954388,S3-693874934,S2-766651146
S1-950635113	S3-395140438,S3-282441656,S3-856740899
S1-194341006	
S1-138601542	
S1-968644511	S3-682555333,S3-874254853
S1-328665339	S2-872202477,S2-534768189,S3-771174591,S3-41933268
S1-437826120	S3-160591042,S2-788956640,S3-408964824,S2-497298211
S1-851780878	
S1-768862033	S2-856552322,S3-927810078,S2-804235326
S1-779070527	S3-869097202,S2-542425653,S2-391414227,S2-542326294
S1-714132759	
S1-249269968	S2-718026430,S3-337923417
S1-875280216	S3-772160635
S1-571906131	
S1-933145174	S2-486556271,S3-559215373
S1-410131110	
S1-309634721	
S1-108982774	
S1-163739317	S3-262714214,S2-117362083
S1-502617856	S2-562179990,S2-972249136,S2-211728846,S3-636960800
S1-895421675	
S1-41253581	
S1-499568853	
S1-593111285	S3-493466756,S3-233615351,S2-259823837,S3-62053688
S1-651592577	
S1-633694052	S2-955413840,S3-579515803
S1-960556075	S3-589589137,S2-975680147,S3-926745238
S1-157160180	
S1-897996534	
S1-47982067	S2-448328928,S3-127190501,S2-248633239
S1-595649812	S2-45498807,S3-529192100
S1-297140586	S3-267488692,S3-197426312
S1-816844407	S2-476388130
S1-432072868	S3-409463602,S3-176632267,S2-761058591,S2-371436307
S1-964036082	
S1-395227476	S2-775333941,S3-684017425,S3-538869600,S3-520579693
S1-666087622	S2-386256521,S3-569807365
S1-216216622	
S1-231684657	S3-548848799,S2-735704432,S2-644911276,S3-363380290
S1-451740345	S3-856260601,S2-372420151
S1-532941081	S3-395199781
S1-672222897	
S1-115764153	S3-647336691,S3-957830462,S3-408387054,S2-312392358
S1-78022818	S2-10504084
S1-357090316	S3-509383454
S1-676612504	
S1-76928646	S2-614710636
S1-644449788	
S1-93558481	S2-803002881,S2-927388627,S3-507531922
S1-332146791	S2-151275106,S3-305628925
S1-400363104	S3-514407560,S3-386671269,S2-697615946,S3-908481083
S1-969661087	S3-672007283,S2-465567264
S1-558476159	S3-594179280,S2-64001503,S2-315610194,S3-363182465
S1-140959764	S2-805533676,S2-235061296,S2-328178111,S2-743024699
S1-786917199	
S1-238119496	S3-800132443,S2-573343459
S1-57716565	
S1-631107770	S2-993884224,S3-63498549
S1-458672776	S3-845957266,S2-871040896
S1-651064034	S3-354098367,S3-970157775
S1-279261214	
S1-714265338	S2-551454341,S3-905823143,S2-155248776,S3-805842409
S1-949946736	
S1-36284638	S2-514830842,S2-400797097,S3-897293356
S1-709505188	
S1-334222600	S3-853901644,S2-747084062,S2-963886152,S3-901334074
S1-722571323	S2-222336531,S3-362368167
S1-760906521	S3-893210996,S2-319448758
S1-232418860	S2-681184811,S3-479080532,S3-840220227
S1-635449778	
S1-321348804	S2-661751177,S3-761857226,S3-676715388
S1-667133336	S2-861095164,S2-811076881,S2-78619132,S3-210122744
S1-815939290	S3-851293538,S3-842284105,S2-5554866,S2-222867229
S1-832714743	S2-749606507,S3-361114168
S1-370528008	S3-772812309,S2-940699098
S1-76448459	S2-56907102,S3-406710409,S2-782887975,S3-986828948
S1-737509623	S2-261448598,S3-81184660,S2-366747896,S2-55449739
S1-642497205	S2-144913047,S2-287551175,S3-638668425,S2-453010381
S1-677255181	S3-409054345,S3-743815616
S1-811762630	S2-854967929,S2-595735933,S3-69657391,S2-898655012
S1-202757152	S2-16168118,S3-358590147,S3-861967497
S1-695756984	
S1-81190950	
S1-397010	S3-991218139,S3-500450497
S1-242884196	S2-322086255,S2-160199739,S2-140084627
S1-489264619	
S1-765336505	S2-922165331,S3-56833290,S2-460889218,S3-597397046
S1-978624317	S3-982034289,S2-40172548,S3-637786473,S2-714354764
S1-626277508	
S1-794238568	
S1-402665113	
S1-621855533	S3-360378414,S2-29050547,S3-269842806
S1-289385737	S3-881420336,S3-869992161,S2-157635229,S2-89021370
S1-906928594	S2-697026774,S3-284362276
S1-756657579	
S1-895915432	
S1-177498932	
S1-209359060	
S1-565181612	S2-762526342,S3-356494959,S3-979992535,S3-993924874
S1-597118020	S3-508770404
S1-252822244	
S1-731666986	S3-298801524,S2-918441101,S2-273249958
S1-796550693	S2-159045555,S2-413072850,S3-627551285,S3-921766036
S1-484788476	
S1-312916460	S2-245381347
S1-391799247	S3-870804522,S3-773474860,S3-669535152,S3-8157025
S1-603667601	
S1-734926859	S2-74804470,S2-470348329,S3-326914932
S1-288265200	S3-124431068,S2-664859351
S1-974565341	S3-316745938,S3-438117817
S1-260325477	S3-959527353,S3-465291587
S1-268430359	
S1-243307828	
S1-935853036	S3-461905761,S3-728555377,S3-403839383,S2-181470145
S1-192872431	S3-147537191
S1-873370629	S2-76249845,S2-942903224,S3-222340832,S2-889126839
S1-528547521	S2-827603224,S2-12546825,S2-60756597,S3-350292707
S1-366739737	
S1-434191404	S3-830792677
S1-481005143	S3-516971791,S3-727198110
S1-583177301	S2-604354419,S3-387101564,S3-127951316
S1-826453768	S2-643475756,S2-364267926
S1-131771564	S2-541082816,S3-963899702,S3-157937977
S1-675579409	
S1-989876268	
S1-176902268	S3-544892876
S1-686674637	S3-485663168,S2-512881302
S1-21096329	S2-776012601,S3-675166596
S1-34035620	
S1-358594796	S2-591489879
S1-15027612	
S1-854846047	S2-401086971,S3-727290428
S1-669954250	S3-94435636,S3-314490101,S2-437797216,S2-370283264
S1-214423030	
S1-507273527	S2-770220898,S2-919276896,S3-233199602
S1-106669338	S3-88114355,S3-728166045,S2-876688469
S1-921935215	S3-732558736
S1-470217044	S2-674148624,S3-241461943,S2-104439963
S1-28943013	S3-447795334,S3-895696560,S2-99334961
S1-612810844	S2-578611447,S3-797960793,S3-469921674
S1-365815567	S2-559297177,S2-45159326,S2-789317689
S1-935529720	
S1-245580135	
S1-989679403	
S1-97811674	S2-550329266
S1-154411637	S2-357931180,S3-252763985,S2-922953513,S3-883436380
S1-778207966	
S1-314459330	S3-785326286
S1-874120058	S3-206671005,S2-681206279,S2-589175766,S2-582008222
S1-842093985	
S1-942054550	S3-228062899
S1-173603788	S3-912821147,S2-681787203
S1-979729497	
S1-508031586	S2-980922146,S3-585657434,S2-14793775
S1-581292552	S2-595632551,S3-471304302,S3-458418118,S2-955621123
S1-667041072	
S1-389977330	
S1-149445927	
S1-243575496	
S1-487303220	
S1-643482695	S2-459452424,S3-632683771,S3-998537693
S1-170143484	S2-561367702
S1-719318264	S3-136706538,S3-402426963,S2-409239156
S1-82976516	
S1-293883829	S2-624155813,S3-813466854
S1-834448789	S3-675167662,S3-439645630
S1-452905392	
S1-600080558	S2-587510839,S2-980300617,S2-667762133,S2-647058808
S1-951809089	S2-949148518,S3-529306336,S3-731339513,S2-885714560
S1-507113858	
S1-960739295	S3-665671280,S3-471049171,S2-161987684,S2-273605232
S1-584262513	
S1-603474171	
S1-763128025	S2-141612894,S3-526386196
S1-682733478	S2-614826467,S3-626545583,S3-109419389,S3-843240629
S1-311975147	
S1-464793312	
S1-567272871	
S1-845030284	S3-213379090,S3-613976748,S3-824232847
S1-769596131	S2-501507936,S3-427170634,S2-300057275,S2-623708432
S1-423819451	
S1-17617506	S2-212451854
S1-485856491	
S1-139362523	S2-277852637,S3-896734370
S1-57240569	S3-5785995,S3-711958078,S2-688178083
S1-546061218	
S1-109033245	S2-929177211,S2-128206969,S3-231024257
S1-682021638	
S1-822627843	S3-912201004,S2-612082186,S2-299723018,S3-200731421
S1-259479021	S3-992631194
S1-183806096	S3-388139918,S2-210642975
S1-253240408	
S1-920445546	
S1-101372742	
S1-228914230	
S1-522905928	
S1-199525969	S2-790636606,S3-167042123
S1-972558761	
S1-79095196	
S1-335251665	
S1-456428190	S2-743492387,S3-265901584,S3-820039051,S3-779932665
S1-85656709	S3-979816421,S3-825970537
S1-4558660	
S1-152089247	S3-109628020,S2-837469019,S2-105633262,S2-221971923
S1-869691178	S3-800899685,S3-878416251,S2-905046938,S2-922433377
S1-104291022	
S1-414848178	S3-775272894,S3-99314821,S3-725132079,S2-298891327
S1-186981355	S2-197215418,S3-836570062,S2-927776004,S2-799789221
S1-347978651	S3-607087978,S2-758308062,S2-345390698
S1-581075824	S2-638263966,S2-495948348,S3-100074275
S1-627053793	S2-707507861,S2-483639981,S3-249767766
S1-451463462	
S1-510087833	S3-741632298,S2-384670815,S2-288595712,S2-218492691
S1-452312939	
S1-815557027	
S1-296550576	S2-491855152,S3-880933155,S3-444788351,S3-916015069
S1-737112367	
S1-950718418	
S1-858853022	
S1-176561641	
S1-21321585	
S1-409530158	S2-395374773,S3-829874706,S2-963863061,S2-929099081
S1-859108767	
S1-117271817	S2-516675633,S2-883518462,S2-930862886,S2-210873120
S1-552181691	S2-803566061,S2-977940350,S3-735448734
S1-96778346	S2-82535154,S3-656803359,S3-296589100,S2-279964031
S1-753424972	S2-757376035,S2-648403562,S3-68703963,S3-450840865
S1-10333754	S3-22496618,S3-635777692,S3-606253141,S3-35870154
S1-174193644	
S1-834890825	S3-482552784,S3-713398104,S2-140613906
S1-618412004	
S1-6699035	S2-764868133,S3-34305175,S3-59796673,S3-538798521
S1-699326200	
S1-707222569	
S1-96561389	S3-888528151,S2-96376018,S3-211259254,S3-422107973
S1-290387366	
S1-179865536	S2-281618488,S3-480199358
S1-744555246	S2-572978146,S3-891173968
S1-409308408	S2-591570941,S3-500039431,S3-345818959,S2-50152525
S1-163814325	
S1-440110504	S2-845303841,S2-905980066,S3-355160084,S2-841493762
S1-109677023	
S1-566251534	
S1-740756163	S2-560278531,S2-68578708,S2-353182626,S3-837908992
S1-365913105	
S1-201485993	S2-809234865,S2-435334576
S1-335130751	
S1-589960125	S3-602369172,S3-631961648,S2-610368993,S3-105727109
S1-726384668	
S1-771738308	
S1-310023442	S2-112796935,S2-340058681,S3-143884760
S1-484421045	
S1-942314696	S3-444749057,S3-838150020
S1-228856025	S2-926942744
S1-120373768	S3-688489644,S3-31041246,S2-148011633
S1-799150837	S2-990513287,S2-984328847,S3-456550192
S1-110684909	S3-798924111,S3-450254604
S1-154959463	S3-677816339
S1-518781471	S3-300942423
S1-855898167	
S1-84373096	S2-267992478,S3-996566761
S1-556736575	
S1-626971518	S3-273295438
S1-247209284	S2-772015566,S2-207063553,S3-560558292,S3-91682316
S1-513215594	
S1-448519919	S2-611937534,S3-669100668,S2-284407826
S1-892077127	
S1-682059547	
S1-836278791	S2-542090053,S3-952803310,S3-982038791,S3-957909526
S1-209225114	
S1-292787827	
S1-846984252	S3-128626732
S1-158754834	
S1-412961091	
S1-593950506	
S1-322092881	S2-411053914
S1-952665377	
S1-336771812	S2-761936642,S2-128647001,S3-475211315,S3-244999783
S1-886582923	
S1-880342864	S3-276088862,S3-551441315,S3-288360155,S2-419684740
S1-333919924	S3-980598881,S3-386336738,S2-119343117,S3-305051165
S1-662399764	
S1-814743816	
S1-428028020	S3-255267636,S2-654636666,S3-516817858,S2-277953063
S1-463647773	
S1-843568766	S3-84987200,S3-486608490,S2-752801411,S2-352238714
S1-21534384	S3-686061567,S2-438786818
S1-226492723	S3-855722399,S2-486654487
S1-510814832	S2-909364216,S2-759440292,S3-467021588,S3-342777018
S1-564637461	
S1-949190587	S2-414855035,S3-901245097,S3-563257980,S3-586339688
S1-114529465	S3-184704549
S1-664053660	S2-68068820,S3-883771625,S3-967577993
S1-955440174	S3-345115468
S1-797195776	S2-732987380
S1-850511104	
S1-175345878	
S1-677193140	S3-911967637,S3-149538758,S3-805699381,S2-852280731
S1-386695672	S3-513705542,S3-817047442,S3-575265939,S2-803111920
S1-921284121	
S1-473040600	
S1-67395661	
S1-620147066	S3-372948654
S1-253659227	
S1-524222976	S2-644292042
S1-776805987	S2-537136460,S3-42643946
S1-737770654	
S1-469655612	S2-19684395,S3-211635304,S3-362426969
S1-763193107	
S1-104543487	
S1-869198040	
S1-942160416	S3-425919758
S1-972531252	S3-104519746
S1-153076982	S2-242201287,S2-489707005
S1-212994375	S3-66278984,S2-414229275
S1-5805579	S2-634078003,S3-682714145
S1-463583659	
S1-279875836	
S1-636600600	
S1-485469727	S3-769452778,S3-743775288,S2-942401998,S3-846558711
S1-982365907	S3-208344458,S2-569494244
S1-196776273	S2-130503974,S3-697785776
S1-294010658	
S1-983853596	S2-43812243,S3-568421450
S1-443612575	
S1-722624546	S3-546557697,S2-674889837
S1-345264982	S3-975720495,S3-286147665
S1-43627250	
S1-571183751	S3-549658186,S3-603410948,S2-877747446
S1-5644201	
S1-990467343	
S1-940573567	
S1-185963729	
S1-327640862	
S1-49403883	
S1-32151494	S2-448042665,S3-975490017
S1-870245397	
S1-246127018	S3-814548707,S3-364403022
S1-974991180	S2-587646555,S3-389823146,S3-633548158
S1-59562250	S2-564124356,S2-585388987
S1-616336390	S2-391009496,S2-898753638
S1-54071392	
S1-418937405	S2-565300792,S2-747957760,S3-936988063,S3-130439492
S1-240842830	S3-22721080,S2-186177645,S3-994904140,S2-956448182
S1-894374264	
S1-478048187	
S1-64043968	S3-867449108,S3-805997191,S3-758844197,S2-671751366
S1-759774745	S2-22521714,S2-609953230,S3-617852646,S2-968665275
S1-965078932	S2-184143573,S3-605296014
S1-495673045	
S1-381275253	
S1-900006657	S3-298761658,S2-422167227,S2-760491142
S1-72819671	
S1-979737681	S2-681768229,S2-942669958,S3-565676564,S3-368695062
S1-597374876	S2-549133342
S1-931064855	
S1-624148809	
S1-333196498	
S1-264025714	S2-521908076,S3-489775862
S1-149176447	S3-878361264,S3-140940454
S1-969426605	
S1-457448706	S2-77599472
S1-147096720	S2-114825306,S3-825691773,S3-483517945
S1-163135194	S3-40274227,S3-349605416,S3-391152080,S2-854622733
S1-441897042	S2-727225070
S1-589375927	S3-923686885,S3-183025013
S1-706474498	
S1-657773045	S3-70184331
S1-222550614	S3-4604104
S1-101819712	
S1-17966801	S2-826400116,S2-825272458,S3-226120878,S3-824421168
S1-40168811	S3-821311008,S3-233228801,S2-451995275,S2-789110642
S1-63129102	S3-83135306,S3-128627621,S3-808336058,S2-541762177
S1-7830508	
S1-690467480	
S1-711295401	S2-280752438,S3-444045102
S1-915158821	
S1-900283837	S3-629116190,S3-580584344,S2-559635626
S1-163938200	S3-289163168,S2-865178062,S3-432227357
S1-244696646	S3-251257461,S3-771720723
S1-651088065	S2-308477717,S2-860089140,S3-932403840,S3-773002613
S1-158500653	S2-699139163,S2-237811003,S3-35441145,S3-83175054
S1-957751289	S2-165657057,S2-932412093
S1-118619704	S3-853453319,S2-919783514,S3-462522989
S1-132212836	
S1-618517184	S2-558197168,S3-621255728,S3-157463183,S3-670070019
S1-680123989	
S1-64910557	S3-542432596,S3-42179749,S2-978000855
S1-172272343	S3-61452358
S1-704461845	
S1-908865873	S2-602970511,S2-944544121,S3-552726536
S1-695129735	S2-73958838,S2-604736694,S2-652764309,S3-79280682
S1-181744804	S2-735210965,S2-169144487,S3-140610704,S2-450048474
S1-207926216	S2-654046038,S2-41677377
S1-460287306	S2-685360625
S1-849060411	S3-190696823
S1-230625934	
S1-391507146	S2-69008605,S3-585765649
S1-464555440	S3-479562564,S3-846677070
S1-158504110	S3-166667915
S1-36843624	
S1-868422067	
S1-939344696	S2-446770915,S3-640112581,S2-97834003,S3-644391021
S1-576886163	
S1-281751782	S3-891218839,S3-330286801,S2-941765711,S2-406539279
S1-552995107	S3-524633377,S3-429288614,S3-172245588,S2-60356288
S1-184231696	
S1-608444182	
S1-656040530	
S1-218171726	
S1-765407380	S2-679086277,S2-370122760,S3-853425927
S1-957292619	
S1-798811815	
S1-293421008	S2-129635147,S2-289017801,S2-138242993,S3-722631714
S1-706117928	S2-272934553,S3-419153,S3-933751243,S3-969720686
S1-432779615	
S1-493063953	S2-126009534,S3-85629874
S1-778944275	
S1-13574622	S3-762446940,S3-29006474,S3-68699288,S3-303605394
S1-3566810	S2-181281259,S3-638341624
S1-727797059	S2-959887723,S2-828460274,S3-465953020
S1-427696630	
S1-685679060	S2-63406442,S2-469595862,S2-127833516,S3-974350421
S1-658196782	
S1-479546914	S3-899742171,S2-9686027,S2-322554322
S1-118570968	S2-481198882,S2-119436885
S1-866996958	
S1-343717277	
S1-323285846	S3-797945223,S2-398246620,S3-173289451,S2-840834725
S1-501721723	S2-253812896,S2-896470729
S1-129796741	
S1-513221650	
S1-93960515	S3-507142096,S3-538448717
S1-304536471	
S1-312638226	S3-864159236,S3-324428407,S3-411963351,S3-765928483
S1-189228364	
S1-531184304	S3-15501745,S3-175364501,S2-268787292,S2-178296427
S1-280590780	S2-311822438,S3-73090511,S2-640198829
S1-644116976	
S1-799207189	
S1-63088956	
S1-984895615	S2-738042854,S3-77380796
S1-601497982	S2-57305568,S2-79666469,S3-870211163,S3-13087824
S1-204110510	S2-821982484
S1-625053510	
S1-338649201	S3-199541242,S3-872493673,S2-824470342,S3-786989220
S1-430252814	
S1-485157353	S2-220310492,S3-545550365,S3-779952016
S1-753007014	S3-861502464
S1-586953445	
S1-909178195	S3-859004795,S3-851032897
S1-186473929	
S1-773455231	S3-40620698,S3-367605132,S3-198239501,S2-198358198
S1-560816784	S2-101554446,S3-460182209
S1-597937957	S3-433538263
S1-216915339	
S1-388173281	S3-500223612
S1-622099715	
S1-482454508	
S1-117576984	
S1-295772178	
S1-529653824	S2-789268523
S1-96304564	S3-401310407
S1-602543732	S3-502345246,S2-115600491,S3-524568591,S3-804383310
S1-119802418	S3-696467739,S2-928350757
S1-765707014	S3-665651267
S1-929896821	S3-604038927,S2-833713114,S3-574171073
S1-577906143	
S1-801239105	
S1-593357526	
S1-869849396	S3-933388337,S2-919033892
S1-802756302	
S1-316229509	S2-322961010,S3-836625573
S1-963716392	
S1-805057576	
S1-182072363	
S1-445022660	
S1-125718729	
S1-509934776	
S1-808588767	S2-952931049,S2-774012148,S2-833120766,S3-305756361
S1-89220815	
S1-708979688	S2-238274622,S2-174279590,S2-948397705
S1-731516826	S3-766486411,S3-523994468,S2-984309949
S1-874555467	
S1-468905549	
S1-921224058	
S1-407798749	S2-112728111
S1-862782345	
S1-491716354	S3-681026221,S2-719235838,S2-919131247
S1-247915253	S3-255366171,S2-245580676,S3-950519273,S3-435480447
S1-516061255	
S1-459175554	S2-847124078,S2-210584807
S1-67184666	S3-377551819,S3-909121794,S3-830067306,S2-243574627
S1-777600735	
S1-733427428	S2-248323727,S3-170792750,S3-26229950
S1-394252949	S3-902594971
S1-351208166	
S1-653233319	S3-682932983
S1-16327772	S3-649441801,S2-742183219,S2-178088200,S3-973149485
S1-298089049	S2-98588014,S2-16903618,S3-229408648,S3-862978078
S1-80408650	S2-876116173,S2-759022035,S3-693683170
S1-187263749	S3-552303787,S3-543350330,S2-506838931
S1-148553176	S3-733887122,S2-272550693,S2-809356748
S1-630391886	
S1-158989902	S2-108931241
S1-246304910	
S1-760042304	S2-122066943,S3-481259421,S2-833378267,S3-763326961
S1-894558946	S3-504237983
S1-569578243	S2-708838742
S1-196191135	S3-819051006,S3-43322276,S3-80261635
S1-750963435	
S1-411524446	
S1-942820384	S3-461753380,S3-815314218,S2-583908346,S2-403848110
S1-301646066	
S1-20431514	S3-38513863,S3-882521499
S1-760479495	S2-59683199,S3-602875597,S2-511269428
S1-261922116	
S1-519738146	S3-171824752,S2-989768280,S2-47150790
S1-342332008	
S1-644804731	
S1-777981900	S2-294285205,S3-353180420,S3-2511555,S3-317897772
S1-606028167	S3-544025987,S2-987495010
S1-339384180	S3-914554628,S2-763394237,S3-162797226
S1-368501319	S3-521735436,S3-156204281,S2-786423938
S1-764397691	S3-721494114
S1-294951075	S3-643827188,S2-769217686,S2-364851987
S1-815123620	
S1-55406091	
S1-575361647	
S1-50517728	
S1-478445103	
S1-408359572	
S1-452010080	
S1-759348252	
S1-336512600	S3-969886023
S1-851311963	
S1-264326821	S2-724375228,S2-431280983,S3-153930301
S1-443095526	S2-936433093,S3-239570716,S3-891848515,S3-156636357
S1-753705456	
S1-13225617	
S1-808343586	S3-487021856,S2-380445991
S1-555505782	S2-824936103,S3-44702160,S3-136058376
S1-709963253	S2-563644814,S3-777441042,S2-257752449,S2-544791974
S1-577286053	S2-347530242
S1-70964295	S3-640423499,S2-753060240,S2-609814452
S1-54213473	S3-788147226
S1-99576137	S3-592083715
S1-489177600	S3-406821991,S2-876412336,S3-976577521
S1-510887967	S2-464464468,S3-398842708,S2-148377877,S2-28232878
S1-751940686	
S1-929714426	
S1-119248605	
S1-957251474	
S1-509388347	S2-950761896,S3-156214897
S1-975106379	S2-351961634,S3-634793789,S3-444057020,S2-221789186
S1-279626537	
S1-925224735	
S1-35987305	S2-711644866,S2-864109768,S2-107944043
S1-574019818	S2-423218463,S2-680665127
S1-837865130	
S1-228807899	
S1-586309167	
S1-14729458	S3-571746804,S2-533637245,S2-921924554
S1-124332575	S2-164927096,S2-599285904,S3-421833493,S3-262131406
S1-816632924	S2-978869882,S2-344984252,S2-399355748
S1-777617987	S3-113667668
S1-995336591	S2-29350100,S3-276209863,S3-581503954
S1-845934658	
S1-476353009	S3-546894677,S2-413532307,S3-252629789
S1-182142999	S3-640479985,S2-73119393,S2-777019567,S3-219896092
S1-157594385	S2-610522728,S3-933595169,S3-939550438
S1-217067398	S2-868774615,S3-525478090,S2-3454839,S3-410877567
S1-650062437	S2-943637271,S2-232947520,S2-171833826
S1-60866268	S2-762667266,S2-709859866,S2-493847838,S2-486345635
S1-618486745	S2-892313864,S2-475640931,S3-658293949
S1-696776533	
S1-392318523	S3-281837478
S1-420123951	S2-59065648,S3-708154671,S2-73358636
S1-262476238	
S1-837459219	S3-341094429,S3-128261193,S2-765030014,S3-746168420
S1-330790044	S2-296372283,S3-221210399,S3-103615680,S3-457566742
S1-259004139	
S1-163641663	S3-131768632,S2-492853177,S2-493495246
S1-556678966	
S1-61799343	S2-371156038
S1-802800554	S3-705610469,S3-178277942,S2-896907838,S3-394106279
S1-114656007	
S1-17686599	
S1-799682393	
S1-133327762	
S1-968162385	S2-78028863
S1-379219664	
S1-35553610	
S1-521646727	
S1-268278146	S2-280087340,S3-113337090
S1-552944560	S2-788307070,S3-932163027,S2-134167255
S1-612772655	
S1-783717900	
S1-193565392	S2-243830721
S1-370489961	S2-934710511
S1-422128808	
S1-13213097	
S1-871266729	
S1-757406164	
S1-383925093	S2-31716841,S2-947612594,S3-494204596
S1-425721521	
S1-745904504	S2-906577378,S2-125575807,S3-442268522,S3-171764596
S1-298523574	
S1-817013109	S2-98886340,S3-628420991
S1-260052551	S2-668076457,S2-249941441,S3-156448394
S1-416925646	S2-466521258,S3-899279312
S1-417350077	
S1-623507466	
S1-495837045	S3-14779034,S2-119040327,S3-488581876,S2-375919542
S1-947032365	S3-401695952,S2-355993020,S3-674668586,S3-882445717
S1-476607688	
S1-456987963	
S1-591287973	
S1-56862464	S3-813288207,S2-669712899,S3-154218199
S1-96069379	S3-162728569,S2-513444080,S2-285636371
S1-51319460	
S1-497865441	
S1-448930301	
S1-864752718	
S1-216248328	
S1-898419289	S3-284656936,S3-933884609
S1-349174227	
S1-182512012	
S1-469687965	S2-927058211,S2-175079392,S3-327202101,S2-545448777
S1-455984469	S3-663414280
S1-657138783	S2-219917175,S3-394336211
S1-686047586	S3-560298988
S1-892775949	S2-576446303,S3-581092815,S3-476326614,S3-234434388
S1-773945306	S2-746861389,S3-366929154,S3-766278226
S1-968876754	S3-295301904,S3-736135036,S3-487107672
S1-406552736	
S1-455986639	S2-821646808,S2-649668962,S2-340046380,S3-112740888
S1-831499648	
S1-28599511	S2-652746752
S1-930274740	S2-924411702,S2-497368593,S3-14704292
S1-168182133	
S1-834433808	
S1-283570991	S2-434379493,S3-826857985,S2-796097143,S3-631859286
S1-356637575	S3-758831974,S2-73035331,S3-839861282
S1-324372688	S2-424840482,S2-565371652,S3-56213172,S2-65821413
S1-634121808	S3-871136221,S3-653694433,S2-137960901,S3-582422083
S1-554863344	
S1-644218682	S3-577098725,S2-468296999,S2-550346364,S3-644889679
S1-404271089	S3-808876046,S2-898423725,S3-402799334,S2-714963499
S1-804350505	S3-536835660,S3-297200285,S3-781056226,S2-530402802
S1-747699416	
S1-584383546	S2-514534642,S3-862637328,S3-77738602,S2-310477781
S1-921126560	S2-447057644,S2-33569235,S3-822495991
S1-185221813	S2-444993610
S1-534558646	
S1-674194575	S2-444679914,S2-665928768,S2-333026510
S1-591636924	S2-595999044,S2-736382775,S3-546415453,S3-939083389
S1-692611929	S2-551371755,S2-197527773
S1-640241014	S2-161751352,S3-812251042,S2-450997166,S2-108757205
S1-34515239	
S1-880806023	
S1-451851393	S2-407142982,S3-436000,S3-855659275
S1-546392546	
S1-667644236	
S1-688177485	S3-624719916
S1-544294147	
S1-586804465	S2-184963935,S2-184799083,S2-599410731,S2-241443533
S1-472770072	S3-893295508,S3-597090754
S1-788780259	S3-490528353
S1-805247171	S3-282514045,S3-209747616
S1-11535729	
S1-129820928	S3-299064782,S2-693025680,S2-260168883
S1-24704703	
S1-670666921	S3-223884715,S3-610590304,S3-376382546,S3-324796316
S1-712206432	S3-935303296,S3-622024672,S3-780710899,S2-96771348
S1-764669890	S3-367694975
S1-863265612	S3-4722292
S1-493623423	S3-593203725
S1-938774475	
S1-336311387	S3-940466275,S2-182124321,S2-414125922
S1-747288419	S2-867990579,S2-414735030
S1-930171334	S3-192204426,S2-329321309,S2-203953820
S1-705815778	S2-54717660,S3-132176894,S3-517207180
S1-190571352	
S1-325455672	
S1-484325837	
S1-363429104	
S1-668505119	
S1-628973512	S2-408970721
S1-541185913	
S1-603881591	
S1-85925141	
S1-368361779	
S1-356029598	S3-795697865
S1-125231721	S3-222454569
S1-899883928	
S1-949108967	S2-772367887,S3-229730952,S3-657077988
S1-717016467	S3-402663073,S3-32043117
S1-717599313	S2-141949977,S2-340346833
S1-190268841	
S1-984791007	S3-716394838,S2-440093010
S1-559706810	
S1-384396691	S3-545342310,S3-85801992,S2-983011185,S2-377895888
S1-187260586	S3-196801351
S1-874920625	S2-985432482,S2-804432861
S1-192511231	
S1-170609647	
S1-760813561	
S1-839538186	S3-282210531,S2-62236501,S2-810693251,S2-120028134
S1-524920268	S2-55327696,S3-985910748,S3-557610116
S1-333431379	
S1-45538892	S2-73783527,S3-862370096
S1-631200622	
S1-544784564	S3-749874854,S3-34713143,S3-886511777,S3-785828871
S1-504912627	
S1-43127474	S2-383124877,S3-936127337,S2-405533621,S3-673126057
S1-889576268	
S1-218056464	S2-529459222,S3-754415222,S3-121120557,S3-653203325
S1-270668137	
S1-989866363	
S1-94868571	S2-397392450,S2-565620800,S2-46230766,S3-636101895
S1-18797348	S2-624629288,S2-960232582,S2-281428770,S3-592532813
S1-994738318	S3-296813666,S3-246223438,S3-411859664,S3-626548227
S1-409185125	S3-626957779,S3-992494065,S3-826344009,S2-935543344
S1-863086803	
S1-288250895	S2-809796178,S2-414229275
S1-523106310	S2-460049184,S2-137368501,S3-629178592,S3-823802233
S1-726229669	S3-759366124,S3-239389414,S2-580176367,S3-115311025
S1-377699572	S2-722823193,S2-616001894
S1-5791047	S2-780715076,S2-454765722,S3-657065687
S1-723427108	S2-917906466,S3-334446392
S1-654820474	S2-768391931,S3-227537136,S3-428274528,S2-501639291
S1-584914711	S2-998323744
S1-949750453	S2-941770864
S1-118820137	
S1-531184534	S2-574485436,S2-836400158,S3-237559205
S1-434701821	
S1-649123691	
S1-929219908	
S1-420285355	S3-869420625,S3-144002144
S1-378632296	
S1-165227715	
S1-58699770	S2-42044572,S2-169684609,S3-50893498,S3-271076717
S1-582277119	S3-506027242,S2-550418055,S3-712238289,S3-612606770
S1-489562301	S3-839542773
S1-91005791	
S1-124974886	
S1-173515104	
S1-844579952	S3-178195246,S2-958448759
S1-24971673	S3-397580225,S3-700198837,S2-456613438,S2-256732515
S1-177168473	S3-625157776,S3-27473706,S3-927914023,S2-628225707
S1-455799563	
S1-280488620	S3-734569374,S3-297530921,S2-809635902,S3-238732798
S1-800686786	
S1-302621425	S3-11143867,S3-611025960,S3-891010611
S1-238138696	
S1-358637900	S2-331767434,S2-604813531,S3-112726127
S1-131060462	S2-632552880,S3-108081453,S2-294843883
S1-497088759	
S1-546118121	S3-292695582,S2-183016687,S3-131584464
S1-787041816	
S1-632881261	S3-14803856,S2-540385886
S1-967291484	S2-757095426,S3-652493665,S2-578930506,S2-481328884
S1-587134703	S2-464144076,S2-539777864,S3-429617447,S3-535230666
S1-429550142	
S1-156334328	S2-848678365
S1-907527696	S3-667367232,S2-312142541,S3-688887476
S1-23512916	
S1-13282819	S3-205047096
S1-235810601	S3-591403999
S1-68713563	
S1-233156406	S2-30208453,S3-707626125,S3-34534813
S1-57718060	S2-705910735,S2-325041616
S1-963063068	
S1-210882972	
S1-828436243	S2-8807862,S2-737246827,S2-570637505
S1-751362371	
S1-297654519	S3-768134203,S3-881554767,S2-204503474,S2-692717518
S1-946853169	S2-153195182,S3-779531369,S2-470250409
S1-163079245	S2-416865459,S2-13708734,S2-818721296,S2-275215681
S1-76225989	
S1-50773342	
S1-718280989	
S1-642474752	
S1-800784358	
S1-363820860	
S1-834216786	S3-523320494,S2-467927270,S3-301279854
S1-241143447	
S1-106827681	
S1-596929765	
S1-370880350	S3-378872535,S3-547306838,S2-873406935,S2-72847474
S1-612587495	
S1-211315595	S3-528674825
S1-688465394	
S1-496876550	S3-476774226,S2-981726425,S2-579064963,S2-473345279
S1-48955987	
S1-999154321	S2-787837615,S3-306890804
S1-14891132	
S1-994086861	S2-864249126,S2-863346389,S3-188805615,S3-511586291
S1-752015303	
S1-734780655	S2-21302655,S3-693360543,S3-613333419,S2-272448462
S1-696501635	S3-572359455,S2-942872496,S2-832214619
S1-687518596	S2-154899270,S3-869333564,S3-697239664
S1-887055111	
S1-761177080	
S1-442900187	
S1-676349283	
S1-601427653	
S1-107062317	
S1-791583401	
S1-144105018	S2-983114731,S2-881495665,S3-943220543,S3-847882944
S1-998492967	S2-243314402,S3-467913894,S2-20355089
S1-195266630	S2-875122626,S2-505592143,S3-697672014,S3-685544853
S1-355337118	
S1-195157995	S2-554525370,S3-826671769,S3-628525936,S2-393002346
S1-765002087	S2-340868132
S1-684821623	
S1-300248427	S2-406229090,S3-308825011
S1-419892660	
S1-411951737	S3-938257889,S3-125786738,S3-479364468,S2-607073057
S1-142821548	S3-111751821,S3-322463755
S1-723716446	S2-663198052,S3-762135892,S3-570572149
S1-734178686	S2-798563647,S2-705165357,S2-578429594,S3-998207428
S1-671863866	S2-111185747,S3-902578962
S1-30642276	S3-596587393,S2-63529299,S3-761442992,S3-30172089
S1-628969040	S3-88508671,S3-646686845
S1-257151991	S2-343982034,S2-12888425
S1-964704	S2-719161305,S3-745346523,S3-126761643,S3-442959804
S1-878117601	
S1-176394183	
S1-44344125	
S1-448276594	S3-646533383,S2-52885093,S3-361793770
S1-818899161	S3-930741262,S2-573725900,S2-808778278,S2-666898006
S1-146084088	
S1-730963905	
S1-973799170	S3-897436870,S2-586495196,S2-348327350
S1-686866467	S3-201616836,S2-979927445
S1-547297847	
S1-182582942	S3-430934268,S2-864742701
S1-732026597	S3-356932525,S2-583395570
S1-176130241	S3-479831802
S1-774425079	S2-385930916,S2-908153046,S3-150987981,S3-533683211
S1-76784188	S2-812391822,S3-163732417
S1-600651431	S2-676073398,S3-763645975,S3-866779790,S3-254751712
S1-584246029	
S1-593000758	S3-788457598,S2-391956680
S1-249199267	S3-889891972,S2-562740261,S3-558453280
S1-485737811	
S1-493651874	
S1-664567265	S2-941934745
S1-439874313	S2-397955074,S2-883302633,S2-138108119,S3-484065017
S1-642967396	
S1-877735464	S3-439391891,S3-529280139,S2-401900329
S1-308270064	S3-196291317
S1-999874962	
S1-175195951	
S1-46720515	S2-790326204,S3-494717335,S3-385341381
S1-582308522	S3-589209989,S2-627138559
S1-605439818	
S1-340781146	
S1-653335564	S3-596777560
S1-985436692	S2-109926043,S2-772709757,S2-683949130,S2-351573146
S1-748399002	
S1-41512040	
S1-476504542	S2-838243578,S3-913151785,S3-163834593,S2-962182838
S1-507216331	S2-21366517,S2-353314232
S1-75214009	
S1-132646577	
S1-751284225	
S1-650281196	S2-493027847
S1-708937249	S3-67215529
S1-460231436	S2-29536232,S3-609505561
S1-432840681	
S1-659939777	
S1-370663947	
S1-896774176	
S1-708068082	
S1-318095088	S2-70073858
S1-556158205	S3-72455176,S3-979902032,S3-336182711,S2-182745076
S1-930836636	S3-372298683
S1-292802945	
S1-425510776	S3-713106035,S2-447706580
S1-795319153	
S1-55236037	
S1-571073215	
S1-525854919	
S1-286940951	S2-542321447,S3-913472036
S1-643148499	
S1-166856298	
S1-213604829	
S1-794065379	S2-529455063,S3-917795629,S3-329452711,S2-392969703
S1-532600781	
S1-834256411	S2-458165420,S2-989046946,S2-317649638,S2-30787359
S1-743215171	
S1-963473819	S3-674895158,S2-931739360,S2-435515880,S3-285105994
S1-318069214	
S1-235832028	S3-35752826,S2-656195060,S3-25792273
S1-274721192	S2-178873085
S1-363700124	
S1-760435535	S3-993611903,S3-15444459
S1-242585571	S2-292043320,S3-129742323,S3-479459522,S3-287817402
S1-910723464	
S1-502254574	S3-363543975,S2-694155723,S2-502040372
S1-609321723	
S1-989507897	S3-536133785
S1-242503432	S2-344578331,S3-733394261,S3-707031204
S1-140969030	S2-750470202
S1-77466433	
S1-267437081	
S1-906827351	S3-881212350,S2-964893551
S1-494530846	S2-47918842,S2-752371073,S3-360908459,S3-291601486
S1-376676026	
S1-995934875	S2-940342597
S1-214728468	
S1-638856849	S3-270884590
S1-879290041	
S1-743723575	
S1-198624180	
S1-327101999	S2-890628530,S3-178667791,S3-612907263,S2-834505886
S1-627250721	S3-931219569,S2-365101205,S3-787493386
S1-152405419	
S1-950566138	
S1-679550354	S3-550773253,S3-478189317,S3-357392130,S3-190447024
S1-100270767	S3-671666769
S1-334834261	S3-105260826,S3-625176041
S1-567283320	S2-352508065,S2-696707881,S3-595222887,S3-590805116
S1-710449217	
S1-670257429	S2-943749126,S2-603392499,S3-354403066
S1-53461756	S3-570488204,S3-832421968,S2-858063269,S2-409055346
S1-180283320	S2-67095145,S2-133892144,S3-514928377
S1-534905762	S2-223010414,S2-979465720
S1-934783544	
S1-896359503	
S1-690518517	S3-898196037,S2-683385616,S2-545029841
S1-143916720	
S1-535470057	S3-153041515
S1-681165005	S2-693266139
S1-728796333	S2-796439050,S3-468802858,S3-245858530,S3-271960044
S1-666806970	
S1-765961332	S2-106410628,S2-462857177
S1-513604733	
S1-158301284	S2-188892272,S2-337298720,S3-473819468
S1-681494206	S2-978202034
S1-215737376	S2-432859662,S2-270377289,S3-906700681
S1-453909280	S2-374485264,S3-188101195,S3-967794925,S3-454083997
S1-961499004	S3-894971901,S2-45010011,S2-750894303,S3-522853747
S1-780591013	
S1-628147827	S2-143123232,S3-135817745
S1-674923755	S2-752510936,S3-689940276
S1-140006058	S2-761824257,S3-208325835,S2-151620974,S2-648326523
S1-678311324	
S1-81094568	S3-428345398,S2-583906171,S2-505181777
S1-260206510	S3-515452635,S2-547042517,S2-793038697,S3-313755103
S1-669387985	S3-281464617,S3-431117034,S2-12814070
S1-777009812	
S1-368376038	S2-164366210,S2-621678969
S1-691992578	
S1-781866260	
S1-275992661	S3-56175958,S2-204633310,S3-988347453,S3-164456917
S1-977302068	
S1-143896694	S3-571828998
S1-66634682	S2-288764046,S2-355330432,S3-956233558,S3-507919448
S1-296083465	S3-833972168,S3-200743763,S2-667116266,S3-223139446
S1-222127750	
S1-545006850	S2-936668518,S3-875661753,S3-653596164,S3-155435590
S1-407555318	
S1-712224388	S3-604258884,S3-512706329,S2-888268596
S1-971817455	S2-603238832,S3-68982283,S3-39062339,S3-123098204
S1-605658132	S3-797023659,S3-310676091,S3-438357891,S2-921227607
S1-491068005	S2-918259962,S3-29715531,S2-206062795
S1-286420024	S3-401776863,S2-278466948,S2-919263656,S3-648161175
S1-26665586	S3-906821082,S3-212708143,S3-954059081,S2-106078758
S1-887575859	S2-910586264,S3-296282751,S3-99411149
S1-271714647	
S1-271875670	S2-888994578,S2-103220521
S1-824498215	
S1-306428183	S2-379436258,S3-169084650,S3-222168420
S1-427508130	S2-972955756,S3-662759901,S3-213658210,S3-44125065
S1-707690345	S3-449193800,S3-47566911,S2-517109043
S1-175644321	S3-566818739,S3-978673476,S2-808718017,S2-761094400
S1-149276409	
S1-640155193	S2-224236577,S2-876027057,S3-858156356,S3-561891998
S1-961428628	S2-975522236,S2-517526897,S2-467648694,S3-586590524
S1-944612877	S2-988473119
S1-260289157	
S1-382393140	
S1-685944275	
S1-691615940	S2-748691171,S3-955477709,S3-397491565
S1-251355086	S3-194840044,S3-66531425,S3-592814717
S1-10497148	
S1-136706883	S2-488306319,S2-457138728
S1-379525941	
S1-885864924	
S1-435995236	S3-823791216
S1-299222176	
S1-6046127	S3-93538348,S2-408493057,S2-505045530
S1-912625451	
S1-5997666	
S1-613628356	
S1-344165509	
S1-948904693	
S1-312259151	
S1-811412057	S2-958946612,S2-849910482,S3-154745208,S3-905521436
S1-861478354	S2-612424199
S1-596655705	S2-634590273,S2-305653473
S1-198396313	S3-988536104,S3-441274395,S3-937994116,S3-82601876
S1-563699167	S2-199554444,S3-65761982
S1-881813159	
S1-117658039	S3-169726500
S1-72753160	S3-547452271,S3-477441444,S3-108280562,S2-770307545
S1-567654608	
S1-745292560	
S1-99595593	
S1-808864273	S2-257819235,S3-947647173,S2-226130443
S1-107260082	
S1-263149000	S2-251092923,S2-14681501,S3-480007268
S1-328522501	S3-318386149,S2-340073715,S3-579874763
S1-341046088	S3-669992832,S2-379536033,S2-787319277
S1-474769599	S3-451652016,S2-558501458,S3-67784653
S1-419712070	S3-764806484,S2-450531594
S1-658630699	
S1-213028316	S2-790513496,S2-426120685,S3-923157905
S1-346564017	S2-202760797
S1-207267909	
S1-365634235	S2-615475005,S3-410713584,S3-108642930,S3-603593676
S1-779925374	S2-983302306,S3-960879294,S2-23853688
S1-82023716	
S1-86868293	S2-264761984,S3-631945948
S1-454613668	
S1-288368306	
S1-838481891	
S1-905263981	
S1-828030869	S2-644589158,S3-48999246,S2-685840687,S3-806109482
S1-939470714	S3-705894183,S3-633139793,S2-613768693,S2-555226637
S1-237473819	
S1-367523310	S2-454063684,S2-642118041,S3-890697954,S3-263357936
S1-771697550	S2-210445629,S2-740667859,S3-175047266,S3-538479230
S1-729951316	S2-104330886,S3-473972895,S2-87112648,S3-176944872
S1-769206771	S2-162029938,S3-117209140,S3-101837553,S2-406495353
S1-351519275	S2-631743483,S3-709039575,S3-449456383,S2-419532255
S1-953593844	S3-687857173,S3-525119913,S3-435291270,S2-127535738
S1-765251832	
S1-167289682	S2-664144031
S1-404697283	
S1-500464873	S2-477744568,S3-292470309,S3-758358277,S3-631610091
S1-336357570	S3-143829508,S3-596238636
S1-233085213	
S1-269052803	S3-357472549
S1-566543924	S3-27017708,S3-195214080,S2-405404241
S1-987707071	S3-949347490,S3-881830681,S3-407094411,S3-328325185
S1-365640936	
S1-547822936	S3-479581676,S3-628937847,S2-394014608,S3-384667680
S1-700707727	S3-838211730
S1-97905749	S3-289399638
S1-109072332	S3-7266078,S3-149786678,S2-346135655,S3-661128230
S1-407111440	
S1-321806802	
S1-703659328	S2-525623707,S3-135175856,S3-947857812,S3-44424532
S1-543165007	S2-680281294,S3-644786068
S1-423829774	S3-682938588,S3-822531871,S3-669241444,S2-804822427
S1-816397610	S2-744078191,S3-544077132,S2-134249641
S1-609574903	
S1-454133804	S2-59016061,S2-677267267,S3-82681293,S2-959053596
S1-620542121	
S1-587381004	
S1-258524437	S3-127950164,S3-970679417,S3-723247972,S3-516456247
S1-627567105	S2-23052336,S3-983428753,S2-949859378,S2-813617935
S1-588863179	S2-225972931,S3-928749372,S2-177093021
S1-541555959	S3-26293744,S2-251205875,S3-742121709,S2-384567476
S1-904615514	S2-60470160,S3-67665448
S1-30267810	
S1-705960407	S2-141770217,S2-385789652,S3-432383601,S2-154298752
S1-79462921	
S1-582358415	
S1-789219306	S3-724488070,S3-691792906,S2-120557165
S1-999448184	S2-670204632,S2-183767167,S3-862596447
S1-723089708	
S1-709006095	
S1-128947559	
S1-433115861	
S1-203476421	
S1-930134810	
S1-831814024	
S1-520688979	S3-392173737,S2-505345943
S1-564682778	S3-159219188,S2-204554700,S3-198777214,S2-973977753
S1-650054972	S2-742644128,S2-433203462,S3-960206092,S3-210033048
S1-747834789	S2-346378884,S3-396836151
S1-680806339	
S1-872833347	S3-188269679,S3-896305567,S3-534902905,S2-129807377
S1-311360500	S3-288900314,S2-554539735,S2-611873517
S1-261851132	S3-857918717,S2-803884522
S1-808183261	S3-605752563,S2-67553207,S3-876891092,S2-279553509
S1-951155720	S3-237078271,S2-611591405,S3-129361114
S1-925046436	
S1-265160937	S3-174100894,S2-228428116,S3-491626586
S1-29744004	S3-180876757
S1-302461695	S2-36747880,S3-420979078
S1-685317715	S2-492531555,S3-474907903
S1-625767257	S2-549570099,S3-575030462,S2-209991732
S1-491752338	S2-420780450,S3-167652544,S3-703536795,S3-827554764
S1-371271155	S2-235056807,S2-771028982,S2-768460738,S3-979400191
S1-155119368	S3-498409432,S2-997936234
S1-61834700	
S1-730434151	
S1-733015000	S2-979074449,S3-646866705,S3-201019319,S2-650866827
S1-767953396	S2-187031344,S3-14367303,S3-893953283
S1-640492978	S3-337772166,S2-876810972,S3-296602141
S1-497553094	S2-659247351,S2-880506136,S2-738156505,S2-604228902
S1-870588865	
S1-906468818	
S1-703201890	S3-167908257
S1-492657557	S2-981799065,S2-299686938,S2-492005104,S2-33840611
S1-160484654	S2-699507230,S3-237249413,S3-47048328
S1-194602904	
S1-566532762	
S1-923172370	
S1-500841322	S2-103826143,S2-441507670,S2-834528245,S3-492649822
S1-840552725	S3-155342189,S3-806187572,S3-213793063,S2-302326888
S1-14558904	S3-73290985,S3-584739929
S1-328490950	
S1-37552242	S2-205802261,S3-535976410,S2-712246522
S1-897991435	S3-696500551,S3-280430848
S1-379895428	
S1-67139624	S2-839794828,S2-74282948,S3-483014239
S1-411204695	
S1-494023367	S2-887102717
S1-602781551	S3-950686785
S1-882135057	S3-357420775,S3-209746023,S3-766997514,S2-708722131
S1-500417850	S3-303523856,S2-536075864,S3-345281528,S3-975186626
S1-588088054	S3-75452700,S3-719050267
S1-563215633	
S1-190826663	S2-755034844,S2-191418479,S2-111526286,S3-711089348
S1-589312519	
S1-186285378	S3-888082009,S3-526732434,S2-888964719
S1-541968267	
S1-987291149	S2-650400231,S3-254454815,S2-259816949
S1-845283748	S2-582420986,S3-260015671,S3-974170430,S3-776320886
S1-664735170	
S1-900142319	S3-938971966
S1-475167472	S2-298175902,S3-568293935,S3-909444876
S1-162550940	S3-240220426,S3-963832839,S2-56033320
S1-168061984	
S1-993714175	S3-650522272,S3-374043073
S1-379964205	S3-681315631,S2-30130721
S1-731433428	S2-82762403,S2-52876474
S1-756944080	S2-603011842,S3-251355614,S3-355218815
S1-201887907	S2-824557387,S2-263167869,S2-142033430,S3-563141920
S1-173852392	S3-898852050,S3-680402840,S2-421111612
S1-747167670	
S1-775777377	
S1-971647214	S3-971100023,S3-70085307,S2-521992609,S3-134560597
S1-329019111	
S1-877851271	S2-806750657,S3-929808868,S2-841069773
S1-170051983	
S1-473413685	
S1-425834720	S2-327182563,S3-586218137,S3-150324685,S2-853440776
S1-128975719	S2-176072872
S1-54780386	S2-380699633,S2-18431547,S3-171293428
S1-381753293	
S1-204835412	S2-443765893
S1-322271380	S2-168136424
S1-159522911	
S1-767417606	S2-153524306,S3-62124462,S3-771178397,S2-587996110
S1-611246352	S2-671913953,S2-270995406
S1-828265328	S3-717248340,S2-972570469,S2-435500270,S3-498690863
S1-502748252	
S1-480428659	
S1-516221786	
S1-794399738	
S1-533031533	S3-216803987,S2-227227974
S1-838903537	
S1-284374471	
S1-665470770	S3-736792169,S3-89681064,S2-502210449,S2-786852432
S1-512415453	S2-404738760,S3-385885826
S1-640074249	
S1-76440082	S2-441662069
S1-876217504	S2-776651797,S3-914924201
S1-714525163	S3-691715620,S2-460490910,S2-752272746
S1-769665546	S3-434656415,S3-963887514,S3-788400070
S1-633462587	S3-375854169,S2-836975322
S1-193920247	
S1-595523011	S2-883733305,S2-216350776,S3-460162518
S1-310986770	S3-815831411,S3-594354734,S2-707731133,S2-29239434
S1-912141234	
S1-811090379	S2-995203204,S3-761412245
S1-502609184	S2-472478888,S2-267342431,S3-229817170,S3-464498845
S1-767069202	
S1-732999930	
S1-854573768	S3-759896321,S3-436220903
S1-220028665	S3-587884545
S1-516782070	S2-934847738,S2-271319867,S3-948319210
S1-433661303	
S1-752923411	
S1-405089145	
S1-111166499	
S1-34408750	S3-108174892
S1-124261740	
S1-344975374	S2-693792935,S3-601923381
S1-245234478	S2-281034339,S3-891817742,S3-446939761
S1-125445026	S3-396173871
S1-88516267	
S1-315641564	S2-1013531,S2-883187771,S3-923509721
S1-631272697	
S1-228922114	S3-696421377,S3-870286388,S2-521239754
S1-552769917	
S1-454012233	
S1-79988607	S3-257405144,S2-778850432,S2-716788013,S2-676143122
S1-371727395	S3-641500930,S3-507307968
S1-156556008	S3-865989935
S1-911640834	S3-825208417,S3-599221955,S2-578385274
S1-148725334	S2-293334385,S3-331998537,S2-22223472
S1-29312501	
S1-316499787	S3-705871278,S2-849266233
S1-603358092	
S1-938164781	S3-987964162
S1-201515704	
S1-987912723	
S1-391221718	S3-842464470,S3-901323955,S2-144600017
S1-698555009	S2-959269275,S2-287238687,S3-933393199
S1-325356510	S3-653193813,S3-684808514,S2-803228968,S2-719004534
S1-641655053	S3-255804116,S2-51042155
S1-91726135	S3-802297533,S3-165926731,S2-26261816,S2-207098102
S1-668431169	S2-824532294,S2-689712124,S2-58065970,S3-161548168
S1-393597563	S2-240194714,S2-173520387,S2-727696171,S3-86680872
S1-827932856	S2-873311372,S3-162326791
S1-846847041	
S1-462742337	S3-452080088,S2-527341066
S1-259048822	S2-897180315,S2-329931032,S2-587261282,S2-96920217
S1-239873049	S2-126299650,S3-770921108
S1-379562176	S3-839447949,S2-375795616
S1-647789763	
S1-723465707	
S1-844810391	
S1-278787998	
S1-440705108	
S1-689862715	
S1-905468254	
S1-521207385	S3-711300640,S2-47897044
S1-837413975	
S1-407424766	S2-836656872,S2-80427304,S3-978883007
S1-648133032	S3-589125304,S2-126563777,S2-703459741
S1-536075780	
S1-473920584	S2-652931552,S2-449016034,S3-497992050
S1-375232890	S2-333455538,S2-266994607,S3-534448558
S1-510987779	
S1-141434294	
S1-616395064	
S1-836478066	S2-293124114,S3-410194842
S1-942311482	S3-754055508
S1-693184682	S3-896322546
S1-541368833	
S1-644753113	S2-432698172,S2-367652710
S1-975903278	S3-309523467,S3-644876591,S2-629660540
S1-923819174	S2-81081808
S1-706014441	S3-430683432,S2-315563241,S3-572174325
S1-925657592	S3-765867523,S3-652698763,S2-440413949
S1-736365829	
S1-198483949	S2-101614618,S2-264992972
S1-161514067	
S1-645404822	
S1-472103938	
S1-459852778	S2-216622243,S2-121406080,S3-483278442,S2-714701119
S1-235494406	
S1-777676458	
S1-366564102	S3-635008601,S2-866124932
S1-925276858	
S1-470226845	
S1-736418568	
S1-908669434	S2-56992174,S2-159217406,S3-669275061
S1-77996612	S2-632493815,S2-542586458
S1-39474716	
S1-506472762	S2-13955393,S3-642782955,S3-365794368
S1-888926183	S3-258172276,S2-647549061,S3-582433328
S1-345814756	S3-990693636,S3-306183742
S1-83010369	
S1-691677911	
S1-409480835	S2-86772518,S2-630491062,S2-866617113
S1-124810991	S2-106661943
S1-250815240	
S1-197156361	S2-753540609
S1-161058555	S2-645858548,S2-891076713,S2-380969172,S2-107815616
S1-276310049	S3-688747058
S1-489165967	
S1-212460484	S3-150375149,S2-743331104,S3-602676149
S1-502651687	
S1-14578594	S2-694705225,S2-26172799,S3-312059419,S2-207333111
S1-536158269	S3-882000034
S1-507862589	S2-456994101,S3-38800830,S2-769828998
S1-540607061	
S1-700414326	
S1-366417267	S2-640909
S1-914377933	S3-137949314,S3-950880722,S3-844556011,S3-806201828
S1-499058583	S2-346571891,S3-50016125
S1-143573691	S3-957594502,S2-256633843
S1-473841718	S3-789878832,S2-178369587,S2-835297547,S2-655082194
S1-381711043	
S1-261417962	S3-170344347,S2-255406733,S2-234247268,S2-435813735
S1-428573398	S2-624211358,S3-109004196,S3-488847256,S2-130729805
S1-652672905	S2-270158236,S3-324313194,S2-903146852,S2-127981515
S1-181179893	S3-374094119,S3-862385626,S2-746819387
S1-332524891	
S1-406912140	
S1-558067510	
S1-990026822	S3-379864109,S2-657541389
S1-366744707	S3-111164206
S1-489184102	S3-504568113,S2-179991858
S1-793792745	
S1-961258889	S2-167046155
S1-28072910	S2-253692515
S1-263490711	
S1-961996823	S2-228865101,S2-57172253,S3-974613123,S3-934236905
S1-752267018	
S1-48696880	S3-283800936,S3-866300860
S1-147598013	S2-920922058,S3-52462007
S1-118394074	
S1-816162918	S3-798670523,S3-638017282,S3-216883584
S1-577412773	
S1-717099531	
S1-2077247	S2-965155611,S2-843719226,S2-208571657,S3-536740006
S1-657615945	S3-623666586,S2-431771255,S3-237707899,S3-151056649
S1-52821063	S3-586688399,S3-381602851,S2-16133756,S2-206745951
S1-716883145	
S1-720534587	S2-507269322,S3-114453921,S2-391630993,S3-393082197
S1-588462365	S2-624469834
S1-75767601	
S1-978103935	S3-244848083,S2-803829024,S2-594189495,S3-221130908
S1-42658161	
S1-161418438	
S1-886107699	S3-377176321
S1-510188828	
S1-968879549	S2-778318003,S2-699038214,S3-352699598,S2-80200223
S1-2893680	
S1-602994891	
S1-194351855	
S1-106307602	S2-928217474,S2-559719590,S3-721394838
S1-832683363	
S1-107774842	S2-590413006
S1-715151495	S2-395772965,S3-84729757,S3-663704449,S3-970829740
S1-738807473	S2-833112962,S2-736288056,S3-529000554,S2-475876839
S1-860489747	S3-879503032
S1-484385897	S2-572733458,S3-149564791,S3-252471530,S3-998359298
S1-403998273	
S1-986730727	S2-873584042,S3-707728754,S2-797038785
S1-649241207	
S1-416281551	S3-720040227
S1-718356395	S3-888761427,S3-752214594,S3-68439811
S1-690026435	S3-400716640,S2-952857819
S1-573605179	
S1-548134094	S2-438715803,S3-70191083,S3-390250388
S1-34025533	
S1-253181301	
S1-20076737	
S1-676764762	S2-632667911
S1-463249885	S2-558312341,S3-834466392,S3-806292767
S1-161776280	S2-98134154,S2-629683298,S3-704080093
S1-13111560	S3-862775598,S2-177638385,S2-70494579,S2-416415004
S1-28683691	
S1-261109603	
S1-416017919	S2-320965503,S2-241008719,S3-455363287
S1-700518821	S3-213553536
S1-755143601	S2-466556282,S3-295033397,S3-503715613
S1-814563521	
S1-826623745	S3-739574100
S1-619192696	
S1-152915046	
S1-257182770	S2-766595114,S3-912811767,S3-921702362,S2-268381135
S1-960660984	S2-135774215,S3-417324097,S3-53596951
S1-856029821	S3-866200944,S2-308720435,S2-116552037
S1-657488693	
S1-111541268	
S1-562327433	
S1-857100098	
S1-819764742	S2-366658607,S2-739469239,S3-333475616,S2-627730530
S1-808055235	
S1-43252572	S2-173553343
S1-206350488	
S1-326674643	S3-324353990,S3-285508684,S2-705670292,S2-165218573
S1-900764332	
S1-823924539	
S1-234426207	S3-711682216,S3-656451618,S3-628681478
S1-972939224	S3-879314232,S3-249301909,S2-260513949,S3-49165965
S1-966515277	
S1-557036457	
S1-366199873	
S1-522529938	
S1-650760058	S3-694265108,S2-237663082
S1-701675158	
S1-685164281	
S1-710478540	S2-808986471
S1-993545285	
S1-779407151	
S1-774785643	S3-676664533
S1-576905103	
S1-150366348	
S1-294400611	S3-838074309,S3-979874164,S2-515811446
S1-900971164	
S1-801888350	S3-458793427,S3-261682678,S2-424843610
S1-509818935	
S1-389186831	
S1-463745083	S3-947580611,S3-670329064
S1-146497659	S3-457397065,S2-653637198,S2-995539428,S3-861967497
S1-644207060	
S1-927650610	
S1-743234327	
S1-365362082	S3-212876298,S2-390974534,S3-635375242,S3-790957092
S1-980860568	
S1-165652243	S2-800343852
S1-517598620	S2-319125503,S2-314550254,S3-700383159,S2-166470842
S1-998301575	S3-669701347,S3-287161754,S2-216870949
S1-752058106	S3-548806724
S1-174303276	
S1-81530427	
S1-416031927	
S1-64214057	S3-416216092,S2-533513662,S3-7523615
S1-805543748	
S1-236108309	
S1-170614724	S2-257643198
S1-106707095	S3-119630408
S1-382683617	S2-566875454,S3-256408289,S3-281209006
S1-602518104	S3-359314465
S1-415683397	S2-442710808,S2-462244217,S3-171726185,S2-95364632
S1-426302172	S3-544394634,S3-502846006,S3-726444173,S2-431436252
S1-461388586	
S1-710381109	S3-840039588
S1-786724667	
S1-112808498	S2-527841700,S3-2712753,S3-829534373
S1-877620708	S3-3197713,S2-23028639,S3-313887560,S3-367689620
S1-102756039	
S1-89219340	S3-524931566,S2-663357642
S1-855705336	
S1-544584333	S3-196723617,S2-769118236,S3-984763052
S1-881087771	
S1-303735429	S3-311328939,S3-649989184
S1-88440123	S2-438411329,S3-630734522,S2-474256069
S1-771079960	
S1-908921001	S3-770409784,S3-489710745,S2-60271174,S3-604175051
S1-293800458	
S1-946958433	
S1-337758310	
S1-328854490	S3-368795486,S3-31151568,S3-749854867,S3-367259331
S1-31369856	S3-416345431,S2-328985497,S3-60793628
S1-940126671	
S1-959147956	S3-53350267,S2-28962965
S1-833920238	S3-127417386,S3-104666661
S1-710846677	
S1-971250320	
S1-368039250	S3-570800921
S1-271893331	
S1-549307648	S2-713112386,S2-755144037,S3-280559119,S3-870933487
S1-871732872	
S1-760053436	S2-572399186,S2-342328358,S3-607178248,S3-81387267
S1-267973131	
S1-759423299	S3-739185363,S3-328203110,S2-563002402
S1-836403584	S3-746763348,S3-135946132,S2-587924349,S2-257108313
S1-902246936	
S1-669998973	
S1-707892331	S3-835945782,S3-767406871
S1-751771201	
S1-890332284	S3-46592539,S3-449290711,S3-339972497,S2-693654126
S1-688339461	
S1-73188245	S2-455770123
S1-756914616	S2-821832475,S3-714117994,S2-958891553,S3-812029084
S1-7940319	
S1-61707940	
S1-340539030	
S1-768341322	S2-145897589,S2-409191310
S1-950375101	S3-471402502,S2-673067348,S2-685037956,S3-568884871
S1-855670900	S3-265822089,S3-693700162
S1-166369145	
S1-235148804	
S1-784972200	S3-22920331,S3-918023137
S1-310458707	
S1-748204250	S2-845847870,S2-268295151,S3-578485996
S1-924757726	
S1-274927765	
S1-265916927	
S1-350010068	S2-819076381,S3-784946119,S3-340307355,S3-221475734
S1-571071950	
S1-340797049	S2-219220724,S3-838323810
S1-570997212	
S1-26893077	
S1-57615669	S2-218186190,S2-954796561
S1-461519964	
S1-637272153	
S1-541886117	S3-594769564,S3-486057203,S2-97218727,S2-747514442
S1-686725602	S2-443910448
S1-606230776	S2-143735196,S2-260026429,S3-903551576,S3-157744548
S1-557023019	S2-409244482,S2-218255095,S3-823939473
S1-50594774	
S1-394582517	S3-765711975,S3-331518572,S2-539001447,S2-353378474
S1-862712104	
S1-352466626	S3-275354810
S1-171471570	S2-504091168,S3-514445064,S3-202846580,S3-402426022
S1-116495105	
S1-249470650	S3-195518481,S3-135861741,S3-407875977,S2-566143756
S1-131820283	S3-664737158
S1-381588916	S3-877957467,S2-217396733
S1-631914802	S2-942025238,S3-572661663,S3-338304397
S1-668589220	S2-318646158,S3-826944667,S3-444607572,S2-15794915
S1-751543235	S2-251261175,S2-62655075
S1-530544244	S3-212892047,S2-197751950,S3-10588046,S3-614194890
S1-359843209	S3-132260640,S2-319634275,S2-86991151,S3-712505819
S1-219543055	
S1-143209061	S2-839374924,S3-473843736
S1-990556419	S2-742038889,S2-134377823,S3-79719956,S3-356225967
S1-392709253	
S1-429667480	S2-179760675,S2-713703381,S2-390714922,S3-515413805
S1-649050984	
S1-382291327	S3-921464282
S1-9187875	
S1-548148076	S2-397950887,S2-527997403,S3-915872315,S3-116680834
S1-867392844	S2-731593581,S2-738357943,S3-733887391,S3-616611505
S1-745684686	S2-546594540,S2-239763739
S1-779679163	S3-323986738,S2-9816311,S3-654131096,S2-435145437
S1-456342315	S3-932630631,S3-72187504,S2-758995468,S3-64821992
S1-596866990	S3-422863860,S3-21157606,S3-303385214
S1-441655063	S2-904896126,S2-591717705,S2-544023231,S2-951619538
S1-323996349	S2-661901897,S2-151818515,S2-935681167
S1-26559048	
S1-426604517	S3-185111113,S2-613627475,S2-865931638
S1-218073183	S2-817548744
S1-804714809	
S1-437912304	
S1-870957702	
S1-695826805	
S1-191844488	S3-919626474,S2-767795042,S2-756330177,S3-708428015
S1-107053845	S2-26374709,S3-759468319
S1-451547665	S3-723120481,S3-491924286,S3-458556694,S3-176075100
S1-724798545	S2-361635990,S2-769756211,S3-848664626
S1-600990202	
S1-309197459	
S1-103240129	
S1-393195513	S2-862812315,S3-6345145
S1-486675299	S3-610185702,S2-451923897,S3-97147490,S3-32179074
S1-33916912	S3-693386624,S2-563364957
S1-503473618	S3-597157523,S2-942970592,S2-880954252,S2-806418063
S1-804869465	
S1-38399063	
S1-639338407	S2-502006375
S1-136262077	S2-480179227,S2-843241601,S3-862242661,S3-84654538
S1-362270557	
S1-466807866	S3-700438418,S3-443380000,S3-354940625,S3-235555059
S1-864999945	S2-788141583,S3-421573293
S1-813485527	
S1-523758033	
S1-107333176	S3-929545943,S3-913985198,S2-894053710
S1-230814426	
S1-826336612	
S1-390691679	
S1-602521664	S3-373720104,S3-136600018
S1-829895706	S3-210073296
S1-575324787	
S1-275419997	S2-214474995,S3-116175449,S3-785264655,S3-639561428
S1-782634448	
S1-36047762	S2-461256817,S2-651707427,S3-978016634
S1-155554520	S3-307472962,S2-634589436,S3-951921480
S1-1235487	S3-518496335,S3-549184393
S1-463350969	S3-37630888,S2-42308270,S2-3055010
S1-994975917	S3-137931835,S3-319029559
S1-532848102	
S1-512212854	S3-723025292
S1-33291368	
S1-72859466	S2-773051266,S3-42487489
S1-41940657	S2-917094295,S3-79304461,S3-431678883,S3-759921402
S1-390004460	S2-312054014,S3-106444171
S1-383310329	S2-671043823
S1-783350166	S2-705414738,S3-742535637
S1-894447768	S3-636510248,S3-308237288,S2-170882745,S3-498389748
S1-856833716	S2-163391361,S3-996173523,S3-862069741
S1-924982941	
S1-824914611	S3-66737741,S2-133948973,S3-414882291,S2-10597717
S1-427648849	S2-496190601,S3-796160619,S2-42677278,S2-807008350
S1-800159218	S2-812573948,S2-239575076,S2-112494848,S3-107527711
S1-737804857	S2-390203981,S3-266705468,S3-856926956,S3-309392437
S1-428695092	S2-293313644
S1-888217577	S2-387798042,S3-265677739
S1-560750077	S2-298605019,S3-557605280
S1-930782566	
S1-838118061	
S1-838617235	S3-90659313
S1-319252586	S2-180579259,S3-64092844,S2-381634191
S1-329671999	S3-957114863,S3-573355484,S3-538959887,S2-254277463
S1-930592358	S2-463149351,S2-932186623,S3-406256491,S2-824783984
S1-893872955	S2-936819825,S2-679816181,S2-28650893,S3-550009382
S1-720512751	S3-651919463,S3-370156819,S2-993489145,S3-944139257
S1-450204567	S3-615278578,S2-280508828
S1-710204398	S2-375560242,S3-685757814,S3-164113462
S1-288317535	S2-820508780,S3-469641511
S1-257476272	
S1-126623601	
S1-843750766	S2-366108356
S1-116749731	S3-667075069,S3-481531087
S1-897578967	S3-61971609,S2-863829274,S2-802730915,S2-60102515
S1-834531245	
S1-966389267	
S1-951528392	
S1-554673816	
S1-708459435	
S1-630681619	S3-607648442,S2-759848749
S1-933300767	S2-61918806,S3-681573271,S3-141156580,S2-688315387
S1-35765542	S3-590558135,S2-655474367
S1-147228858	
S1-803177922	
S1-274965314	
S1-556878447	
S1-944674280	S3-368499567,S3-951206221,S3-324355265,S2-819813033
S1-569663534	
S1-83310756	
S1-8425230	
S1-222568299	S3-781629502,S2-377760618,S2-968351745,S2-901830235
S1-418989182	S2-735298567,S2-747503559
S1-813910838	S3-556651661
S1-23007901	S3-264957824,S2-903370428,S3-645525476
S1-365410208	S2-996507960,S2-687566098,S2-184706585,S3-880320730
S1-313570992	S2-244145567,S2-141524277,S3-244827781,S3-639774864
S1-941611311	S2-668729998,S2-410755126,S3-121987971,S2-845885470
S1-363943561	
S1-632583521	S2-33633334,S2-312391487,S3-746163585
S1-571938907	S2-726891886,S3-303495302
S1-959059683	
S1-445037391	S2-516328766,S3-348064474,S2-517507881
S1-859350246	S2-433296406,S2-616789374,S3-939796253
S1-511496554	S2-850875681,S2-401241239,S2-758187486
S1-698387595	S2-579866536,S3-365209658,S3-459625202,S3-430233935
S1-817666180	S2-389823628,S3-769620972
S1-564249457	S2-37221606,S2-28297482,S3-333908078
S1-89885072	S3-683134558,S2-341661562,S3-278992933,S2-610985808
S1-509643831	
S1-811785962	
S1-153075141	S2-316116581
S1-265497755	S3-781693458,S2-699185627,S3-211345095,S3-431835685
S1-598252280	
S1-277528618	
S1-920376637	
S1-769067280	
S1-177577195	
S1-605592149	S3-862448269,S3-823376049
S1-929070057	
S1-73100185	
S1-710324112	
S1-979062143	S3-592650930,S3-100216398,S3-545511476
S1-387098814	S2-409198143,S2-291868590,S2-675730452,S3-525737505
S1-193921377	S2-565315918
S1-594625202	S2-997807967,S2-109101854
S1-239953266	
S1-578475729	S2-740240422
S1-810764534	S3-693255310,S3-5807959,S3-548296264,S3-171149632
S1-972478302	S2-867456967,S3-70443828,S3-272045129
S1-630706453	
S1-719848717	S3-526032510,S2-532127158,S2-22233876,S3-190373603
S1-534364850	S3-655313457,S2-605123495,S3-326997574
S1-795870457	
S1-265298575	S3-271089624,S3-36000179,S2-807975025
S1-496809084	S3-722812530,S3-153174274,S2-793656798
S1-284170892	S3-418367043,S3-285690118,S2-634768802
S1-987242121	
S1-407689219	S3-581867318,S3-696150744,S2-378359681
S1-309060500	S2-949292150,S2-934207553,S3-90444661
S1-367446968	S2-567004252
S1-665271917	S3-860685356
S1-16526881	
S1-978561171	
S1-244465524	
S1-156398887	
S1-586419162	
S1-364783608	S2-73496442,S2-607844522,S3-569633800,S3-870332202
S1-451915124	S2-411899306,S2-911711833,S3-170912119,S3-506764680
S1-338295466	
S1-728539451	S3-873098141
S1-839943738	S3-598832643,S2-49237205,S3-517019607,S3-651082826
S1-641382136	S2-327638009,S3-409304951,S2-594505489
S1-26754216	S3-31811386,S2-806483444,S3-707936099,S2-669574788
S1-664914720	S2-678937409,S3-511368837
S1-434114055	
S1-936789007	S2-235846719,S3-357759606,S3-882391406,S2-289439469
S1-483220993	S3-598197353,S3-76187042
S1-859291899	
S1-934948562	
S1-615228784	S2-292330444,S3-351380572
S1-234908298	S2-729969236,S3-144198355,S2-324217404,S2-144279520
S1-357277142	
S1-134604933	
S1-490775128	
S1-77869149	S2-982284206
S1-610164122	
S1-631098733	S3-929048438,S2-943910800,S2-239378602,S2-854000814
S1-864067799	
S1-842696282	S2-421955485,S3-197872722,S3-440183582
S1-198142865	S2-919176454,S2-460518136,S2-657366298,S2-510269246
S1-253770454	S3-102269900,S2-635476381,S2-211109839
S1-506460223	
S1-906270266	S3-124614747,S3-332398018
S1-713117075	
S1-796040783	
S1-355968065	S3-159793130,S2-506446591,S3-918903573
S1-12811605	
S1-152153658	S3-950218211,S3-326480254,S2-800377715
S1-162889968	S2-632053872,S3-365480290,S2-107137440
S1-725597344	S2-11023789,S3-989193264,S3-837976046,S3-283822393
S1-489494844	
S1-907948567	
S1-275502054	S2-34807644,S2-670391937,S2-582823127
S1-205832713	S3-579937007,S3-168298997
S1-301337906	S2-35394439,S2-857040788,S2-730731920,S3-691561939
S1-468679987	S2-730733046,S3-519935558
S1-862268210	S2-406423268
S1-319642875	S2-537239310
S1-700161911	S3-194620327,S3-906588835,S3-994189975
S1-518445967	
S1-588092859	S3-626322116,S3-605748816,S2-133631476,S3-868094770
S1-754747240	
S1-557630842	S3-332793998
S1-475620713	
S1-988184354	S3-365183718,S3-73023084,S2-880402631,S2-959659906
S1-63216075	S3-885448451,S3-192736850,S2-765573359,S3-708875235
S1-747462583	
S1-932646790	
S1-649971808	S3-409970609,S2-661110616,S3-19057749
S1-165976716	S3-902615966,S3-654435101,S3-534693808
S1-932561903	S2-502280478,S2-571642753,S3-635970801
S1-758703372	S3-269936078,S3-632780419,S3-189168158,S3-231840955
S1-224947028	
S1-583231857	S2-520132366,S2-405684527,S3-555158706
S1-205191025	
S1-139382217	
S1-744702453	
S1-510083571	S3-326271027,S3-58619239,S3-514164211,S2-937923850
S1-848875562	
S1-510358090	S2-101730549,S3-196300214,S3-800642933,S2-993722505
S1-218891348	
S1-948246485	
S1-737090708	S3-203591463
S1-470537359	
S1-207503803	
S1-657629757	
S1-975286238	
S1-295268481	
S1-391601415	S2-587917369,S3-608640327,S3-125224242,S3-410646165
S1-79167603	S2-318877651,S3-946876354,S2-828398645,S2-540142730
S1-954839744	S3-268075614,S3-381876827,S3-141202854
S1-350900679	S2-425456649,S2-497753039,S3-598478959,S2-542904779
S1-298855171	
S1-832411063	
S1-140692896	S2-689808691,S2-220052500,S2-957354707,S2-336832471
S1-374521684	S2-843803705,S2-793717891
S1-494594765	S3-259508750
S1-202869213	
S1-21732866	
S1-753469686	
S1-959372544	
S1-21754163	
S1-587227884	
S1-470013313	
S1-873597824	
S1-464527773	S2-943840390,S3-164756615,S2-100722681
S1-545634557	S3-927006446,S3-902998975
S1-293481989	S2-732733213
S1-3790337	S3-389214059,S2-328700930
S1-537533656	S3-775774592,S3-250508310,S2-403259536,S2-929710184
S1-81391116	S2-776840281,S2-226092430,S2-550207027
S1-579454420	
S1-986539865	
S1-852379071	S2-715634750,S3-175505206
S1-952274452	S3-198397851,S2-973813349,S2-451730741,S3-423497679
S1-68973368	
S1-698447132	
S1-467044503	
S1-723133264	
S1-728207142	S2-495923010,S3-351226385
S1-463489363	S2-983238079,S3-852761515,S3-127867094
S1-962642253	S2-670495038,S3-799367198,S2-670786972,S3-915534562
S1-439553711	
S1-497774072	
S1-212642713	S2-67945458,S3-888667205,S3-709998145
S1-558594689	
S1-957364102	
S1-448835265	
S1-990247395	S2-824600868,S3-188190768
S1-331417926	S2-321680050,S2-631434568,S2-409692989,S3-114028830
S1-523061517	
S1-515909956	
S1-711055204	
S1-659649577	S2-222466408,S3-459021315,S2-639864733
S1-983318293	
S1-275132085	S3-518252787,S2-531214987,S3-485982571,S3-560628000
S1-333993707	S2-296913274,S3-398496807,S3-717678935
S1-130194102	
S1-752866815	S3-703502969,S2-677906273,S2-78144720
S1-18183781	S3-950484297,S2-859563923
S1-192877490	
S1-377900399	
S1-398153457	S3-381073329,S3-863158935,S2-899083985,S2-437306640
S1-899314357	
S1-527948128	S2-278261652,S2-426142090,S3-401729810
S1-980465483	S2-757365520,S2-670122000
S1-605048350	
S1-193112167	S3-823323386,S2-633330569
S1-934055484	
S1-888176019	
S1-48369354	
S1-504559920	
S1-444513502	
S1-942843340	S2-295352430,S3-692432437,S3-663588799
S1-361657134	S2-179059507,S3-95182895,S3-650115905,S2-966594226
S1-588704712	S2-840774298,S3-220674073,S3-946252936,S3-51027296
S1-404403714	S2-870524895
S1-590335619	S2-64209881,S2-382363177
S1-27073360	
S1-255582075	S2-38201895
S1-730826887	S2-760571076,S2-465469281,S2-1897321,S3-228530416
S1-830837393	
S1-559862397	
S1-671412118	S3-754781367,S2-827645708,S3-392855126,S3-499938874
S1-638254235	S2-422419760,S2-340790621,S2-246082212,S3-564333701
S1-945686199	S2-925907500,S2-884538707,S3-567508749
S1-560342671	S2-839646523,S3-939255847,S2-87941956,S2-480808041
S1-995849092	
S1-786245465	S2-336664382
S1-447675638	
S1-731752819	
S1-194431140	S3-261828114,S3-260893234,S3-171823845
S1-156896563	S2-911810761
S1-346080109	S2-730049104,S3-876734515,S3-230124911
S1-336053322	
S1-89765061	
S1-935244739	S2-212408119,S3-615353946,S2-198720388,S2-669724778
S1-401237199	
S1-877519937	S2-89543355
S1-35472696	
S1-888180320	S3-767841056,S2-889272504,S2-678312256,S3-41661013
S1-422560492	S3-656888213,S2-481298685,S2-112903844
S1-927850078	S3-776598257
S1-897276841	S2-51469521,S3-51431060,S2-348758816
S1-751470726	S2-927878512
S1-778250772	S2-462908114,S3-957693076,S3-218035859
S1-634036317	S2-917699924
S1-668477498	S2-63497201,S2-75742528
S1-594254	
S1-561154593	S3-531233995
S1-888913174	
S1-253934900	S2-353356110,S3-410841784
S1-913775888	S2-51768497,S2-989313899,S3-170021383
S1-596206235	
S1-826459021	
S1-714471632	S3-722402917,S2-989810919
S1-860456786	S3-616471483,S3-830078168,S3-937097460
S1-294817844	
S1-402537110	S2-176425853,S3-331266741
S1-605128032	S3-156006130,S3-382521012
S1-248844439	
S1-83338233	S3-463006426
S1-830986035	S2-898253304,S3-652253831,S2-528470072,S3-176327707
S1-386036991	
S1-368542575	
S1-228234864	
S1-156955897	S2-420315540,S3-994598513
S1-814098979	S2-602207140,S2-876594194,S2-35578513,S2-248660666
S1-169516856	
S1-537684138	S3-923814652,S2-215278744,S3-194595158
S1-879789469	
S1-713341383	S2-790136854,S3-328996270
S1-282168240	
S1-900115581	
S1-814052031	S3-425406780,S2-963831909
S1-637940943	
S1-604439157	S2-968153728,S3-95110862,S3-730037611,S3-270109611
S1-868162875	
S1-899608091	S2-159824783,S2-570195232,S3-739131479,S3-115987551
S1-907764054	
S1-523588545	
S1-199753622	
S1-369383841	
S1-322114622	
S1-668225402	
S1-798693574	S3-853993625
S1-489826358	
S1-52509969	S2-36274222,S2-262757939,S3-149796575
S1-26903654	S2-253610644,S3-611456108,S2-105662822,S3-947251572
S1-763794196	
S1-332393773	
S1-296580258	
S1-228843811	S3-975274842,S3-28033028,S3-831237482
S1-254030063	
S1-974231837	
S1-196125365	
S1-330641990	S3-299114429,S3-549145073,S3-585861525
S1-550312983	
S1-122784297	
S1-230227837	S2-713367543,S3-562953305
S1-607076889	S3-808563720
S1-81181561	S3-164732386,S2-497747436,S3-51994874,S2-86363771
S1-755214202	S3-340487376,S3-171639099,S2-700208138
S1-945673787	
S1-323950549	S2-824384051,S2-634761540,S3-23699355
S1-271625977	S3-985004242
S1-564351631	S3-545020854,S3-377985696,S2-633930177
S1-317107495	S2-23596792
S1-721149225	
S1-250800270	S2-819844132,S3-470839633,S3-771562377,S2-776392403
S1-831196370	
S1-636094576	
S1-902639997	
S1-991766374	S2-434035499
S1-778481044	
S1-624270175	S2-574823606,S2-662789394,S3-723795781
S1-189226180	
S1-941791431	S2-49286748,S2-891271645,S3-943446322,S3-370448461
S1-968877372	
S1-814407798	S3-120534962,S3-954939520
S1-600227638	S2-106355558,S3-583242413
S1-170526692	
S1-102086124	
S1-404285375	
S1-163451102	
S1-663471537	
S1-245762192	S3-767876085,S2-17771269,S3-907692712,S2-647796599
S1-987988574	S3-835151720
S1-773121428	S2-79192658
S1-210871841	S3-68605994,S2-184463304,S3-707768591,S2-624528937
S1-729071237	S3-958395939,S3-873429404,S2-723101903,S3-134791465
S1-617306415	S3-18180298,S3-295024199,S3-288423660
S1-648749504	S3-126620904,S3-713680764,S3-505094450,S3-405635160
S1-470007237	S3-241107203
S1-743390725	S3-880346082,S2-7041697
S1-122453683	
S1-82323190	S3-897393698,S2-264840591
S1-465482880	S3-436238240
S1-435352524	S3-187027250,S2-871471324
S1-631661821	S2-15719017
S1-952931408	
S1-62400731	S2-48202495,S3-563104478,S2-366444634,S3-215859834
S1-661801222	S2-375661873,S3-973162766,S3-708873204
S1-566298207	
S1-515064378	
S1-937384389	
S1-646334877	
S1-141940532	S2-636860953,S2-464781052,S3-301146542,S3-900410116
S1-22733941	S2-551718564,S3-112582487,S2-54449542,S3-848793891
S1-568909192	
S1-155436360	
S1-872575827	S2-146052276,S3-476957356
S1-273495579	
S1-520430265	
S1-416279529	S3-366267659,S2-319434774
S1-747130531	
S1-994415627	S3-937058216,S2-663111808
S1-76630211	S3-338973215,S2-622208727
S1-377721237	
S1-251002400	
S1-704177215	S2-120100832
S1-201520815	
S1-942446776	
S1-141900438	S3-305688057,S3-594075411,S2-148363923,S3-752795066
S1-365046346	S3-651020082,S2-768210231
S1-70499786	
S1-274384577	
S1-600027390	
S1-40354174	S2-360241690,S3-443424215,S3-181248941,S2-738396662
S1-641639353	
S1-552256502	
S1-806086609	
S1-129960765	
S1-272452488	
S1-368360606	S2-680065738,S2-362857988,S3-389806836
S1-533729775	S2-251221883,S3-676861048
S1-352856359	
S1-428717413	S2-257643126,S3-50745274,S2-645223052,S3-177599026
S1-488749645	S2-965335585,S3-423221901,S2-368865147,S2-129296971
S1-717343075	
S1-288862429	
S1-458045222	
S1-117290	
S1-258887742	S3-209211962
S1-247046738	S2-182090171,S3-768894727,S3-973194947,S3-291826993
S1-413814711	S3-811694615,S2-182573245
S1-872309794	S3-418595834,S2-858797856
S1-959177398	
S1-157831697	S2-815011186,S2-777727398,S3-898043188
S1-991096235	
S1-478593382	S2-172033461
S1-284469016	
S1-709489127	
S1-417201902	
S1-830712961	S3-860091901,S3-524692454
S1-860923323	S3-314096113,S2-821477270
S1-14700991	S3-227673203,S2-499403396
S1-773991008	S3-275502034,S3-220374880,S2-209088132,S3-976602756
S1-465035935	
S1-804589020	
S1-585894716	
S1-253402335	S3-796912984,S2-923593957
S1-78253769	
S1-342486949	S3-264389091,S3-103227390
S1-839320915	S3-213184666,S2-447207687
S1-878026607	S3-370311004,S3-766210676,S2-815836384,S2-964388751
S1-330448169	
S1-221075154	S3-560217390,S3-407317924,S2-399366690
S1-644377572	
S1-843164630	S2-847047930,S2-779711055,S3-798609667,S3-171330539
S1-368791375	S3-770533562,S2-98058906,S3-829822709
S1-816568456	S3-621290680,S3-480387003,S2-223495470
S1-18484514	
S1-857785464	
S1-732716337	S3-242635559,S2-318438988,S3-859750729
S1-111252437	
S1-769714125	
S1-774610928	S3-839431609,S2-773279739,S2-891447519
S1-325064792	S2-883021131,S3-778104328,S3-873142394,S2-475332271
S1-897887094	S2-132895852,S2-870988144,S3-472551874,S3-351213008
S1-284108144	
S1-174324348	
S1-95892444	
S1-900411309	S3-86621993,S2-457510515
S1-225510403	S2-843023511,S3-855102912,S2-157119424
S1-305704047	S2-488194122,S3-930973170,S2-941146166,S3-856815826
S1-370550743	
S1-24131645	S2-679491747,S2-369895341,S3-701503784
S1-710690770	S2-899968814,S2-357734794,S3-794547264,S2-827020835
S1-603166410	
S1-716593660	S3-610191661,S3-26961776
S1-231108849	
S1-766979129	S2-648486829,S2-635247948,S3-589575640
S1-723578422	S2-550778908,S3-486273261,S3-519866398,S3-791437341
S1-425943333	S3-112322820,S3-116354708,S2-153696878,S3-838366838
S1-537011151	
S1-839971782	
S1-23709561	S3-37574464,S2-515778855,S3-576741479
S1-675289395	S3-372715539,S3-457760046,S3-264931212
S1-445638941	S2-27311607
S1-815325288	S2-280339404,S2-162092587,S2-632284393,S3-613359608
S1-572574726	
S1-515011790	S3-316831881,S3-199624227
S1-558968462	S2-516505908,S3-49389638,S3-979395207,S3-915262898
S1-782091541	S3-913493898,S2-966783431,S2-589376204
S1-474843329	S3-864754721
S1-869641836	
S1-834409930	
S1-979684453	
S1-134503766	S3-296736852,S2-819781365,S2-726219360
S1-732652938	S3-586610677
S1-652179981	S3-404394449,S3-944476099,S2-902535773,S3-868639403
S1-39425806	
S1-921610560	S3-842968890
S1-346397317	S3-269412841,S2-411489063,S3-249521344
S1-294042791	S2-560867532,S3-516790407
S1-457542024	
S1-916449666	S3-886438027,S2-607930885,S2-492252116,S2-687779747
S1-871414997	S2-364550691,S3-606581455
S1-311078293	
S1-392788634	
S1-218107494	S2-672172207,S3-757708896,S3-56891160
S1-110271628	S3-334665915,S2-389599138,S2-226226156,S2-192991547
S1-653606031	
S1-613009358	
S1-293386459	S2-74512231,S3-578736979,S3-528684354
S1-5733979	
S1-966052534	S3-430898309,S2-972563811,S3-31272469
S1-355433341	
S1-39380262	S3-90118135
S1-459081581	
S1-708580727	
S1-335933340	
S1-868618234	S3-8640169,S3-974858677,S3-15059249,S2-689333511
S1-703202370	
S1-162911727	
S1-813103338	
S1-541424027	
S1-313373605	
S1-704893905	
S1-869932784	
S1-854824774	S3-972957671
S1-173057040	S2-625728583
S1-148767929	S3-114779940,S2-833780921,S3-688058635
S1-336796387	S2-29168765,S3-184144291
S1-101405407	
S1-110296497	S2-640458305
S1-448248632	
S1-645531121	
S1-492438755	S3-738038038,S2-58382681,S2-460803405
S1-585712819	S3-961130873,S2-476759568,S2-876072783,S3-208775399
S1-991799946	
S1-298768337	S2-718197421,S3-430074676
S1-187453976	S3-573565545,S2-960222867,S3-713325266,S3-512807093
S1-743009131	
S1-889346022	S2-476321347,S2-108757386,S3-221273186,S2-374319190
S1-491409412	S2-285978286,S3-719008008
S1-641936524	
S1-860045474	S3-226606993,S2-12359315
S1-293381577	S2-997979902,S2-59333207,S3-577664781,S3-111463561
S1-625041613	
S1-454871257	
S1-240484285	
S1-311801009	
S1-106868769	
S1-470328282	
S1-966482805	S2-60194126,S3-327342243,S2-730761516,S3-336491739
S1-750608879	S2-88544360
S1-117421564	S3-388994072,S3-359315609,S3-869784176,S2-934301735
S1-151996847	S3-448925207,S2-489183181,S2-929915310
S1-791596999	S2-890515240,S2-255173065,S2-301753317,S2-486140272
S1-818146320	S2-338067121,S3-774398038,S3-890087279,S2-538852036
S1-284152566	S2-974257926,S2-908347414
S1-913918878	S2-382670272,S3-865981665,S3-510383068,S2-623343684
S1-85006994	S2-512783920,S2-222631539,S3-942692815,S3-871678306
S1-769770540	
S1-102213071	S2-962632975,S3-870884413,S3-560818008
S1-996254172	
S1-436662296	S2-130189494,S3-971309474,S2-270824475,S2-26816511
S1-790676410	
S1-435507205	S2-137821136,S2-45503801,S3-709229831,S2-653071648
S1-26142367	
S1-591638246	S2-470523740,S3-687347771,S2-740718656,S2-438080009
S1-946077101	
S1-361006512	
S1-413083858	S3-163674746,S2-354815714
S1-250808157	S3-647884375,S2-255143734,S3-124028181,S2-443337494
S1-738388552	
S1-823062973	
S1-789005660	S3-563512029,S2-753485195,S3-900127241
S1-990775788	S3-184343924,S2-21737083
S1-814287121	S2-197843384,S3-233074098,S2-583413972
S1-256105619	
S1-785945982	
S1-84488405	S3-722326522
S1-267753429	
S1-574771710	
S1-97648721	S2-14886275,S2-310875018,S3-441870517,S3-656148804
S1-924639180	
S1-514089809	
S1-445015639	S2-133297674,S2-828278024,S3-185528411
S1-331204032	
S1-254159536	S2-820626150
S1-581419757	
S1-809560524	S2-733569569,S2-859583714
S1-316389194	S3-935791487
S1-457169288	
S1-77341199	
S1-117414687	
S1-914173395	S3-825824567,S3-220438828,S2-563811698
S1-997329288	
S1-874663173	S3-192579211,S3-777688477,S2-901431355
S1-368184747	S3-886472275
S1-833143854	S3-21348080
S1-894860209	S2-946577232,S3-743943235
S1-84654987	
S1-150659213	S2-902598883,S2-889420738,S2-58256925,S3-866776081
S1-451517573	S3-793806235,S3-715178978,S2-40547103,S3-834770473
S1-627869774	S3-165006890
S1-633368084	
S1-759906873	
S1-748265007	S3-950263361
S1-776613964	
S1-475098692	S2-178730756,S2-653949193,S3-878364216
S1-760139886	
S1-737216385	
S1-626216319	
S1-216535327	S2-840655865,S3-787190510
S1-772904416	S3-168584975
S1-58287665	
S1-497162102	
S1-277954836	S2-320462682,S3-205722381,S3-26504972,S3-909851498
S1-862643415	
S1-188022594	S2-949236292,S3-454579805,S3-391833414
S1-991264070	S2-83831809,S3-962771734
S1-468750903	
S1-448123937	S2-614208032,S3-560095358,S3-462695929,S2-777218138
S1-501926878	S2-148011633
S1-646301510	S3-935958677,S3-646163270,S2-13579697,S2-784831369
S1-500397650	S2-652195494
S1-273247251	S3-931223842
S1-521851101	
S1-373822603	
S1-46554223	S2-335834280,S2-31878448,S2-836525365,S2-68697002
S1-661584637	
S1-986455685	
S1-293860679	S2-935165026,S2-556478783
S1-561560160	S2-871006347,S3-949352080,S3-448621645,S2-98743639
S1-461224444	S2-365056420
S1-587971200	S3-107113041,S3-882580855,S2-789619934,S2-521374601
S1-333011878	
S1-529127487	S3-321872958,S3-50508811,S2-490142716
S1-252547941	
S1-51806756	
S1-436089337	S3-240570830,S2-34824549,S3-659536935
S1-53677464	
S1-275501401	S3-875539545
S1-102004665	S2-217463345,S2-147374293
S1-214773957	S3-568055371,S3-944216613,S2-864802010
S1-132136200	
S1-346850531	S3-506013372,S3-636404443
S1-153892814	S2-368788311,S3-187162077,S3-440035388,S3-897850849
S1-812640321	
S1-527786683	S3-928479184,S2-381599119,S2-828599419,S2-928019218
S1-917105148	S3-299147263,S2-155115465
S1-100404750	S2-253678935,S3-271736928,S2-284180168,S3-961265813
S1-695917750	
S1-24582107	S3-539354686,S3-792744845,S3-280956239,S2-395242535
S1-981221493	S3-737753123,S2-988931966,S2-45758972
S1-761084984	S2-566046851,S2-699998194,S3-926333194,S2-254086908
S1-444888733	S3-630530768,S2-290224272,S2-260844986
S1-120664263	
S1-665515026	
S1-4664203	
S1-62380171	S2-54773142,S2-139869857,S2-981407601,S3-487769871
S1-536496039	
S1-233212366	
S1-135667517	S2-14245207,S3-272467171,S3-108356024,S2-599542078
S1-536714104	
S1-424872271	
S1-885468508	
S1-379745411	
S1-812100644	S3-653564351,S3-949067727,S2-103313966,S2-385109023
S1-693691068	S3-309664362,S3-454783045
S1-996273915	S3-75194423,S2-746031042
S1-721938919	
S1-903367677	
S1-925083793	
S1-277006343	S2-376040635,S2-566600970,S3-283332743,S2-776302467
S1-295873112	
S1-949867134	
S1-475444464	
S1-150379475	S2-256524367,S3-239444522
S1-817844894	S3-197135007,S2-569764744,S3-610542710
S1-726662764	S2-800748217,S3-239020241,S2-489467205
S1-207698912	S3-801126227,S3-130700141,S3-986187898,S3-720419532
S1-691224321	S2-135279923
S1-291613799	S3-836107752
S1-756344225	S3-58253434,S3-237163835,S2-77564960
S1-52622416	S2-323650005,S2-387993902,S3-175723792,S2-795635194
S1-730845508	
S1-288866790	S3-455955876,S3-331316475,S2-425362211
S1-646681688	
S1-87428411	
S1-760075350	S2-578448025,S3-321306188
S1-457465606	S3-152976371,S2-991808068
S1-804338691	S2-757427973,S2-455565402,S3-792939606,S3-998578513
S1-313319962	S2-564833237,S3-236811446,S3-570320795,S3-934662536
S1-166822431	S3-38304996
S1-505324087	S2-134956590,S3-656584331,S3-702934728,S3-60845548
S1-974754757	S3-771740281,S3-478305056,S3-676737246,S2-676804238
S1-994924801	S3-902630297,S3-21625599
S1-565304486	
S1-893797802	
S1-740298214	S3-175921380,S3-98321616,S3-897244391,S2-493873333
S1-676276602	S2-72974960
S1-87363912	S3-962745930,S3-372107693,S2-982443645,S2-81518703
S1-438773373	S2-869852432,S2-528408780,S2-302382775
S1-297089766	
S1-495896939	
S1-260709920	S2-137349156,S3-582996475,S3-18859755,S2-994236000
S1-448199357	
S1-414283845	
S1-904710639	
S1-651896446	S3-906583923,S3-174524966,S3-210073296
S1-347522471	S2-230305455,S3-495410759,S3-992320489
S1-959489799	S2-82287943,S3-923434598,S3-39925421,S2-622280069
S1-918304585	S2-616567125,S3-813021941
S1-965792589	S2-480851442,S2-829849476,S3-302807639,S3-86105715
S1-450999376	S3-406548110
S1-258735521	S2-949620363
S1-945682889	S2-524645319,S3-790458519,S3-632172195,S3-392423627
S1-999383829	S2-102403406,S2-998815333,S3-535275601
S1-803926641	
S1-898596971	S3-68130357,S2-933531848,S2-506399805,S3-937853779
S1-113243666	S2-467976412,S3-198239588
S1-904450258	
S1-816940491	
S1-679117975	S2-13461744
S1-209453532	S2-641064004
S1-878219299	
S1-294468608	S3-131883190,S3-990373236,S2-58741670,S2-415016578
S1-660025268	S3-757474004
S1-300485861	S2-295870739,S2-600542312
S1-66962940	
S1-835620634	S2-569307158,S2-915507279,S2-148703501,S3-984111569
S1-227144129	
S1-584052293	S3-169787108,S3-52305836,S3-252878948,S2-758279210
S1-281249316	
S1-840726482	S3-12286674,S3-100844743,S2-628484671
S1-802611984	S3-557356530,S2-489605861,S2-926292335
S1-668402021	S2-309432543,S3-875874506
S1-874356919	
S1-679376497	S2-875504135,S2-782749958,S2-37279931,S3-398401749
S1-421406548	
S1-83846995	S2-456275780,S3-872299672,S2-258660960,S3-646485640
S1-649935213	
S1-349404715	
S1-986283405	S3-23077650,S2-794250998
S1-753991997	S3-132347011,S3-73427491
S1-279530285	S2-952340914,S2-146994189,S3-341499423
S1-383684465	S2-477764100,S2-773821187,S2-465222760,S2-133909113
S1-662178561	
S1-372168802	S3-920979083,S3-192319782
S1-745473609	S3-426521521,S3-320943717
S1-731093089	
S1-893051757	S3-353610826
S1-169683321	S3-346032390,S3-674780387,S3-641338086,S3-581193379
S1-935508440	
S1-821684480	S3-305677387
S1-954250680	S2-293382473,S2-169789115
S1-756780865	
S1-363683866	S2-579001898
S1-922058243	
S1-164656382	S3-690782131,S3-433797272,S3-340517010
S1-810196373	S2-334558703,S3-761839775,S3-342803558,S2-886931111
S1-416741620	S3-83513016,S2-110532404
S1-420014983	
S1-88998491	S3-678282831,S3-43148567,S2-624835895,S3-55237959
S1-306311813	S2-536582454,S3-5451388,S2-744962638
S1-857814208	S3-733968934,S2-396358608
S1-892982594	
S1-262933196	S2-138923972,S3-251399936,S3-787859876,S2-832770857
S1-897304958	S2-68293724
S1-904164845	
S1-836800203	S3-586442250,S3-196950875
S1-926433223	S3-47044243,S3-976155981,S2-610867738,S2-550120604
S1-131092243	
S1-748944830	S2-866617113
S1-990079990	S3-94463544,S3-394676349,S3-481466926,S2-49229560
S1-361775161	S2-226572619,S3-302452681
S1-800226152	S2-269086532,S3-344284292,S3-250834975
S1-636124465	S3-39498653
S1-869650791	S3-725734001
S1-86572939	S2-145513568,S2-995473844,S3-678938120,S3-44484845
S1-536580359	S3-758105519,S3-42119016,S3-679523099,S2-852253517
S1-434784538	
S1-366327432	S3-547358135,S3-258522271
S1-991729000	S3-131464677
S1-5799725	S2-573443469,S3-548122608,S3-507373068,S3-137497298
S1-899937379	S2-891525898,S3-213561345,S2-203451390,S3-399866612
S1-219584725	S3-189581483,S2-786795417,S2-527103402,S3-908949023
S1-46815909	
S1-508305066	S2-611058228,S2-916085250,S3-224547177,S3-961288354
S1-340128697	S3-740117113
S1-279285514	S2-292980032
S1-71630616	S2-689283918,S3-657042185
S1-788199066	S3-549888013,S2-864859322,S3-195525493,S2-843953469
S1-8547929	
S1-512706145	S3-293331657
S1-510837286	S2-955353618,S2-342705757
S1-820380555	S3-786210796
S1-538110450	S3-383583163,S2-817744075
S1-168303757	S2-91027968,S2-733910765
S1-340657103	S2-919498918,S2-430234148,S2-822874136
S1-296751683	
S1-687851892	S2-849614484,S2-857421216,S3-773561359,S3-991863703
S1-981740048	S2-416592275,S2-149741567,S3-664266350,S2-709351325
S1-676387478	S3-205633995,S3-80787699,S2-46925767,S3-78830408
S1-743772862	S2-50272599
S1-933982649	S3-541890381,S2-362649981,S2-420586895,S2-612625235
S1-471472425	
S1-654726535	
S1-391565063	S2-691155591,S3-537010738
S1-786721247	S2-593145594
S1-264656587	S3-286149669
S1-147165668	S2-128587367,S3-243382466
S1-487893059	
S1-554874458	
S1-6820636	S2-789803307,S2-704754859,S3-878703332
S1-366926896	
S1-736267699	
S1-621689741	
S1-32326808	S2-376795483,S3-399784780,S2-783935292
S1-371629920	S3-918027243,S3-705194592,S3-242233365
S1-317086698	
S1-863073363	S2-385499676,S2-98599354,S3-73280489
S1-774236377	
S1-438942226	S3-357159586,S2-530208432,S3-940057317
S1-351835129	S2-56439682,S2-502380757,S3-544464120,S3-524295650
S1-929260102	S3-831167532,S2-308233749,S3-264881716
S1-87592303	S2-593661076,S3-426985698,S3-165400509,S2-523159270
S1-881689018	S3-890771260,S2-814765091
S1-177231264	S2-662165622,S3-615575163,S3-374454270,S2-82098719
S1-450220458	
S1-342031526	
S1-853131296	S2-685453732,S3-896470372,S3-675135919
S1-860106373	S2-641463535
S1-849246598	
S1-736912371	
S1-835991933	
S1-933361224	S3-390182367,S2-687325448
S1-700922237	
S1-147068501	
S1-32552769	S3-356268764,S2-857107312,S2-343042196
S1-609102019	S3-693016582,S3-785883482,S2-610997751,S2-975076974
S1-609062206	
S1-819033403	S2-799169391,S2-440531262,S3-375435255,S2-576819428
S1-702673157	S3-671666769
S1-13836760	S2-875212079,S3-693477761
S1-258129856	
S1-364895142	
S1-89865517	
S1-897404862	S3-428227134,S3-444256894,S3-842493208
S1-44157700	
S1-321126395	S2-256232405,S3-602816588,S3-97072189,S3-512481786
S1-441276917	S3-559844432,S3-310313931,S3-453697344,S3-437026107
S1-359743105	
S1-240013139	S2-807133828,S3-32382969
S1-546363794	
S1-516690510	S2-401557203,S3-269285564,S2-337049438,S2-286562030
S1-614599468	S2-643728652,S2-46797109,S3-798763352,S3-374280051
S1-92211847	S3-840873617,S2-427351851,S3-660112243
S1-684536482	S3-621665496,S3-909523920
S1-290874834	S2-572439543,S3-167331117,S3-684691999
S1-478271737	S3-684532517,S3-725294583,S3-607434485,S3-529473660
S1-493611129	S2-377007661,S3-601025573,S2-427515710
S1-101694736	S3-70720925,S3-764087668,S3-825856305,S2-921966996
S1-564047399	S2-99222213,S3-460012325
S1-647281960	
S1-115399336	S3-969098046,S2-22476616,S2-897166667,S3-20213691
S1-724423400	
S1-880146632	S3-858307341,S3-730333286,S3-213287923,S2-364744582
S1-815091159	S3-305351650
S1-667002396	S3-886537786,S2-233808305,S3-845134614,S2-203580674
S1-1749183	S2-748523790,S3-106458770
S1-557100285	S3-554152469,S3-731867539,S2-400531501,S3-815749010
S1-346480035	S2-211902905,S2-427096530,S3-558512046
S1-521338305	S3-735804435,S3-9746324
S1-839274836	
S1-709517579	S3-339131613,S2-377300888
S1-532560042	
S1-838874112	
S1-611157639	S2-640773267
S1-798371949	
S1-350636435	
S1-919416573	
S1-923012853	
S1-258576509	
S1-113056518	S2-541269123,S3-958577447
S1-886787584	
S1-423867610	
S1-956156118	S2-205112860,S3-521042516
S1-29808691	S3-837427388,S2-817634982,S3-242125374,S2-361519860
S1-148178591	
S1-848264467	S3-401469619,S3-492916107,S2-235593819,S3-192002686
S1-333449389	S3-737543666
S1-699025177	
S1-711985014	S2-93978562
S1-334007024	S2-222287901,S2-697810186,S3-210735692
S1-533464058	S3-604049126,S2-47051148
S1-724902356	S3-231842484,S3-928313510
S1-995828820	
S1-118376972	S2-725308028,S2-375850600,S2-343927454,S2-442876202
S1-253499758	S2-591655503,S3-710136448,S2-892734175
S1-991670026	S3-146834292,S2-231809145,S3-205287221
S1-298442000	S3-702786356,S3-964537138,S3-64727614
S1-882390098	
S1-359595564	S2-881435407,S2-701584837
S1-580153765	S3-241010516,S2-676689660,S3-132257210
S1-695304374	
S1-548802588	
S1-719668308	S3-631658721,S3-115329099
S1-306875280	
S1-796851797	S3-49539992,S3-934257613,S3-268498561,S2-770881506
S1-503865681	S2-730955766,S3-875266227
S1-168352424	
S1-173438088	
S1-864848726	S2-529886358,S2-690499231,S2-628478838
S1-610690944	
S1-206938602	S2-527497830,S3-517830613,S2-406875394,S2-104484160
S1-824857139	S2-53638165,S2-627115968,S3-520631115
S1-883982056	S3-386962294,S2-168136148,S3-794337697,S3-134141123
S1-250456700	
S1-846548088	
S1-123325794	S3-643727569,S2-405937413,S2-487674621,S2-31965149
S1-178956824	S2-813676967,S2-81452088
S1-568159734	
S1-270037388	S3-36205069,S2-898929435
S1-40926055	
S1-456900525	S3-604610636,S3-239568214
S1-918020389	S2-110656784,S2-433371896,S2-184488877,S3-292792627
S1-870341028	
S1-179453406	S3-343605710,S2-936839622,S2-734055782,S2-666336947
S1-582175506	S3-339868399,S2-137588746,S3-872417983,S3-456699790
S1-861527594	
S1-107039793	S2-682306526
S1-624880285	
S1-49451817	S3-463139052,S2-213531310,S2-439536126,S2-544373775
S1-206161226	S3-239063730,S3-844757640,S2-605372254,S3-852737244
S1-135243965	S2-352804046,S3-97349765
S1-474042582	S3-836120093,S3-392410274,S3-759017852
S1-879785408	S3-835867961
S1-992272707	S2-760400463,S3-404632530,S2-306134972
S1-135421602	
S1-942416765	S3-701911629
S1-620932422	
S1-506892262	S2-197484583
S1-676055157	S3-424708049,S2-861681551,S3-833560688,S3-878498494
S1-149954851	S3-885829097,S3-270812800
S1-341741160	S2-652854947,S2-709164073,S2-257671477,S2-494246699
S1-439293049	S2-488518489
S1-957929184	S2-190408672,S3-350586668,S3-494097402,S3-746913309
S1-172517243	S3-844587745,S3-803497412,S3-213258923,S2-50128698
S1-150188130	
S1-945511297	
S1-202822858	
S1-383744417	S2-600111623,S3-875426523
S1-190541697	S3-459349640,S3-728093624,S3-263050750,S2-2492314
S1-685525770	
S1-153269323	
S1-420121518	S2-10151621,S3-442561218,S2-447948081
S1-537841777	
S1-734056961	S3-992336892,S2-376686723,S3-637304633
S1-994891290	
S1-479940666	
S1-723236810	S3-834732432,S2-506853855
S1-210019697	S2-127666389,S3-932604508,S2-60157460,S2-242989810
S1-467039470	
S1-91489519	
S1-621726989	
S1-341717792	
S1-995265077	
S1-586941479	
S1-896468469	S3-56926578,S3-258242518,S2-545577114,S3-924165587
S1-262703167	S2-662137104
S1-733575666	
S1-73224949	S2-417773379
S1-936785275	S3-145413155,S3-820044124,S2-773269079,S3-187771512
S1-295661863	S3-950648270,S3-266955479,S2-309717485
S1-913339172	
S1-240606925	
S1-75529512	S3-553422953
S1-589870079	
S1-732249018	S2-435879563,S3-683152844
S1-744097938	S2-633718871,S2-83117865,S3-431121084
S1-992908252	S3-275350775,S2-632745985,S3-687891751
S1-670119172	S2-900627715,S3-190182435,S2-608589819,S3-239871146
S1-441326216	S2-201335461,S2-714051126,S3-27147939
S1-7970924	
S1-755880766	
S1-362385130	
S1-659881367	S2-231132852,S3-898070181
S1-498572254	S3-844556011,S3-806201828
S1-874784877	S2-110714389,S3-638644760,S3-837289779,S3-643452763
S1-900392113	S3-784464766,S3-690504377
S1-526964981	S3-422641360,S3-443736390,S2-76852396,S3-5284984
S1-781899532	S3-528075226,S3-500893054,S2-154793870,S3-564651532
S1-704356189	
S1-11039050	S2-811875614,S3-151467925,S3-96549392,S3-431586326
S1-444000790	
S1-926858789	S2-980255474,S3-440018137,S3-386061285,S3-951598822
S1-782004957	S2-729133648,S2-92232960
S1-73595850	S3-188879123,S2-920175301,S2-766412377
S1-945983529	S3-715600239,S3-4134177,S2-152218612
S1-395051242	
S1-324912564	
S1-730372911	S3-707024208
S1-592403460	
S1-964458690	S2-362975467,S3-584228156,S3-409862537
S1-552596865	
S1-371494464	
S1-141099582	S3-782541505,S3-641351517,S3-260114315,S2-759602708
S1-418381943	S2-14033471,S2-529394127,S3-937374822,S3-891296074
S1-973344549	S2-324911280,S3-316249659
S1-760832186	S2-825037168,S2-451162259
S1-237715330	
S1-641910569	S3-927515097
S1-237762274	S3-492685050,S2-475548239,S2-957680151
S1-131728955	
S1-174129319	S2-686289569,S3-528612711,S3-883311216
S1-909290066	
S1-576783853	S3-696109544,S2-385014525
S1-883998532	S2-106724621,S2-163129129
S1-643534467	
S1-695253214	
S1-46987120	S2-953161121,S3-169219392
S1-561594110	S3-946193264
S1-505914292	S3-575199168,S3-632267061,S3-3449711
S1-896599281	S2-957666751,S2-62762020,S2-55284499,S3-898210409
S1-857271062	S3-176450008,S3-361987401
S1-562038470	S3-131147122,S2-282971472,S3-962020302
S1-869228690	
S1-588536502	S3-632207640
S1-822547759	S3-312906617,S2-374214304,S3-84767601,S3-743546364
S1-907221222	
S1-187230848	
S1-504101617	S3-94777282,S3-410974826,S3-227835193,S3-996795561
S1-512035179	
S1-756027248	S3-915089250,S2-801008285,S3-367136659
S1-802283498	S3-685637450,S3-772039007,S3-413403713
S1-533712312	
S1-675504618	
S1-370422395	
S1-367509959	
S1-542207904	S3-532669806,S2-713854542
S1-764082946	
S1-188650726	S3-13737897,S3-102999785
S1-963929270	S3-417441961,S3-235800314,S3-797572801,S2-49611609
S1-938025926	S3-962998738,S3-181943603,S3-634677677
S1-989748424	S2-414156854,S3-844002560,S2-880483351,S2-779401295
S1-489950290	
S1-299782289	S2-305070701,S3-544653315
S1-134887704	S3-217605839,S3-972619793,S2-503447204,S2-146579031
S1-911757409	
S1-634665398	S2-285728110,S3-852306414,S3-816466684,S2-971201050
S1-941129740	
S1-625729976	
S1-692916052	S3-573097788
S1-944932656	S2-48722240,S3-981176473
S1-450258119	
S1-572186351	S3-475374909,S3-978491801,S3-584549231
S1-521011049	
S1-263724585	
S1-438437309	S2-767624756
S1-202865314	
S1-692421545	S2-904123146,S3-803513839,S3-517203530,S2-21512756
S1-867710171	
S1-912243617	S3-195691002
S1-547966479	
S1-74000096	S2-136082634
S1-490723278	S2-937779395,S3-91410452
S1-143189409	S2-446214531,S3-280732595,S3-668179581
S1-20279317	
S1-625036624	
S1-236876085	S3-624773080,S2-230889316,S2-152416390
S1-603849941	S2-806751183,S2-646071531,S2-239403228
S1-331768251	S3-42758064
S1-630579220	
S1-65534510	
S1-356144061	S3-434487370
S1-87487154	
S1-128526391	S3-958632837,S3-260935141,S2-978697063
S1-911125938	S2-597231572,S3-829299177,S2-858132442
S1-272743978	S2-618346224,S2-11886607,S3-424971997
S1-243775452	
S1-206710017	S2-718623905,S2-377170832
S1-515910602	S2-698680287,S2-502304349,S2-484869060
S1-184518912	S3-307277446
S1-551326460	
S1-948655136	S2-686749732,S3-659994906,S3-782674921
S1-856262937	
S1-895275136	S3-872042649,S3-752478065,S3-377424495,S2-810508646
S1-35450646	
S1-226232215	
S1-334859639	S3-584222708,S3-365952277,S2-316023969
S1-570050219	
S1-614833204	S2-807939659,S2-64097296,S2-496176832,S3-769691285
S1-592248549	S3-17398792,S3-37075665,S3-193155129,S2-957704261
S1-87333734	S2-25460910
S1-358663297	S3-958314324
S1-269566608	S3-382523107
S1-309533181	S2-778829005
S1-992004200	S3-232977283,S2-742969134,S2-280185913
S1-104257019	S3-845719317,S3-963228570,S3-343945016,S2-348474864
S1-907732573	
S1-730927003	
S1-605057518	
S1-175740239	S3-531151378,S3-509526392
S1-274032864	S2-598182984,S2-392219072,S3-172070544
S1-864954183	S2-638552876
S1-496993870	S3-102009955,S3-380751455,S2-861850198,S2-892654113
S1-800209940	S3-327822604,S2-318219342
S1-812105065	
S1-687925718	S3-206274425,S3-737875605,S3-553318403,S2-758514985
S1-950155728	
S1-393151177	
S1-772536415	
S1-615747681	S3-654828700,S3-22380791,S3-93158860,S3-336525834
S1-451578073	S2-803204268
S1-139669511	
S1-499752443	S3-640634949,S2-748433094
S1-739664630	
S1-391639651	S2-450893150
S1-813274866	S2-687502479,S2-537468894,S2-47565871,S3-480969790
S1-415815057	S3-551042248,S2-494784342,S2-336600992,S3-715418246
S1-43891889	S3-405512802,S2-472742562,S2-317156307
S1-258826566	
S1-459271453	S3-222008710,S2-653438794
S1-556974950	S3-346722237,S2-877552470
S1-736143689	S2-928598426
S1-18038046	S2-640973614,S3-336362292,S3-939710834,S3-349651798
S1-758590089	S2-557261637,S2-202257383,S3-18049948
S1-107944856	S3-979764637,S2-308720435,S2-116552037
S1-407747220	S2-145674741,S3-755264507
S1-500116256	S2-288535103,S2-11832122,S3-297176975
S1-432088478	
S1-766904050	
S1-170268561	S2-416111754,S3-318966816,S2-659619795,S3-622661836
S1-279274491	S2-771905771
S1-678846222	S3-80303709,S3-557918384,S2-304254573
S1-974661199	S3-953115172,S3-368124670,S3-166134794,S2-665791752
S1-271400714	
S1-2402419	S2-779994812,S2-298370922
S1-432448862	S2-366455202,S3-749146163
S1-656820851	S2-611758606,S3-384472340
S1-931079372	
S1-976055689	S3-176707456,S3-972566041,S3-800663065,S2-440349495
S1-24376861	S2-398898156,S3-918445070
S1-274829383	S3-767574062,S3-924055806,S2-540660796
S1-102966551	S2-487321451
S1-652667704	S2-51458833,S3-998991736
S1-846229919	S2-29893281,S2-524262872,S3-917029031
S1-410823874	S3-382323666,S3-185249349
S1-73232958	
S1-893140194	S3-894660200,S2-37446080,S2-330421600
S1-116395211	
S1-760447270	S2-218304896,S3-203040259,S2-347467110,S2-578887548
S1-707948736	S2-826870800,S2-539873944,S2-765946951,S3-612647820
S1-444041480	S3-983239610,S3-538208447,S3-443379710,S3-615735447
S1-570830311	S3-82761046,S2-635541120,S3-148935520,S3-844257820
S1-79065489	S3-32417616,S2-919083229,S3-789018099
S1-985382580	
S1-702450691	S2-462511346,S2-569824895,S3-433825953
S1-548283963	
S1-483036850	S3-708127977,S3-987704309,S3-526299305
S1-301098965	S3-737864557,S3-394725520,S2-392816535
S1-691164660	
S1-7193030	S2-280934919,S3-636806303
S1-875885624	S2-638563428,S2-465154240,S3-924373630
S1-747342702	S3-789732702,S3-732431007,S2-261534464,S3-176406327
S1-299923500	S3-184668054,S3-702664884,S2-712610055
S1-991442524	S2-174576109,S2-696637208,S3-63972393
S1-316760562	S2-942154407,S2-990801787,S2-820492052
S1-541682653	
S1-717795855	S2-888896699,S3-805409553
S1-845842389	S2-791816648,S2-615065408,S2-109378268,S3-322814400
S1-100079405	
S1-627158124	S2-183531133
S1-410651055	
S1-813510935	
S1-931092116	S3-301205048,S2-18893232
S1-734679494	
S1-871506758	S3-490034451,S2-496396176,S2-264077184,S3-947727086
S1-12072560	S3-935679703,S3-631987576,S3-507422487,S2-22693351
S1-798902583	S2-715656207,S3-235906903
S1-183627470	S3-77297333,S2-271917415,S2-805171069,S2-327644238
S1-594431917	S3-129199265,S2-918777931,S2-583451573
S1-594773242	
S1-784808861	S2-721996982,S2-583901799,S2-424080568,S3-133833408
S1-306311823	
S1-918811727	
S1-484516170	S3-167077329,S2-485642441
S1-946519101	S2-621215813,S3-814726559,S2-277212950
S1-319904160	
S1-469214096	
S1-957340511	S2-971669168,S2-326291497,S2-363608755,S3-603047654
S1-368162342	S2-810654226,S3-712275850,S2-575355629
S1-439883231	S3-667546875,S2-179671836,S2-495697628,S2-959509457
S1-942934413	
S1-680188201	S3-638545335,S2-281787771
S1-4607341	
S1-924855608	
S1-975457250	S3-482732054,S2-405489544
S1-577121942	
S1-462667335	S3-670560519,S3-83411845
S1-262369378	
S1-456674495	S2-29314901,S3-923835225,S3-390726508
S1-146318542	S2-48478004,S3-184377232,S3-972593412
S1-525967765	
S1-989322515	S2-321643073,S3-277963550,S2-948680233
S1-95410051	S2-883514564,S2-691223458,S2-781808716,S3-830046531
S1-8343015	
S1-637021849	S3-521219207
S1-987943243	
S1-398961383	
S1-575728332	S3-332504888,S3-677452979,S3-145298452
S1-700408112	S2-906102362,S3-798931087,S3-723920328,S3-661575538
S1-77906770	S2-673804636,S3-951944127
S1-980743935	
S1-924606802	S3-891010611
S1-504375253	
S1-980780163	
S1-826699142	S3-12248474
S1-722969750	
S1-765490751	S2-557571239,S3-54050948
S1-694384078	S3-655161492,S3-599114883
S1-183687178	
S1-181865092	
S1-877361254	
S1-882630528	S3-672957728,S3-246532744,S2-654554432,S3-784062921
S1-848334076	
S1-307217895	S3-534725524,S3-201466768
S1-129770998	
S1-872331171	S2-198433545
S1-627795613	S3-957423735
S1-529336921	
S1-279526608	S2-720665032,S2-826691237,S3-644639513,S2-944487248
S1-348837968	S3-276713366
S1-28833525	S2-1929181,S3-690993789,S3-517135062,S3-339320351
S1-579941630	
S1-769431700	
S1-664452226	
S1-308424092	S3-758311442
S1-358892795	S2-296997280,S3-82306124,S3-867886131,S2-50924293
S1-286329978	
S1-397865542	
S1-31493401	
S1-436295286	S3-483521291,S3-404801066,S3-931958584,S2-965683902
S1-492206004	
S1-133091160	
S1-477103921	S2-700131243,S2-658373926
S1-756537182	
S1-329525901	S3-42848380
S1-251868892	
S1-613797926	
S1-54453360	S3-884763952
S1-397397325	
S1-476145864	S3-367656643,S2-619755567,S3-908736513
S1-691020173	S3-263063153
S1-546162331	S2-476743435,S2-227436250
S1-626177811	
S1-789916460	
S1-278310330	
S1-943552885	
S1-107081415	
S1-369123267	
S1-508300539	S3-885177498,S3-61452147,S2-960396649
S1-443508045	S2-450386562,S2-603844184,S2-10522429,S3-551683319
S1-173485676	
S1-336776141	S3-642136528,S3-939491969,S3-916860316,S3-606158446
S1-431666861	S3-749206055,S3-554919838,S2-157612107,S2-26307043
S1-978613100	
S1-932844733	
S1-290058635	S2-250198618,S3-23976565
S1-931574959	
S1-710105333	
S1-624412250	
S1-858049178	S2-835355875,S3-108267210
S1-488392988	S2-6085361,S2-237362764,S3-678120507,S3-936492113
S1-182993744	
S1-862372529	S3-774352741,S3-632962195,S2-96527893,S3-564617196
S1-721364458	
S1-642216029	
S1-997180485	
S1-35312920	
S1-406348658	S2-658902470,S3-327612219,S2-52369046
S1-842408280	
S1-130029616	S3-485809441,S2-228392117
S1-200968667	S3-326316687
S1-793216799	
S1-758524926	S2-855214470
S1-478322670	S2-501663931,S3-964726133,S2-92768210
S1-390296302	
S1-693492176	S3-369239365
S1-357925155	
S1-845886317	S2-544491102,S3-93028566,S2-831863965
S1-240244988	S3-497941042,S3-135343501,S3-191186464
S1-196225829	
S1-883980873	
S1-589147168	S3-341220494,S2-504681912,S2-633364124,S2-604758729
S1-515430671	
S1-552864983	
S1-913488710	
S1-837794888	S3-225282532,S3-321106672,S2-182796473
S1-366926393	S3-812611095
S1-759754516	
S1-558045794	S2-645392297,S2-180549185,S3-630962190
S1-857734839	
S1-584985582	S3-720325992
S1-577145110	S2-683864759,S2-908613090,S3-688571755
S1-848151086	S3-315259187,S3-236251770
S1-470628984	S3-231314917,S2-534397470
S1-469764828	
S1-860726471	S3-978350476,S3-353512064,S2-503546076,S2-921551490
S1-669587375	
S1-283090155	S2-823429511,S3-647430306,S3-978013937,S2-103360932
S1-133697718	S2-619485390,S2-24463369,S2-14372278,S2-353240274
S1-372785216	S2-809792937
S1-783558249	S2-950692328
S1-658396121	S2-192628241
S1-638272353	S3-800135081,S2-27596558
S1-669113519	S3-895421935,S2-663750878,S2-503452269,S2-331825211
S1-619915409	S3-338944589,S3-134247435
S1-8818860	S2-73299849,S3-429953566,S2-727992730
S1-753164258	S3-216134876
S1-349209228	S3-65980703
S1-98440410	S3-609623229,S2-801532736
S1-522808401	S3-950798860,S3-996703602,S3-477569408,S2-285446463
S1-285089694	S2-653433850,S2-420699803,S3-91335503,S3-818762253
S1-712968015	S2-747695829,S2-797455962,S2-157609003,S2-775202930
S1-673361777	
S1-719572188	S2-512063938,S2-890786884,S3-596912735,S3-131813374
S1-193191606	
S1-533121630	S2-806329250,S3-99564865,S3-521251058,S2-74560369
S1-127742111	S2-131876358,S3-28920315
S1-640737751	
S1-940815212	S2-144882405
S1-362736692	S3-185581573,S3-68767168
S1-95623873	S2-291274693,S3-498612405
S1-186687500	
S1-763737230	
S1-474388698	
S1-723966324	S3-683743531,S3-803657050
S1-39506941	S3-951659178,S3-264877885,S3-745242063,S2-165967413
S1-830941193	S2-855010097,S3-838540188,S3-302303737
S1-800460558	
S1-341257814	
S1-668759233	S3-493112855,S2-650918283,S2-953367122,S2-447884948
S1-736989503	S3-285841501
S1-236026657	S2-385144518,S3-81260431,S2-964934832,S3-920991448
S1-612349185	
S1-254722668	S3-813153539
S1-899959975	
S1-756262362	S2-904860392
S1-195127332	S2-52567631,S3-749936171,S3-257962510,S3-366895693
S1-156157364	S2-901286769,S3-471736729
S1-577332401	
S1-429515326	
S1-728012300	
S1-621555967	S3-503571994,S3-835858556,S3-367535719
S1-26016299	
S1-801136758	
S1-923180976	
S1-889197565	S2-835306440,S2-393066094,S3-548727334,S2-995179887
S1-213153340	S3-811782722,S3-132033656,S3-670559378,S2-297883180
S1-551870232	S2-47897500,S2-630447677,S3-896455116,S3-621750030
S1-221212214	S2-578220776,S2-186308719
S1-674871962	
S1-928387252	S3-9585562,S3-125427513,S2-485366867
S1-12973176	S2-864147280,S3-709807297,S3-198675200
S1-748641681	S3-528990005
S1-223361624	S2-58909974,S3-299750818,S3-506633838,S3-103138164
S1-819531963	S2-881366470,S3-777720379
S1-233585553	
S1-11000272	
S1-571678562	
S1-634174165	S2-250098073
S1-9406969	S2-334933312,S3-482126564
S1-503424572	S2-227910001,S3-985888700,S2-683479030
S1-770445312	S2-751537867,S3-103157217,S3-597531909
S1-712751062	
S1-76775509	S2-475624189
S1-304479833	S2-807457288,S2-565368268,S2-410890102,S3-750232685
S1-819975593	
S1-305762111	S3-941778068,S2-163326910,S2-858135247,S2-807039293
S1-306136262	S2-936450901,S3-886602135,S2-476016448
S1-780830878	S3-707129857,S3-90956146,S2-518953921,S3-405129079
S1-217475249	
S1-165388135	
S1-441437964	
S1-582527945	
S1-326678390	S3-396860386
S1-852720336	
S1-302955269	S2-356468458
S1-68923248	S2-120454012,S3-39654312,S3-634957913
S1-109411483	
S1-331488291	
S1-593048171	
S1-384025805	
S1-369487550	S2-236667610
S1-587409724	S3-787148053
S1-400198734	
S1-600241061	S2-295001729
S1-115281404	S2-671173836,S2-997199007
S1-447321167	S2-779000032,S3-310075985
S1-553631317	S2-723431314,S3-4451744
S1-925068372	S2-805174556,S2-7695857
S1-646595245	S2-826285939,S3-329607888,S3-936279432
S1-483710623	S2-408970721,S3-176406327
S1-213704718	
S1-681231238	
S1-506822401	S2-832941265
S1-224137565	
S1-786411350	S2-480594676,S3-550969924,S3-660303602,S2-529340014
S1-144738357	S2-336897112
S1-521582527	
S1-929824024	
S1-890752907	S3-697372865,S3-897307597,S3-327793608,S2-99544570
S1-289612710	S3-765504707,S2-27081840,S3-946082619,S2-970380984
S1-96031426	S3-591771603,S2-741734454,S3-105552946,S2-697825394
S1-369383932	
S1-801063719	S3-737198846,S2-684133471
S1-370599271	S3-75777182
S1-630914539	S2-792154115,S3-763460857,S2-205219845
S1-259008362	
S1-304600969	
S1-126359537	S3-157083681,S3-861457619,S2-6138935,S2-474395964
S1-46400581	
S1-277188852	
S1-336475554	S3-924858962,S2-661462795
S1-910305701	S2-805245612
S1-610782834	S2-65897865,S3-21374670,S2-5876629
S1-66324418	
S1-515144820	
S1-908557277	
S1-961510744	S2-574841594,S2-462217519,S3-362456709
S1-149848430	S3-788362269
S1-161757905	
S1-744518952	
S1-699103512	S2-661925125,S3-110550213
S1-613580835	
S1-386326749	S3-983350132
S1-833400965	S2-89718932,S2-659967162,S2-210929485,S3-774965499
S1-177490360	S2-893467600,S3-469602574,S3-819078755
S1-29317661	S2-200192781,S2-304370340,S2-138502525,S3-257967519
S1-23134246	
S1-646748440	
S1-755450942	S2-177729989,S2-976549792,S3-464540990
S1-925956962	
S1-699829372	S3-772522837,S3-55173442,S2-282404024
S1-673434313	S2-536211419,S2-972965379,S3-337614042,S2-879655606
S1-442895759	S3-921795391,S3-864214649,S3-655206875,S2-235517558
S1-590673262	S3-60702267,S3-594785814,S2-449565529
S1-272784533	S2-72548056,S2-920033130,S2-788008345,S2-21707838
S1-67408243	
S1-447240047	S2-668023113,S3-761268798
S1-937014649	
S1-517896731	S3-866835027
S1-233044785	S2-801806818,S2-615665164,S2-143820584
S1-767100401	
S1-379697300	S3-374863411,S3-420747259,S2-611345642
S1-103321107	S2-52925667,S3-206450616,S2-624762365,S2-917881869
S1-950736750	S3-626797334,S3-361979244
S1-663973341	S2-806450322,S3-513962707,S2-584125820
S1-660280078	S3-866738583,S3-741292726
S1-529394799	S3-315070808,S2-913460540,S3-642175924,S3-859105565
S1-690145510	
S1-770156374	S3-428000348,S2-853523008,S2-255286862
S1-49461065	
S1-305762927	S3-87963941,S3-104173958,S3-176106759,S2-894577221
S1-544982723	S3-539826750,S2-139244174,S3-852962044
S1-156566302	
S1-791709108	S2-765023649,S2-152979749,S3-234031437
S1-227515969	
S1-636284528	
S1-647643825	S2-668798556,S2-366936927,S3-881436457
S1-818227587	
S1-303977792	
S1-872663154	
S1-263292644	S2-101597296,S2-12559256,S2-83707005,S2-105925545
S1-669587047	S3-59732427,S3-210182207,S2-90062026
S1-534736976	
S1-35945946	
S1-231013512	S3-743867881,S3-10996783
S1-579328060	S3-699957031,S2-401873477,S2-785750437,S3-845045548
S1-490500488	S2-15782194,S3-89181394,S3-949939107
S1-618041183	
S1-611459370	
S1-528738406	S3-584155472,S2-326018417
S1-513079072	
S1-929561232	
S1-245175754	
S1-340873008	S3-889705328
S1-957379098	S2-769982712
S1-568463688	
S1-933503172	S3-203452448
S1-762565206	S3-595607733
S1-537025427	S3-913968898,S2-573031002,S2-129425833,S3-519095364
S1-10370334	
S1-219139513	S3-581885700,S3-807340251
S1-23645222	S2-711418824,S3-341509126,S3-531293673
S1-491348293	S2-955986253,S3-520445448,S3-110250857,S2-10581716
S1-828720439	S3-433999013,S2-997448128
S1-46404263	
S1-661784622	S3-900410116
S1-595472999	S3-974057825,S3-831296679,S3-803886936,S3-313591954
S1-85413496	
S1-911650703	S3-223908200,S2-84193273,S2-12825782,S3-42758064
S1-738789594	
S1-528928316	S2-104452339,S2-883949699,S3-984069185,S3-399070991
S1-21709763	
S1-314807175	
S1-451995489	
S1-800003346	S2-162932297,S3-208765453,S2-89562127
S1-497232720	S2-750452548
S1-283712818	S3-961696056,S2-312304661
S1-966751451	S2-967404255,S3-167538648
S1-956298524	S3-829528469
S1-879427032	S3-67499746,S2-673288403,S2-430371234
S1-892091517	
S1-817377301	S2-706817814,S2-192545710,S3-305379616,S2-891311383
S1-981047309	
S1-149657579	
S1-810190021	S2-916250039,S2-736367058,S2-635589303,S2-459837944
S1-255056154	S2-749686852,S3-387098935,S3-915678304
S1-49734826	
S1-546827425	
S1-629916342	S2-260068611,S2-207796609,S2-262960571,S3-32042983
S1-301903982	
S1-508807391	
S1-869453657	
S1-481628273	
S1-436568277	S3-681602633,S3-543062539,S2-140422610
S1-943250672	S3-24496467,S2-662417099
S1-259756077	S3-737431251,S2-953678024,S2-858247996,S2-761927960
S1-298896613	
S1-479725872	S2-562249823,S3-208766207
S1-15352613	S3-371044112,S2-734973464
S1-37145844	S3-158875902,S2-729598113,S2-198844040
S1-608423827	
S1-250011103	S3-993490617,S2-706175936
S1-46722355	
S1-265211272	
S1-34289242	S2-189623120,S3-762474814
S1-759061617	
S1-425565093	S3-449754425,S3-881068590,S3-667204330,S2-155357371
S1-791428253	S2-844972810,S3-234038465
S1-711598381	S2-347698180,S3-586564246,S3-773633116
S1-871957408	
S1-145274169	S2-303636295,S3-62198172,S3-210790208,S2-747463991
S1-516625391	S2-935113820,S3-96177494,S2-917446039,S3-575851627
S1-395777766	S2-477346384,S2-112477060,S3-824296794,S3-979976579
S1-74337028	
S1-601240160	S3-215094789,S2-357210198
S1-448973237	
S1-220456057	S3-598873358,S2-3612577,S3-365158744
S1-697268597	
S1-725881073	
S1-843537781	S3-371988924,S3-608811182
S1-554649847	S2-258760982,S2-778757703,S2-767046938,S3-44479427
S1-839789147	S3-143944304,S3-933427155,S3-554122838,S2-293000220
S1-172170351	S2-623125357,S3-825518563
S1-809998330	S3-481976834
S1-826288271	S2-569154411,S3-257570159,S2-947070176,S2-560198731
S1-949581678	S2-846191560,S3-36960496
S1-63531803	S3-476259246,S3-214481173,S2-927399618,S3-528325313
S1-476376035	S3-160484989,S3-23250941,S2-904495417,S2-296417481
S1-725013701	S2-579541443,S2-288086111,S3-705862369,S2-885194174
S1-604866284	
S1-798397169	
S1-798336355	
S1-774644879	S3-968891649,S3-228468506,S3-204331930
S1-157419689	S2-490186881,S3-367911213
S1-43590664	S3-593965719,S2-90294929,S3-434148096,S3-692405502
S1-141528414	
S1-247243255	
S1-118227480	
S1-241518262	S2-525346125,S3-977751545
S1-542800628	S3-436129634
S1-443895340	
S1-156310861	
S1-43154095	
S1-526750967	S3-353501871,S2-421872641,S3-402752426,S3-42301724
S1-50336007	S2-68798298,S2-508119851,S3-724354156
S1-476978643	
S1-414455592	
S1-449299288	
S1-933839245	S2-152857046,S3-576448748,S2-871883467,S2-246862392
S1-819273275	S3-359821360,S3-431741963,S2-63419095,S2-571909041
S1-197393328	S3-29498138
S1-61993687	S2-426856954,S3-539480936,S3-146845545
S1-964208698	
S1-570978223	
S1-734726573	S3-517440719,S3-121342581,S2-907001563
S1-443860148	S2-354888914,S2-549746566,S2-117985921,S2-803724401
S1-718053012	S3-690151407,S3-256483259,S2-679628134
S1-400205551	S2-501744233,S3-720062002
S1-351591969	
S1-11968377	S2-383456474,S3-418002547,S3-301524955,S2-971658057
S1-24162610	S2-66882263
S1-172496315	
S1-812707982	
S1-314663841	S2-201629495,S3-531941271,S2-58694689
S1-28263645	
S1-776764944	
S1-481775047	S3-799327193,S3-338429329,S2-46291609,S2-587721248
S1-601015727	S3-479544344,S3-569275311,S3-17220409,S2-682160082
S1-680051492	
S1-766167313	
S1-781851921	S3-869801955,S3-573216324,S3-364558295,S2-546904890
S1-639824480	S2-761235923,S2-662945835
S1-700514509	
S1-857110375	S3-859366877
S1-116510273	S3-42624285,S2-825716354,S3-138271528,S3-444842732
S1-988456765	S3-923659072
S1-690726722	
S1-731062585	
S1-23895551	S2-857631457,S2-134374219
S1-275202372	S2-661105873,S3-198009453
S1-262337360	S2-796484605
S1-355754496	S2-760397294,S3-239825666
S1-580488886	S3-975362209
S1-9516227	
S1-918786571	
S1-429475937	
S1-813378894	S2-757392494,S3-673421928,S3-229914779
S1-984223571	
S1-125801374	
S1-660247068	S2-211181952,S3-469634798
S1-388234254	
S1-976739153	S2-43399576,S3-448937032,S3-938536310
S1-988584907	
S1-455493029	S3-127308639
S1-666225776	
S1-690741943	S2-465671224
S1-745219247	
S1-736351043	
S1-587616155	
S1-371131805	
S1-344115444	S2-834739543,S3-219573529,S3-535730821
S1-629704751	
S1-466187638	
S1-29172690	S3-848550975,S2-109493392,S2-564402922
S1-838848326	
S1-673747055	
S1-611503195	
S1-774296862	S3-634102164,S2-221893583,S2-720135791
S1-304561517	S2-558780340,S3-427754006,S3-794321415,S3-229729254
S1-272495300	S2-218313304
S1-263106646	S3-615076634,S2-338548562,S3-232990765,S3-620317621
S1-327109718	S3-933794732,S3-764849412
S1-417888724	S2-227971392,S3-516469003
S1-392619447	
S1-820146071	S3-697070472,S3-286272832
S1-965132054	S3-577524958,S2-487467087,S3-882677866,S3-658104465
S1-328790389	
S1-325334156	S2-402697569,S3-690183518,S3-25813772
S1-73181148	
S1-311584179	
S1-649421997	S3-978012378,S3-678592115,S2-136478117
S1-945067880	
S1-787770586	
S1-227947814	S3-594837402,S2-421899117
S1-798355389	S2-924403387,S3-607648964,S2-16561552,S3-521462060
S1-287346900	S2-7490257,S3-733561782
S1-186988028	S3-137940529,S3-747488015,S3-756076667,S2-330066992
S1-691594494	
S1-584977452	S2-945949355,S2-768619273,S2-230269056,S3-199976141
S1-453131890	S3-19248092
S1-478173615	S3-806267510,S2-955410460
S1-312455357	
S1-695933066	
S1-917688015	S2-118644964,S3-633243555
S1-166498736	
S1-584092509	S3-211795476,S3-154534577,S3-726959104
S1-21553920	S2-23161621
S1-301628639	S3-455490886,S2-669883057,S3-763319626,S3-253438654
S1-988374106	S2-732446839,S3-125666655
S1-296913190	S2-278210229,S3-512703458,S2-738940567
S1-32293930	
S1-71388473	S3-227086421,S2-846724617,S2-127861027
S1-78393312	S3-19129766,S3-448462368,S2-687635051,S2-974873114
S1-675334975	
S1-310198482	S3-583821319,S3-20135973,S2-404903317,S2-675315453
S1-139464063	S2-164190611,S2-271383442,S3-117071366,S2-860208799
S1-924433615	
S1-841525707	S3-590499162
S1-546299906	
S1-232793271	
S1-933009631	
S1-585060036	S3-440765885,S2-907506216
S1-235836050	
S1-985053990	S3-387142587,S3-202375368,S2-648102143,S2-72843749
S1-757330751	S2-58629787,S2-478575986,S2-642143993
S1-224355626	S2-665557304,S2-834892688,S2-828866160
S1-124555314	
S1-467492950	S3-503720018,S3-575354970,S3-48433849
S1-711014366	S3-971008710
S1-367806232	
S1-943829065	
S1-18627131	
S1-877415781	
S1-311339782	S2-198063152,S3-517594508
S1-507402952	
S1-554954012	S2-456276000
S1-961369956	
S1-553150887	S2-938415624,S2-181153213,S3-737880173,S2-521284906
S1-64316486	S3-839441570,S3-579257938
S1-138786009	S2-949554805,S3-724772690,S3-680102654,S2-931798453
S1-653019912	S3-682716488,S2-792740573,S2-208711976
S1-411400984	S2-784682472,S2-274928471,S3-313963586,S3-254960161
S1-695951590	S3-646229088,S3-941530863,S3-720578765,S2-378676552
S1-289577086	
S1-216632660	S3-670224795,S3-100587676,S3-381169574,S2-294764
S1-386763340	S2-889005162,S3-826539705
S1-955694909	
S1-879471120	
S1-898667903	S2-510928850,S3-711918881
S1-928160609	S3-879564698,S3-780619126,S2-915543706
S1-680681175	S3-644512444,S3-114251798
S1-896263848	S2-290349163,S3-814257621
S1-19338544	
S1-792846665	
S1-464489581	
S1-264947936	
S1-225310065	
S1-371275943	S2-617352244,S3-14754089
S1-257453156	S3-484305914,S3-805487867,S2-156280277
S1-196692460	S3-483736577,S3-307603223,S3-296083105
S1-769813689	
S1-873514362	S3-462627523,S2-325064145
S1-791079110	S3-743066363,S2-182104773,S3-160275308
S1-234157031	S3-557864840,S2-604408621,S2-214642616,S3-957790609
